0.25,0.25,0.25,0.25,0.25,0.25,0.25
0.24999999999957,0.249999999999369,0.249999999999025,0.249999999998909,0.249999999998841,0.249999999998931,0.249999999999164
0.24575064681156,0.242836051105856,0.240224304258797,0.238056537252855,0.236570079300637,0.236317639284386,0.239582093114932
0.237950124369483,0.229190644928048,0.221207594474837,0.214352596321017,0.209188300194661,0.206937540461541,0.212205705716357
0.227797420815101,0.210253885412514,0.193932936612139,0.179352495055847,0.167252832789856,0.158960371593734,0.157907199196306
0.216572601121296,0.187314274534102,0.159547376007277,0.133835617239618,0.110804728303574,0.0909451370977062,0.0714879714705716
0.204981083843857,0.161086190472333,0.118810206281859,0.0787398100907595,0.0413550643889861,0.00627470172695108,-0.0346321715421169
0.192505234114798,0.13109473756392,0.0716576720977118,0.015197588626432,-0.0370496051801578,-0.0836809188630947,-0.123908210906998
0.177416712083173,0.0958662124230356,0.0176858363252967,-0.0545932749995542,-0.116773137996711,-0.160138768175048,-0.152052181443904
0.157628445156954,0.0540153317561237,-0.0425685743405545,-0.126326885843783,-0.187300324920299,-0.203857743726442,-0.0967561525540595
0.131580623371586,0.00524374889394053,-0.106832073887514,-0.193914725755987,-0.238380812425366,-0.203214701039756,0.0291197577294737
0.0986692687502139,-0.0493352424509123,-0.171398664857863,-0.251130026433003,-0.263040730215991,-0.156379920552146,0.186105051453384
0.0593515959091584,-0.107418303994484,-0.232091844654794,-0.293159987845657,-0.258363021069143,-0.0689859467487893,0.325483498185228
0.0150208143569619,-0.166060964352418,-0.285219735587982,-0.317210058839462,-0.224797920253068,0.0480708964502637,0.406014415528737
-0.0323295380167744,-0.222305541502211,-0.328083157187665,-0.322249236238056,-0.165201471835545,0.180335168057446,0.40353648759649
-0.0805162326724662,-0.273621626574345,-0.358963799258592,-0.308352637852669,-0.0839434378825396,0.312383239929545,0.311504039602647
-0.12750857359946,-0.318070413251221,-0.376826255667443,-0.276101841668176,0.0137890134720601,0.430491914892963,0.137197250252137
-0.171639089726266,-0.354263466051659,-0.380986999060838,-0.226272680775481,0.122387083698575,0.52341235222596,-0.10116489707912
-0.211658633030975,-0.38120936104666,-0.370883798046923,-0.159852514281092,0.235816883250081,0.580886943706294,-0.374598769658142
-0.246648112074879,-0.398124457832199,-0.346005980146001,-0.0783698290496839,0.347248291392628,0.591804272114217,-0.643296491965889
-0.275849341298785,-0.404266489042922,-0.306003224071336,0.0155547226025653,0.448672280180381,0.544527808003973,-0.86049960945219
-0.298503349097284,-0.398851193452919,-0.250994805133715,0.117616878988293,0.530976682669144,0.430705829526901,-0.979492903120839
-0.313778501732636,-0.381138673550651,-0.182080632213032,0.221581572158156,0.584751735744934,0.251344329464633,-0.96008838097726
-0.320834665664389,-0.350711359010048,-0.1017802451041,0.319924697972346,0.601595375861855,0.0201374790656493,-0.776664499663154
-0.318963761918653,-0.307726350319377,-0.0137893405909277,0.405443594198059,0.575378708640078,-0.241127749758852,-0.431274673222737
-0.307666153185476,-0.252817611919782,0.0781863980132868,0.473047994399607,0.503183218560748,-0.510221200682008,0.0303580288032735
-0.286764596850192,-0.186946957721061,0.171347087941233,0.520229054550089,0.385295210323083,-0.764207831700841,0.512889461923567
-0.25673621313157,-0.11185891144185,0.26302105319169,0.54517917837069,0.223941567065559,-0.973421374999571,0.90695706618152
-0.218822736294046,-0.0305083058973293,0.349465778164054,0.544927333501907,0.0251410023401273,-1.10027975091055,1.14342226200982
-0.174817091199704,0.053236398356718,0.426156566818548,0.516709405675603,-0.194526055001805,-1.11197945882773,1.2010780065136
-0.126900328667502,0.135194162386781,0.488823394213688,0.460603322239904,-0.408975796808457,-1.00088402834035,1.08264197461627
-0.0774743488272906,0.211483205306553,0.534217692972194,0.380316734867569,-0.595743706584791,-0.786453760902139,0.802647893250811
-0.0288716703310948,0.279019883971247,0.560355664136286,0.281186394716965,-0.74579820649379,-0.496006213355892,0.400253572895339
0.0169132776913143,0.33570852826398,0.566255304982084,0.167058493829971,-0.86201779386881,-0.148688794880088,-0.044246103463238
0.0584839984703078,0.380481180106479,0.551767297143221,0.0396927277044485,-0.9511840207973,0.243870994701399,-0.422688903425663
0.0951962412169348,0.413142345782224,0.517439874633052,-0.0993940603553492,-1.01565774703517,0.663830875593765,-0.637847999044894
0.127050252314802,0.434032623203621,0.464168242313168,-0.247822331086889,-1.04960450619419,1.07187340663252,-0.640651576269605
0.15445418016463,0.443800494412267,0.393008902825275,-0.402333230819129,-1.03920271442771,1.41816517193757,-0.465078334470422
0.177875921813067,0.443234146067883,0.305420304908463,-0.558232206817325,-0.964709258314323,1.67187341610821,-0.225382666261229
0.197177896250969,0.432694598245273,0.203596097457651,-0.708337176969818,-0.810131282610351,1.82179902409319,-0.0440626621789994
0.211301874648859,0.411836622378525,0.0914689935079705,-0.841685866139134,-0.5808368555793,1.85858945217109,0.0118015541656793
0.2190459475528,0.380867462415963,-0.0236234553854893,-0.944608451555897,-0.310839720643241,1.77530995185725,-0.0699303045633831
0.220175885814333,0.342020593765206,-0.131641441855071,-1.00581638628726,-0.0417796407562626,1.57211700890953,-0.259853124945304
0.215462879941302,0.298916530182495,-0.223862206216644,-1.02125967366478,0.203398429503493,1.24673472425375,-0.483711703761499
0.205569022225933,0.25419273828171,-0.296754451162229,-0.994666783878891,0.421291650274526,0.795526115865407,-0.615753104565257
0.190180550529902,0.208032413774835,-0.352331265739192,-0.933826711530486,0.615896660180277,0.246672912516326,-0.521857392800652
0.168209764203132,0.158713973079763,-0.395458773262268,-0.845417668723445,0.792492936448407,-0.332555552753722,-0.175620074359431
0.138762730898814,0.104391925919618,-0.430302004302011,-0.729859416364817,0.95983925960322,-0.888066672489598,0.284316011419144
0.101942803511983,0.0444130292632624,-0.458630727670039,-0.580191524796983,1.1291051992068,-1.39082938345727,0.661019172304783
0.0589396716849026,-0.0204534566193861,-0.480285603532853,-0.386852944740904,1.30141899566719,-1.80644509986355,0.850318433397545
0.0118359896462951,-0.0878941467287006,-0.493086737629247,-0.144315276512057,1.4532829016161,-2.0920973453675,0.869930710477497
-0.0367623170521558,-0.154486007424923,-0.493691362788296,0.137536940009576,1.53568441184499,-2.22209798048563,0.798852481267122
-0.084278265353059,-0.216717561297332,-0.480000614957197,0.425892984966502,1.50854896018349,-2.19567446706158,0.706094844246672
-0.12823909830779,-0.271351837299206,-0.452542469150983,0.680755402914041,1.37923696931247,-2.02694591536745,0.611882790775334
-0.166422700605436,-0.315781588900565,-0.4146744393194,0.87919091822085,1.1882719471268,-1.73833732395786,0.494324591160954
-0.197105886641744,-0.348401347845746,-0.371113572220841,1.01925327206044,0.969458514325333,-1.35715399027916,0.326069443498802
-0.21896025585973,-0.36838323386262,-0.325417508389578,1.10965267903081,0.735569907692417,-0.912858871327943,0.109826220610759
-0.230963975012385,-0.375308914491799,-0.278826401919358,1.16099290943215,0.485022121863623,-0.435346439736044,-0.110027874307686
-0.232471152733767,-0.368943166281076,-0.230575341360959,1.18220860451156,0.210084878377442,0.0431583916897593,-0.269610009248677
-0.223321399344733,-0.349213310035117,-0.178758636967044,1.17984606720773,-0.0987014335900116,0.485462229210626,-0.327823959838252
-0.203896682839851,-0.31641760275243,-0.121438162013046,1.15771988906505,-0.449647648338375,0.85247398086061,-0.29420508730896
-0.175034870584023,-0.271415235543033,-0.0576633935654331,1.11612369599174,-0.842436365110122,1.10792051044811,-0.223743785426079
-0.137950974616979,-0.215712603691052,0.0119236669428043,1.05096914451702,-1.25176246172534,1.22088260830718,-0.186435241511017
-0.0944417805053922,-0.151639950323595,0.0849656639641488,0.954106234574686,-1.62004833786734,1.17949721551361,-0.220354907882334
-0.0474610981447494,-0.0828844051469846,0.157206033300363,0.815834555530289,-1.89096000787411,1.01423620726249,-0.286299671721773
-0.000803851969648365,-0.0141295409319433,0.223276970827952,0.631748204203915,-2.04900637170224,0.793421029574985,-0.296724054894915
0.0431048696769896,0.051419376405126,0.279552049725238,0.410681994041294,-2.10928884033925,0.579630397059909,-0.211157240211228
0.0836401090041422,0.112342086379747,0.324540947056616,0.173322159569362,-2.09054625631387,0.403391155216337,-0.0494171625961069
0.120588018930729,0.167372807122309,0.357648303125774,-0.0567360376862458,-2.00638717634763,0.271033683822838,0.148504138869925
0.153137928529918,0.214497517414574,0.378676275909396,-0.261352757421237,-1.8655734516526,0.179401510847253,0.34507317752351
0.179744730371977,0.251178372995933,0.387882130643543,-0.431369395692238,-1.67311893186489,0.124719646356036,0.506173292616257
0.198546817686749,0.275121266163703,0.385990149952788,-0.565542152745551,-1.43145699026512,0.105362655582086,0.594688359074821
0.207908018010403,0.28493395463579,0.373999212033193,-0.667245925149906,-1.14207844223385,0.120427774662695,0.56894308216486
0.206827185015615,0.280344586349751,0.352954038190082,-0.741200477795628,-0.806910624431915,0.166231749412638,0.39429573838721
0.19518511845959,0.262025139910187,0.323713460967173,-0.791485634188346,-0.42865006627358,0.231952588791102,0.0770547705847627
0.174004236691979,0.231446480141302,0.286880046486015,-0.821034668164866,-0.0125699728836753,0.293659721895789,-0.286885004000939
0.145781676683646,0.191247633490016,0.243631245737075,-0.831120820832395,0.426163387852226,0.31381538344386,-0.528921296596397
0.113992972930828,0.145031431042589,0.196289312375059,-0.82069175385257,0.85775636325142,0.260212946626965,-0.536410853398585
0.0817218878785821,0.0959526004442712,0.147017574033155,-0.787977913521134,1.25078081674425,0.127586427042139,-0.331069182920401
0.0509285791579767,0.0459341124711367,0.0968360645750442,-0.73204404350555,1.59126769141296,-0.0678767065627314,-0.0261941676881594
0.0224639326846424,-0.00417833767513417,0.0456798869264444,-0.653273642893657,1.88145563469431,-0.308476740222895,0.259214392744722
-0.00347292094616924,-0.0539297998435594,-0.00696392528911229,-0.554323158616964,2.12658455898066,-0.582971809058327,0.451361225477473
-0.0266859263608761,-0.102292306434865,-0.0608076872164095,-0.440572463652758,2.32867952703123,-0.882732708473575,0.519001363091061
-0.0466713594700928,-0.147213409731932,-0.113787400151088,-0.319137489626117,2.48644141908763,-1.19814688696807,0.457562369964487
-0.0626717057843618,-0.185925944548195,-0.162111385812067,-0.197377538283378,2.5935423200834,-1.52010576675583,0.285606241745939
-0.0741153706830855,-0.215991766978786,-0.201664942354626,-0.0824328469791783,2.63146908118156,-1.84230994416738,0.0529924084363904
-0.0813653290419243,-0.236703526248022,-0.230269298447318,0.0180632583488977,2.55670134829917,-2.15451781279867,-0.151107297557272
-0.0858706063681144,-0.249566035702018,-0.249086455861053,0.0960790651355819,2.29921923468083,-2.42135828410176,-0.207881854877323
-0.0882226834441493,-0.255830790340418,-0.259718534519322,0.148968807063173,1.82845734061018,-2.58162947820557,-0.0310316663288223
-0.0860304970645175,-0.253001773400132,-0.258720140061213,0.185510807257787,1.22348669906007,-2.58787311097758,0.35185643895669
-0.0778021442843865,-0.23944509707356,-0.244269169831927,0.211947872104164,0.629126926595091,-2.39917982934822,0.818000548986941
-0.0667551102425864,-0.220152573528308,-0.223826119796887,0.22601956386293,0.174809848623826,-1.98226747501163,1.15760606947665
-0.0563950399186304,-0.200514294483668,-0.204327650606919,0.228844001326807,-0.131870334006053,-1.3707083679586,1.12783926436262
-0.0490251258456984,-0.183156147018885,-0.187670686887733,0.2251954071676,-0.336788490362883,-0.677115774932365,0.6156701038361
-0.0459224422396931,-0.168444254537943,-0.172518503905937,0.219493942954349,-0.48116150843364,0.0419578872884122,-0.215793772204637
-0.0465137628736877,-0.154942546873878,-0.157084167696928,0.210168982931504,-0.609542405813178,0.797585425692758,-0.861405065678343
-0.0473360365243938,-0.137446967401803,-0.134249639040417,0.203018324827629,-0.744157989745804,1.51732751412086,-0.954205253428515
-0.0449152651527351,-0.110272161587637,-0.0947064967435818,0.209815875751007,-0.888033706663819,2.05464715422149,-0.599181965547707
-0.0381870178594088,-0.0710524336879551,-0.0329351821209848,0.239596699276821,-1.04130463469637,2.40615323520451,-0.105674722528203
-0.0286367547449607,-0.0220181229583644,0.0489475367292255,0.292380203754459,-1.18842696957831,2.6410948210044,0.323410533294522
-0.0182190430969962,0.0319711904927318,0.14101218262846,0.352749914995177,-1.28525610548195,2.79019869779278,0.624679144062843
-0.00748302722910387,0.0866198986852969,0.230868275106708,0.397309853907528,-1.28722532335524,2.85713971108211,0.823859223269359
0.00356860096050313,0.138274024494433,0.307439095540012,0.407585820194991,-1.18278750125596,2.84761513028823,0.981632916755391
0.0144963310037788,0.183511364506899,0.363035925858693,0.376505380775767,-0.984316655906686,2.7726275111122,1.15442054599565
0.0245723689398039,0.219834594827359,0.394575578113157,0.307391082317846,-0.718909343998621,2.64021943741722,1.38561811223562
0.0331288581278754,0.24618643469163,0.403091236544679,0.209588210175998,-0.431481302304786,2.44963402837067,1.70950682073507
0.0394637015831862,0.262653951449196,0.39245484624076,0.0962438969061132,-0.182513237246149,2.18608000943537,2.13409900948585
0.0430014051217277,0.270240786183289,0.368605916580508,-0.0157464219652847,-0.0117980218549295,1.80538721402596,2.60518569400054
0.0450662347798058,0.272333882344797,0.340324511408378,-0.10735283906392,0.101954383801918,1.24552254538784,3.06368231669396
0.0502153500616081,0.274779517487252,0.316033808794309,-0.168942213091768,0.191726839570495,0.530755780317947,3.66054478321937
0.0578241704458229,0.275238437484186,0.288898818015576,-0.220955734698492,0.240772084789034,-0.0276401307603313,4.6696518245256
0.061336870746844,0.265577636301153,0.246988050490216,-0.285968422373138,0.228387689488866,-0.395164717182777,6.13059160198681
0.0611279091608901,0.244491526862652,0.18787438614168,-0.359600747178636,0.190153268885105,-0.689531677766523,7.80477644782391
0.0618179158149243,0.219553169664275,0.121796426075454,-0.421850636185079,0.193582967190569,-0.965551022986668,9.00338010688441
0.0612435238260046,0.188300794357205,0.044182274331257,-0.481032014018757,0.228959522586114,-1.18684216417271,9.96325290962312
0.0587459704797307,0.151388090630645,-0.0404195566261107,-0.532060029734106,0.277577620774048,-1.26869744111363,10.857709732166
0.0529049942674521,0.109941531874308,-0.123601522504025,-0.568622352541334,0.317856924483349,-1.28934250703811,11.7811317124813
0.0404041385027992,0.0626092136724228,-0.203183240602485,-0.595278387991003,0.341103141501622,-1.26260002934639,12.8350059414746
0.0174071627318066,0.00715223750464754,-0.279897469280641,-0.60896307478994,0.367937943352749,-1.09652993867046,13.9167325523573
-0.012122763621909,-0.050730651246724,-0.347748008944706,-0.596036994314843,0.424978876141699,-0.641245673613699,14.5877343652663
-0.0453016939266314,-0.108301033977076,-0.406512806418166,-0.558551491748036,0.49337800853973,0.0339406985681522,14.648888513602
-0.0799460647365331,-0.162322909617262,-0.451362565508672,-0.486094327954774,0.563381345149936,0.589728797156554,14.1221348705276
-0.111497655681139,-0.208228225115388,-0.478184657847639,-0.374121543366495,0.639471676266484,0.948012631458849,13.2369585056861
-0.136889658083209,-0.241782404714749,-0.481677422556071,-0.226119395393124,0.713503404131164,1.18994468695634,12.1350529051763
-0.154703667302098,-0.260570753410932,-0.458701216084312,-0.0475947963830444,0.756140011130222,1.31620008818699,10.9904260069092
-0.167702901781683,-0.269154039287155,-0.417081318908859,0.148545399783819,0.725644737822767,1.23663583467435,10.0233134593306
-0.178572951253465,-0.272540070974192,-0.366826315238186,0.340877950037951,0.606805355103558,0.854023549380614,9.23252397691999
-0.18629662005861,-0.270160631864252,-0.311924999846329,0.505225883977613,0.446183215236951,0.427872313879095,8.52021654111914
-0.187493784519232,-0.258191244385461,-0.25228397408922,0.634721481392228,0.306049070733148,0.145476920390164,7.6646037935189
-0.177713750124985,-0.23152792126734,-0.183823575889216,0.741514101535828,0.202547318109846,-0.0210601944431436,6.4637575722173
-0.152664443075691,-0.185724870834243,-0.10380433860482,0.824015944741007,0.0674241533815891,-0.20716544278966,5.11692326177746
-0.121436615138955,-0.132652828875036,-0.0232458029247847,0.873066133488106,-0.187091454424177,-0.531828872255817,4.35280489288443
-0.0853940944119988,-0.0731420425919614,0.0608735653546154,0.894744049167039,-0.552008601757964,-0.871145421982335,4.04295963648001
-0.0459072422300371,-0.00943691777316149,0.145231798882112,0.87480191828555,-0.969550117043016,-0.980940799659872,3.95452379668859
-0.0049671315946809,0.0552061324943446,0.225391815464822,0.801141499625392,-1.35122171043338,-0.812830487297491,3.90895840243743
0.0355420254350892,0.117141753280951,0.295625115071475,0.675072584524691,-1.64221423798965,-0.428056507693469,3.91060908674472
0.0736088075322996,0.172287626878406,0.349555733911129,0.5173091834842,-1.83731508945874,0.0772819794077974,4.07260431598086
0.107774492770994,0.217837802896454,0.384188137309897,0.356508268886967,-1.95288425328322,0.552822138766856,4.51359187283641
0.135739383537774,0.250331209483188,0.396442371506852,0.206183326455791,-2.01506651166447,0.885500501817763,5.25875006426831
0.15344161216751,0.264216924909042,0.381319923111792,0.0630843253345524,-2.02432235299092,1.10233292279444,6.26995981594773
0.161663044584994,0.261477775061507,0.34543197566119,-0.0687667308248548,-1.91397552340025,1.30269391265793,7.2416037918877
0.165821824742163,0.251284713485311,0.30254841830114,-0.186440365221679,-1.60740273962465,1.53615167475019,7.87518405749463
0.165299955592305,0.234048593960302,0.253835326866233,-0.292646717163504,-1.08455956351175,1.68168607969224,8.16090822069652
0.158106435456809,0.207722629346935,0.198153760679445,-0.383521722315076,-0.462205428664078,1.52420201456742,8.2009785576898
0.146442610452693,0.176096738600626,0.1423652929469,-0.448371393607997,0.0582246787325284,1.07007453311798,7.98782160558957
0.133804967430485,0.144994380406427,0.0948915272378665,-0.481931350050719,0.426352957717186,0.595801979044769,7.33313310582717
0.124512499544254,0.12062402055396,0.0637749094123934,-0.479455803544417,0.707197315541007,0.22442416441295,6.22731158483687
0.120315497016758,0.102115128236683,0.0430920371256344,-0.455580632533908,0.942922399220178,-0.239387185388531,5.13763996827348
0.114761146884965,0.0784551244707086,0.0137616799724336,-0.438007867095109,1.16130957131918,-0.925596051290256,4.73651443238484
0.106655885776084,0.0479388824680327,-0.0271533205674746,-0.428975781854996,1.3816505782128,-1.61375358211366,5.05029275469172
0.0956969950853074,0.0104680347607447,-0.0802808780978637,-0.432536872884941,1.5748105025172,-2.14517301907198,5.84684817098127
0.0805065639543167,-0.0342270792210178,-0.144052921142132,-0.447917391819999,1.68640885536574,-2.55680618078354,6.90085870786287
0.0596659760565467,-0.0857027660490862,-0.21357008820509,-0.458161824829822,1.70240846836821,-2.88180836279767,7.97196564168791
0.0355334274748593,-0.139321683936371,-0.279937381878402,-0.439635413833878,1.59221020513772,-3.15011726163199,8.89009839372603
0.0101193122962175,-0.191552850601166,-0.338399644075,-0.390926585407044,1.34184036920037,-3.39748250514171,9.69854398992103
-0.0148142784950579,-0.237794075542042,-0.380961974693035,-0.318442838534028,1.04756210895545,-3.58735458404044,10.4843023516104
-0.0376073986330339,-0.274289101225254,-0.40237034570796,-0.233460942734754,0.748262665296262,-3.78415855178624,11.2850076266635
-0.056306996768565,-0.298942466516499,-0.402697420751051,-0.143804336234808,0.463190948730811,-4.02888029910863,12.0987162688263
-0.0693094942492871,-0.310808978085256,-0.383818864208869,-0.0504879969466442,0.205723760858664,-4.34204010599136,12.8551787523684
-0.076227587465848,-0.310596708379717,-0.349537956715474,0.0434850768815266,-0.00473903556998187,-4.75449329001665,13.4326748778825
-0.0770129656795863,-0.29923719132712,-0.303347309547324,0.134424716673569,-0.150885200285889,-5.29190996333857,13.6779641988428
-0.0717529995745555,-0.277098703533722,-0.24626249079132,0.223796156305446,-0.234514891286423,-5.8911789262611,13.4198480746592
-0.0619671048045528,-0.244736615043059,-0.177058160985207,0.317029420367416,-0.266018701859445,-6.42677878950656,12.5707609800035
-0.0559338398553594,-0.210824181542276,-0.10387614649377,0.404658263712269,-0.284852563787761,-6.91870640621404,11.7349121580062
-0.0557264362246806,-0.178803362019382,-0.0287660310951027,0.486105885312261,-0.325025927591982,-7.44044845120411,11.3551523175363
-0.0587221925225055,-0.1454574799132,0.0538035979664862,0.56878147608264,-0.380932375087727,-7.93069338172565,11.3365850322796
-0.0626365812954456,-0.108558065035513,0.144726455326038,0.64857753687492,-0.430166045686132,-8.32313171930334,11.5150578303761
-0.0648905838524892,-0.0665748600449873,0.239808694555356,0.708211197705664,-0.436584634154159,-8.61613892198385,11.74800566313
-0.0632246309116815,-0.0193045732706557,0.331211031812975,0.726594896212119,-0.375939937155177,-8.83085017808696,11.9736352918475
-0.0565173931018763,0.0317378640197191,0.411299580094026,0.693784201882471,-0.254739714072819,-8.9823375043547,12.1976771709132
-0.0451654448097699,0.0835739098089089,0.47519935213938,0.612879020269654,-0.0989971968599055,-9.07801165705696,12.4532843730924
-0.0309104419290943,0.132365599183231,0.520468319571841,0.493684818503744,0.0651952561457436,-9.11990502674392,12.7716004405149
-0.0161614749811128,0.174219563684644,0.545745069158024,0.348716428454113,0.218194208174876,-9.10077290978102,13.1674523401374
-0.00309719897617916,0.206139038508003,0.550438864318189,0.191820831802467,0.343834502907609,-8.99379313017089,13.6272878326823
0.00710557450838248,0.226981369239354,0.53588222974044,0.0363409103222805,0.430882985623807,-8.74036201296982,14.0782604118852
0.014048477394373,0.237328684646521,0.505815015324184,-0.10754588308239,0.478614554017359,-8.27690238511864,14.3447026338379
0.0172187010634288,0.2377392797602,0.463410188217137,-0.236665591494513,0.493529919901469,-7.6482611795884,14.184972388288
0.0177471622861488,0.230289366855614,0.412412338301258,-0.349190794156386,0.494482519400604,-7.00658672741022,13.4682070849433
0.0187955064680791,0.2190557489023,0.356903840759185,-0.445593756367246,0.492293319468513,-6.40320186125855,12.3576214140906
0.0216303352397538,0.20440069151753,0.291797181021195,-0.544280213044333,0.456369900461104,-5.78258509319498,11.3772765211891
0.0267729063550512,0.187197787383953,0.214876899554486,-0.654704582274132,0.366006411625639,-5.12304916592861,10.9083615109022
0.0344628182874443,0.169084083297316,0.129415866182549,-0.767280312381129,0.22240536182034,-4.56525270468036,10.9988947865923
0.0424359905661865,0.14834840352675,0.0369059886164402,-0.868206553355981,0.0251769779838722,-4.24786232627966,11.4484648412984
0.0482632980954504,0.123368235121831,-0.0586050334328843,-0.938259797534363,-0.205832346700386,-4.14735374512041,12.0052228696617
0.0506821766283183,0.0943801052097624,-0.150428028627396,-0.96436352535163,-0.430759167842355,-4.19464633462218,12.5048143354588
0.0498986804852249,0.0635778536919724,-0.231203792454989,-0.945975239286417,-0.611294367344014,-4.3507513867734,12.8686257618666
0.0469001543152272,0.0341115306004538,-0.294970231951118,-0.890736927639045,-0.72512067032153,-4.5914570534913,13.0656842064693
0.0425488198990543,0.00856034225526038,-0.339042034461553,-0.808180754644566,-0.772169176801138,-4.88963329543459,13.0878580415079
0.0371057462417555,-0.0119807689636845,-0.36404044118817,-0.705434113370121,-0.764995793628688,-5.21682257645021,12.9397212058066
0.0299458074492121,-0.028199605336482,-0.372799851172138,-0.585795213896982,-0.715709561193734,-5.55459430790467,12.6487119623533
0.0196041326509535,-0.0424447063323965,-0.369754774712831,-0.450099042075303,-0.632389827086225,-5.90030586538424,12.2967833691119
0.00514535376317899,-0.0571254919243173,-0.359718355944885,-0.298933386884447,-0.52060383135002,-6.25592017777869,12.0173373255838
-0.013014783298891,-0.0730461051853756,-0.345610714094256,-0.132811918267941,-0.38123859190602,-6.60641215223756,11.9097951971877
-0.0341620625325796,-0.0901087954828255,-0.328765801963283,0.0451797814364527,-0.213163199809214,-6.91401851603017,12.0094737363782
-0.0577883535129906,-0.108097357555006,-0.310240400031363,0.225839710049261,-0.0225412648856858,-7.13871865498003,12.3144290706787
-0.0834903674401438,-0.126736928807404,-0.291019415145221,0.395727695669193,0.173364741136396,-7.25229521532963,12.7858544499004
-0.109672799420075,-0.144119169323694,-0.269768716021203,0.545774054957618,0.355237709029166,-7.22707840881533,13.285435715481
-0.132203605722542,-0.155295607993597,-0.24133351966134,0.676005276829961,0.507070063402003,-7.05710572032919,13.5850650331854
-0.147389867621361,-0.156012700010437,-0.201904788904417,0.787882183138232,0.615550073704187,-6.80472574440718,13.5660528123108
-0.153587956389854,-0.144562594724057,-0.151460387692767,0.880976000721699,0.678301183016615,-6.55401962627275,13.2609990029957
-0.150625479289233,-0.121389640350429,-0.0932214451102889,0.954090376657207,0.701001162802173,-6.34116642446216,12.7784607174246
-0.139166157202186,-0.0885882587833,-0.0324097366638652,1.00535421709824,0.686972540809264,-6.16506281898033,12.2309593979471
-0.120852768671771,-0.049740780526962,0.0252334038424745,1.03278418817556,0.635043231713842,-6.01638292562216,11.7049434599145
-0.0980835083057556,-0.00905626628101319,0.0749880728003959,1.03539595408244,0.542752176084488,-5.88685018454455,11.2459223547143
-0.073089764450136,0.0300184794034866,0.114190345121914,1.01365349152521,0.408253371277805,-5.77348650336853,10.8741227937661
-0.0472705896404241,0.0655981717790134,0.142383133073206,0.969214326768243,0.231815740004367,-5.68354431066087,10.6130245005987
-0.0209531479448421,0.0974501564123774,0.160807187706704,0.90436432898727,0.0191573155737058,-5.63597050481851,10.5047590760609
0.00633542689986487,0.12630356580745,0.171114817819454,0.820867786507455,-0.21473496214908,-5.65091008358281,10.6136114874019
0.0347732093110728,0.152260565716813,0.173382362201748,0.718615639789708,-0.446871311524808,-5.72827394814765,11.0149040017673
0.0632519972246391,0.173620846251744,0.16500131262525,0.595321660836385,-0.658824946209927,-5.84900154227474,11.7621407177701
0.0909284817610666,0.18873218990246,0.143003750185671,0.446773317359003,-0.844029732639079,-5.99908188453666,12.8059259444913
0.11831550123446,0.19881289546947,0.109826878962896,0.274032345550117,-0.984594069332269,-6.15078517572285,13.7313397276088
0.144070817647071,0.203343676843425,0.0662238169268108,0.0780714120852896,-1.06572379871814,-6.29061176984546,14.2830420986443
0.165414037979134,0.199154672938426,0.010001394375832,-0.132258900639515,-1.07658653985928,-6.39862955644519,14.4624807773886
0.180486457399839,0.18485527914495,-0.0559849279306997,-0.333942227540895,-1.01664067663745,-6.43832117571291,14.3280324035331
0.188525436390014,0.161572418920168,-0.123958260210464,-0.50440628140435,-0.897369422577148,-6.40000148799264,13.9422805630381
0.188958195233138,0.131356653197219,-0.186414311150499,-0.634040601580104,-0.732913726616551,-6.30136334535524,13.3479395167686
0.18086902289879,0.0953260263838905,-0.240545399649677,-0.726500314409054,-0.531073750038418,-6.16289399018671,12.6000448529807
0.163612059638338,0.0532988865471583,-0.288511326704872,-0.79345724576116,-0.292852376207904,-6.00299174868893,11.8390495860933
0.138507301224531,0.00647183200580598,-0.332018529152226,-0.844511456063828,-0.0141572982293386,-5.83691095467649,11.243334136463
0.107592398025103,-0.042448676534932,-0.368949595120732,-0.878970888133518,0.307272777147088,-5.68405358564526,10.9438845387785
0.0729456126424343,-0.090322586002573,-0.395040258250568,-0.889705101197427,0.649602732134306,-5.59547876405429,11.0184340432481
0.036664698013411,-0.134432329838129,-0.406720791330373,-0.871562387927733,0.965903653177219,-5.6207550987945,11.4539834223679
0.000575236398166647,-0.172342693217938,-0.400080047032115,-0.821057945797589,1.22391283258579,-5.76226547864382,12.1401029443401
-0.0328674278677126,-0.200893258802566,-0.369375444108652,-0.732197729096391,1.43176853620129,-5.99656312805223,12.8622069210037
-0.0624638939834215,-0.219081102519179,-0.312593851674345,-0.60283258710109,1.60871835417307,-6.31130493006054,13.4325136417715
-0.0882513606885002,-0.227513803699328,-0.232384232405088,-0.4416376950962,1.75383192010993,-6.70875048614667,13.7494946903252
-0.109546585999344,-0.225997753868597,-0.133577356049181,-0.266035525706562,1.85262592767065,-7.15620353046485,13.7373362255442
-0.124813205316361,-0.213639902537867,-0.0219524819360347,-0.0925902709244165,1.8900344717806,-7.57033328695255,13.3768327657666
-0.1323721036133,-0.189743328146594,0.0971832040503618,0.0687219834961491,1.83842148575597,-7.89413353850225,12.7721582657261
-0.133429724579243,-0.157808143174914,0.215664349900272,0.20752360050946,1.63497353472949,-8.12732672099246,12.2132134720302
-0.130966594932641,-0.123302062691225,0.325439668035398,0.317052316164909,1.23517557274758,-8.25209831842654,11.9362303017616
-0.124430243533617,-0.0871068253943697,0.423234732026703,0.395309810501104,0.704263769644722,-8.21274833827566,11.9872032435209
-0.113387341865819,-0.0508395062139475,0.504139203721323,0.436324204660565,0.196199536679656,-8.00272183029358,12.3245603091046
-0.101303779039935,-0.0202904882579848,0.560829512900517,0.435619800112699,-0.210440176799986,-7.65873978138961,12.8440014303744
-0.0909980627640823,0.000893907135315164,0.590743511388759,0.399353552026098,-0.533348462987439,-7.15706580513494,13.3293318305283
-0.082091995978458,0.014126497119557,0.598630797115079,0.340978620807995,-0.799624987896357,-6.47806496387127,13.4408763995501
-0.0725908268984977,0.0230891725203579,0.591499496271928,0.272136729257341,-1.02213019874306,-5.74204889455343,13.0151685477482
-0.0601606966788615,0.031196749730663,0.573600875648394,0.196903864076422,-1.21049391089857,-5.05158677163525,12.2695064568829
-0.0435244934328704,0.0395808933869033,0.542768991740825,0.105071543647255,-1.39374867403085,-4.40947111771444,11.6227472122532
-0.0226743264696983,0.04823150685391,0.494465115153515,-0.0188611233657334,-1.6035291709041,-3.83019885188663,11.3227138442261
0.000879406981732137,0.0555111900096245,0.421836875233644,-0.191277113996165,-1.83155740798836,-3.37477238818152,11.3445091811371
0.0253103401121323,0.0593957612752857,0.318863156196294,-0.418907203163076,-1.99248732137793,-3.07237673388172,11.5346394364931
0.0505959076682295,0.0609062166461121,0.190411617309834,-0.660845291829782,-2.00291054949638,-2.91713606382884,11.7634170439381
0.0753531470299812,0.0599101394591296,0.0476379250204301,-0.845523486173508,-1.90058553100481,-2.89176293919803,11.9645064524115
0.097689875398736,0.0558650428011487,-0.0945872388475923,-0.937700153259294,-1.74697911435516,-2.96433935543994,12.1091624222132
0.116821706874421,0.0498842202658862,-0.219604849829652,-0.94617819991078,-1.56476113766089,-3.10871676279831,12.1925954500166
0.132178183895275,0.0433059607710369,-0.317152853502823,-0.898082239601431,-1.35650275827641,-3.31195130704539,12.2204098173472
0.142925729133697,0.0367123550034762,-0.385915190846687,-0.81720699872252,-1.13241390626919,-3.57352256694859,12.20553675678
0.148649773794737,0.0307251546581242,-0.428573260985855,-0.716385958451456,-0.915547079354022,-3.90320876660829,12.1693146047514
0.15004143174052,0.0266268382911376,-0.448136730762525,-0.601915498006397,-0.720441445550464,-4.31590074405171,12.1433531233667
0.148139883088925,0.0253779570536002,-0.44778152881044,-0.477413021262234,-0.544748875411814,-4.82416431053998,12.1722071205741
0.1430966410006,0.0265142643368034,-0.431241973686988,-0.343942402873452,-0.377667690422505,-5.42673729502523,12.3005659244274
0.133589001381495,0.0277069315494824,-0.403073354884982,-0.200495969198043,-0.206547208278506,-6.09297270458968,12.5277756298229
0.117527897521573,0.0254749761026452,-0.368378398888634,-0.045145151056749,-0.0181414981335727,-6.75994704476867,12.7728214954535
0.0937681234778261,0.017174377733148,-0.331196260652434,0.124319066527192,0.202069773680642,-7.35440312616429,12.9389458200089
0.0631287599496251,0.00259735277481669,-0.292852618749152,0.307916693535399,0.465868874894729,-7.8128968424814,13.0091922952653
0.0284635451751643,-0.0156087744450935,-0.251610081137191,0.497944832685114,0.761900330246854,-8.08960416426982,13.0411262020981
-0.00640364429283469,-0.0332874361885296,-0.204698745250049,0.677113819699229,1.03466088429536,-8.17116651757766,13.0906760885207
-0.0386938320583075,-0.0474723211196903,-0.151904052155002,0.826395780753394,1.22287756239352,-8.08645185764749,13.1562937128816
-0.0669499202503898,-0.0569008981386408,-0.095900673654602,0.935643930962983,1.31380335053313,-7.89099057123625,13.1928834961511
-0.0907262593077383,-0.0616909068277897,-0.0407872617781592,1.00561215903542,1.3315123447396,-7.64117254612767,13.162679810753
-0.110435566750162,-0.063218372584915,0.00893294182834665,1.04185441453807,1.3029145768734,-7.37686738996324,13.0617310871095
-0.126776162058571,-0.0633655028229414,0.0494363650924433,1.04976119259215,1.24497840298694,-7.11847777714595,12.9094811572456
-0.140178207580765,-0.0636255926763624,0.0783630977115524,1.03306178152453,1.1654476331105,-6.87284760066085,12.7296161531902
-0.150524993989736,-0.0645170451431794,0.0951192025487513,0.993995934302569,1.06572950302571,-6.64093611573678,12.5409671502415
-0.157122013583914,-0.0654127266580642,0.100841462198116,0.933925161669477,0.942966885585163,-6.42382253593188,12.3587447364322
-0.15883947980636,-0.0647456024538123,0.0981160849819768,0.853985435420793,0.791503831112984,-6.22683846436893,12.2000635852079
-0.15434860222909,-0.060456216927127,0.0904712320891848,0.755691841789593,0.604605355573579,-6.06224869026274,12.0887288098846
-0.142392712907795,-0.0505310943332885,0.0816161090103904,0.641245597983978,0.377329003319794,-5.94959891226782,12.0560953547765
-0.122146695304837,-0.0335953897341476,0.0744228347182109,0.513060045092806,0.110975291144146,-5.91072554568693,12.1341339576444
-0.0939238507901679,-0.00974601320815734,0.0697319561318704,0.372492880781918,-0.181888547299993,-5.95624652002581,12.3323512609977
-0.0603276026867438,0.0183130494695166,0.065312514606561,0.219200119242117,-0.474969313155253,-6.06728014304543,12.599320859223
-0.0263002149646073,0.04535417176057,0.0563419699786982,0.0526844750990719,-0.735003787188833,-6.19301385714416,12.8296481588233
0.00370864019987429,0.0666393564943203,0.0385125276456416,-0.125052044801854,-0.938422317096292,-6.28194683211006,12.9547540440001
0.0279512555946014,0.0803287196540645,0.0107672507557003,-0.30756669369737,-1.07834033078366,-6.31011488841836,12.97942365897
0.0467396750591818,0.0870250357829371,-0.0244793276314745,-0.484819690361723,-1.15895393769919,-6.27875350415404,12.9374845778048
0.0611986786604386,0.0886157479788409,-0.0624355299418199,-0.64685022900415,-1.18936700435905,-6.2006867301939,12.8576381783318
0.0725372585927758,0.0874529185391366,-0.0975367429372684,-0.78697978967254,-1.17954652172727,-6.09017104541467,12.7559210688671
0.0816986126486345,0.0857344261482436,-0.125047894101445,-0.90243415689276,-1.13769902671619,-5.95822674262423,12.6392280580253
0.0891431344863802,0.0849598470565793,-0.142047576172558,-0.993067677579277,-1.06872348947817,-5.81181737326999,12.5108739467142
0.0946828775530651,0.0855368650323122,-0.147607400631737,-1.05969554427529,-0.973456572469755,-5.65541761316488,12.3755440752823
0.0974313196750889,0.0866930491336099,-0.142410391118669,-1.10278603705964,-0.848483091807043,-5.49440653747073,12.2431209581826
0.0959876497544489,0.0868051938443869,-0.128049196196744,-1.12147173582055,-0.686670472684691,-5.34017771209518,12.1300458927342
0.0889241482527398,0.0841133471940596,-0.106181554846643,-1.11277196823932,-0.479646682095348,-5.21597224193395,12.055708595787
0.075494456753468,0.0775938502557536,-0.0778165402627734,-1.07150121015546,-0.224604192064289,-5.15905381681487,12.0341714365545
0.0562603487508832,0.067612403750495,-0.0430598787393599,-0.992006078464093,0.0654185171389749,-5.21190194981709,12.0688720107526
0.0332356773100501,0.0559986939441916,-0.00142546962487174,-0.872278881974132,0.359541347182634,-5.40282825390694,12.157106969745
0.00932783999383574,0.0453904274906469,0.0475003083344278,-0.71766909112279,0.625359459275973,-5.73127958182465,12.29508270897
-0.0126772528057228,0.0381063854421232,0.10341099512556,-0.539005121939402,0.845890756898885,-6.1691440053994,12.4692851303683
-0.0309499542808969,0.0352046508550122,0.164924550781853,-0.346355527008436,1.01777863268648,-6.67038800963985,12.6446709877337
-0.0449213701107401,0.0361577411662765,0.229513938850127,-0.145738109248225,1.13982932101934,-7.18009705700493,12.7794404006422
-0.0550710814177936,0.0392145700970827,0.293794587726301,0.0597291752316215,1.20531110858368,-7.6469679617667,12.860999548458
-0.0623833195460501,0.0421660620878203,0.354049526148102,0.267240012270548,1.20021283353695,-8.03684923314619,12.916364679954
-0.0678962332740019,0.0428914170096091,0.406458598680391,0.471645214716896,1.10704758726505,-8.33333261055167,12.9885965614911
-0.0725080105105448,0.0395970193874226,0.44728998387375,0.664428043386646,0.916728880296107,-8.52891381032178,13.1111939330575
-0.07678063934773,0.0311639426146982,0.47358333628286,0.835846874369341,0.642786165384734,-8.61893610643341,13.2926724981833
-0.0807436751376001,0.0174546141895123,0.483623320622841,0.977760285546635,0.321833208631133,-8.59799587231959,13.5116118005305
-0.084064429901031,-0.000922396253352571,0.476597985727827,1.08394782176507,-0.000520906321496386,-8.45683167957194,13.7191727412676
-0.0865094823936832,-0.0231083459186168,0.452450913253839,1.14972356131641,-0.286974824102179,-8.18685767443376,13.8422939460601
-0.0880205020979633,-0.0481093263420764,0.412303198145773,1.17305982655632,-0.519856869398181,-7.79546377932639,13.7921623116635
-0.0883048592975354,-0.0746467519859121,0.358439064781207,1.15612275481083,-0.698754018958414,-7.31413294100319,13.4923201764164
-0.0866044813426286,-0.101272264893848,0.293264726103511,1.1038352003597,-0.832373702457829,-6.77752138188976,12.939937596059
-0.0821013643990849,-0.127083596760381,0.217251718154412,1.01742053785604,-0.936757993373082,-6.19825503016616,12.2848547069538
-0.0740228455374746,-0.151273214877013,0.1299861691578,0.893739872621587,-1.02873273692109,-5.58806311388027,11.8073772058911
-0.0611619989279284,-0.171633047209541,0.0338531262477527,0.731884203631133,-1.10877460188216,-5.01416248371468,11.7058338198299
-0.0428738485675061,-0.18591981110701,-0.0668843581750175,0.533361858561332,-1.15887013643031,-4.58300820109022,11.933227078717
-0.0198354613501555,-0.193301733729131,-0.167536641305564,0.303543254053536,-1.14866445265321,-4.33231148611941,12.2555739639875
0.00598744032288173,-0.194717298846164,-0.263193661296495,0.0589955459040778,-1.05281147747722,-4.24581561950974,12.4796310112615
0.0323904248401918,-0.191706873580937,-0.348622026964929,-0.171292958223569,-0.880960538840245,-4.30626175682707,12.5407224168142
0.0583350162692007,-0.184516249419459,-0.418321879109014,-0.360543541990045,-0.674897544822932,-4.4925185008154,12.4547552548106
0.0838426633365592,-0.172151327192498,-0.468141540375486,-0.497779656439454,-0.469257524897782,-4.7829477609685,12.2758784080453
0.108577101319461,-0.154186858556992,-0.497235480743154,-0.586447665916026,-0.274296522642672,-5.16647857047451,12.0888840100855
0.131196363917751,-0.131764466089159,-0.508182876432219,-0.636904580986466,-0.087027468883364,-5.63061726917212,12.0060207075595
0.150055605314362,-0.10688926798275,-0.50506047097902,-0.660028647917429,0.0986052472603822,-6.13929609126307,12.1112392318431
0.163843247264359,-0.0814184594370695,-0.491214095237683,-0.663314061431869,0.290328004796665,-6.64493223474552,12.3937845094645
0.171543331658758,-0.0567816737651682,-0.468280431488391,-0.649499073455358,0.49966980698494,-7.11457865645446,12.7624577027283
0.172371667202573,-0.0340962843038533,-0.436408734568732,-0.617140743093064,0.740951797092215,-7.5229699740978,13.1079006595135
0.166038296287732,-0.0140928589463818,-0.394852555665975,-0.562321321135162,1.02049035278626,-7.83115710304417,13.3527575737803
0.153254393247924,0.00345076111118094,-0.342190144881994,-0.481159920375694,1.31439163962679,-7.98717437302608,13.4625644211954
0.136032031145095,0.0200436573169199,-0.27715679186404,-0.375254498264186,1.56082355026782,-7.96416566722266,13.4241939446532
0.117149283688853,0.0377998044256046,-0.200334346039825,-0.25649549868582,1.70468009526487,-7.7934058376346,13.2331532126662
0.0992990885038819,0.0585199495425122,-0.114720628208601,-0.142035745666372,1.7385566348539,-7.53956699508014,12.9151330474354
0.0840482431650383,0.0825200877635429,-0.0255458449039617,-0.0451073401186631,1.68343619350987,-7.25341235530964,12.5447621414441
0.0714109713932168,0.108248062509925,0.0609163816831667,0.0280372911404116,1.56110934061554,-6.95849346454678,12.2130330999882
0.060534359600653,0.133321335690732,0.139368615756147,0.0766850551440617,1.38823185009615,-6.66446625211854,11.9847238151747
0.0506070177733918,0.155754307243074,0.206744770794112,0.103342324160225,1.17709570185995,-6.3809934577893,11.8921093008901
0.0413350222716729,0.174548571702631,0.262244768859383,0.111729692665845,0.935451798256639,-6.12306612401115,11.9438166190464
0.033063856404158,0.1897772758099,0.306777362667837,0.105679930842129,0.666407174346911,-5.90784209243699,12.1252156856396
0.0266426312219342,0.202342075603184,0.34230088306626,0.0889944933511724,0.369895698487545,-5.74910586853337,12.3898185831471
0.0229828888603182,0.213344743570968,0.370913032832434,0.0653831102178643,0.0470963377781448,-5.65711836841389,12.6546594094368
0.0225207555361222,0.22325035995655,0.393647912318295,0.0377522521841429,-0.291281876578486,-5.64278862536944,12.8184989785798
0.0247104840687786,0.231118567280525,0.409494615065639,0.00764370720441829,-0.617996536146045,-5.71060866711924,12.8043623334641
0.0272261618452112,0.233684892612039,0.414543788087038,-0.0251466705398532,-0.899588856068626,-5.83949382878055,12.6211461288389
0.0258344553897736,0.225445915701584,0.402248853399138,-0.0629589185313209,-1.12009759786464,-5.98661003948216,12.3897320112546
0.0172677352216922,0.202297339112077,0.367707049051002,-0.106674396876215,-1.28254073222137,-6.11470322783042,12.2362945276656
0.00120402195831826,0.164049789771904,0.311186617977579,-0.151276726308743,-1.39103925255794,-6.20184493925752,12.2022704188752
-0.0209172124138003,0.113594619540979,0.238259559133745,-0.187327400036222,-1.44652382716882,-6.23922640092724,12.2690027881207
-0.047243268781634,0.055579662793774,0.15807360677248,-0.206398630272072,-1.45099643141077,-6.22865560999704,12.3996766065628
-0.0761586568200135,-0.00503359286304115,0.0796860170559923,-0.205295776426732,-1.40848783883954,-6.17702142039894,12.5636584137782
-0.106504719014539,-0.0643464277592732,0.00884692260596033,-0.18570980704239,-1.32238346251918,-6.09121516995078,12.7369598240466
-0.137592189165674,-0.120139360690785,-0.0523967793504609,-0.151001381546911,-1.19249886835355,-5.97733064169008,12.8878654919816
-0.169007699622447,-0.171479521908909,-0.104025034942021,-0.103620832763918,-1.01494646251618,-5.84519037073284,12.9668625873137
-0.200253259783301,-0.217836986498856,-0.146269674048599,-0.0444653779191362,-0.786530565607713,-5.71528737095125,12.9171100161301
-0.23037388983797,-0.258306189262005,-0.178615868349844,0.0266124245866651,-0.512001994128531,-5.61885401493011,12.7062698833321
-0.257779490845216,-0.291294294031298,-0.199733711068632,0.109679013815893,-0.20744664001044,-5.58836403299952,12.3646633759607
-0.280493510085368,-0.314883715834872,-0.208335398980769,0.203048233481869,0.104603411426059,-5.65140092900211,12.0026098026189
-0.296616919310976,-0.327364775475214,-0.203904171918476,0.302590828201073,0.401871235473177,-5.82390225703023,11.7638884293688
-0.304510879584595,-0.327236878287282,-0.186497971260112,0.402476462912646,0.665373620399088,-6.09499557750028,11.7425225221818
-0.30280461816131,-0.313221303198199,-0.156946470780038,0.495516013060343,0.881079801153087,-6.42869150401521,11.9510697900453
-0.290465354149453,-0.284526810153099,-0.11712363647578,0.574499532160581,1.04232970893765,-6.789893231403,12.3318499978025
-0.266903589423297,-0.24098551362059,-0.069293362150249,0.634326696955353,1.15002114313785,-7.16067688459444,12.7837285838273
-0.232338404993459,-0.183541269937017,-0.0159986452213707,0.67154255808782,1.20753769248765,-7.5336933559492,13.1984567556454
-0.188036928227651,-0.114833227757161,0.0391065474515284,0.681496163182579,1.21195612448011,-7.89752700248081,13.4989341093712
-0.136091553941563,-0.0390226912827472,0.091251107023376,0.657387199970154,1.14866468632997,-8.22278337423621,13.657263827563
-0.0790574033423497,0.0390747507511003,0.13582043171105,0.59314577870598,0.99661450312178,-8.46013613929891,13.6937895939237
-0.0193820797974005,0.115250470727669,0.16988781580136,0.488361979879992,0.751043328106587,-8.55637730004976,13.6581257707527
0.0409870113754632,0.186535334692287,0.192285257254819,0.350861959056342,0.452546102355765,-8.47643062291161,13.588524121531
0.0996160109130114,0.249890433653019,0.201524424300621,0.194611206422978,0.174093120064702,-8.21786661037903,13.4737048960689
0.152979617831967,0.30157477285638,0.195633424563865,0.0357084189539648,-0.040208890092953,-7.80974121814805,13.2616023879941
0.197930473816763,0.338683204243463,0.174042774443287,-0.114874495072355,-0.193688118331494,-7.29051378979122,12.922886473746
0.232691754934897,0.359895646771456,0.137480283999933,-0.255394234278183,-0.306169275542768,-6.6862132977295,12.5173155064056
0.257049590529022,0.365395258756899,0.0871301560884474,-0.389391479958634,-0.393405658492635,-6.01878044243914,12.2045959827558
0.272612985401143,0.357155075414083,0.0254384076418442,-0.518662196486085,-0.458504983920318,-5.34867376392723,12.1367113635913
0.282580335558555,0.338914747119034,-0.043451848095372,-0.640829905491427,-0.491711244579755,-4.76699345807087,12.2801320650613
0.28935212677466,0.313260534239181,-0.117215453916146,-0.753643379753416,-0.476698228779178,-4.30668239885727,12.4567813803179
0.292674256101787,0.279401566428509,-0.196559809394654,-0.854069690691952,-0.394408676340583,-3.95605695598911,12.5485206210867
0.290655479571778,0.235133263106738,-0.281036274428959,-0.931931710018285,-0.232872782851997,-3.70610009561519,12.5176735293548
0.281213517891716,0.179442594051658,-0.366087755573793,-0.97100599946061,-0.0046727873184624,-3.54942323108043,12.3634670945341
0.26297132707161,0.113803768302052,-0.444223094126189,-0.957064713440669,0.255252313301047,-3.47475696470253,12.0966199902245
0.235905164965597,0.0421209724368595,-0.508162281174439,-0.881855468794194,0.50382338320061,-3.47182613788028,11.7280726697764
0.201657916234988,-0.0302696868454754,-0.552642518110393,-0.744892052023832,0.697026364902597,-3.54114329973627,11.272984095456
0.163141416574328,-0.097940193872551,-0.574618010685002,-0.56054801042511,0.800274721172803,-3.71343935440117,10.7702535800038
0.123609836823278,-0.156728017126326,-0.574141900203622,-0.361775975788221,0.804227042154301,-4.070596403628,10.3287266686
0.0866123754677797,-0.20375054440551,-0.554948798655362,-0.182139226533874,0.750816725384509,-4.66837791232075,10.1433833939413
0.0568880710784978,-0.23448023637788,-0.517580005182093,-0.0288224619995494,0.695103753684588,-5.39146478210408,10.4437218928314
0.035301266401222,-0.24919032656615,-0.466388671396253,0.0961680089725891,0.618890867719573,-6.03390197341908,11.3800608316615
0.0176904453745896,-0.254321680212239,-0.409615293603515,0.190343428657696,0.489961592314561,-6.5817203708755,12.8526745318876
0.00310880880066323,-0.24842809244339,-0.333689824555511,0.291383216845076,0.322991153028927,-7.1530833052971,14.1428000326023
-0.0120350398716471,-0.235819158687985,-0.235977317197283,0.418255509466912,0.0970391126784377,-7.80311017779969,14.7692636578621
-0.0313286942117943,-0.222517459327132,-0.122649289403554,0.563273191480573,-0.24094813574549,-8.29578905482795,14.7351601724452
-0.0528426228217572,-0.206860852137119,0.00775478729826006,0.726166860408146,-0.613728618191076,-8.43940991482315,14.3068734746307
-0.0756798269209445,-0.188722074304972,0.150683185507291,0.889847562284735,-0.901613375743155,-8.33132923626849,13.716442885833
-0.0986084159691004,-0.16850079190206,0.296673992509209,1.02859267687081,-1.08828196587225,-8.10774905801778,13.082344515407
-0.120328901452943,-0.147116310969555,0.43324352140501,1.12194805654804,-1.20390876461305,-7.80934006856895,12.4764910814561
-0.140320212509734,-0.12689659094359,0.547566874772518,1.16192059849998,-1.27731531036298,-7.4323569159593,11.9840681424368
-0.158678744906999,-0.110852089776036,0.630648884135298,1.15252914915493,-1.32687098699927,-6.97004357851906,11.7104206041806
-0.175696703355273,-0.101536451556014,0.679180523077502,1.10260434009339,-1.36166303421193,-6.44978555547394,11.7664587289095
-0.190826654843358,-0.0996300155605974,0.694264902933932,1.01695040302822,-1.38300311155684,-5.93838942237191,12.2054601660718
-0.200041273175534,-0.100719852221026,0.681671141058185,0.895076141330356,-1.37311406413804,-5.46723183522185,12.8691043299801
-0.198993385415386,-0.0965981844298509,0.655092670655774,0.74247508831188,-1.29322806294435,-5.0129263095106,13.3268172231222
-0.189919773688719,-0.0869982773550253,0.61940502527168,0.555768806153071,-1.11007250307946,-4.59416747560951,13.4346234511675
-0.175587413856064,-0.0743321777351859,0.573737423267211,0.331226107209407,-0.805020225074798,-4.28969629252691,13.2218313749412
-0.157685695651499,-0.0603152218201932,0.518076131720877,0.077342533454116,-0.423398403564625,-4.14421056906718,12.7658125669634
-0.137129729764047,-0.0453309952502912,0.455986246505754,-0.182565716598881,-0.0573600058017797,-4.15019148823484,12.1514753238208
-0.114086799615237,-0.0285439194266026,0.394198792661143,-0.420324280432248,0.234469184874758,-4.32736818282458,11.5068995527416
-0.0885453628264384,-0.00934128468018631,0.338165499663468,-0.6166778409803,0.437388480730258,-4.75678879756135,11.0755785587071
-0.0605976283895346,0.012576087007627,0.29158627758452,-0.762083908433291,0.567494255886996,-5.42493839885239,11.1625801051317
-0.0311360039897134,0.0359078744084684,0.252621938627272,-0.863033833130683,0.635876269601993,-6.13554188382348,11.9538283850547
-0.00355420463511622,0.0564169656541803,0.213033060021416,-0.934916900635073,0.658241635896558,-6.81209418143268,13.1674578662095
0.0206670491806638,0.0736969591133502,0.169936004545216,-0.978128067984591,0.686790385130017,-7.51221414485584,13.9996300958452
