-4.95813587974964,0,0.144836957231611
-4.95843997619143,0,0.142943280920347
-4.95904806962768,0,0.139154732419472
-4.95995997493483,0,0.133468814246234
-4.96117538150343,0,0.125881935261377
-4.96269386869993,0,0.116389253305583
-4.96451487821985,0,0.104984764819234
-4.96663771088045,0,0.0916612180132057
-4.96906149597288,0,0.0764101727197218
-4.97178517782615,0,0.059221923557455
-4.97480747722376,0,0.0400855513342991
-4.97812686855265,0,0.0189888401765559
-4.9817415298628,0,-0.00408167102678447
-4.9856493097775,0,-0.0291407882882951
-4.98984766233744,0,-0.0562046037688122
-4.99433360226918,0,-0.085290624342706
-4.99910361955133,0,-0.116417695488518
-5.00415362140825,0,-0.149606176049242
-5.00947881955329,0,-0.184877827492196
-5.01507365756093,0,-0.222256062853765
-5.02093166052675,0,-0.26176576921797
-5.02704534777892,0,-0.303433679829502
-5.03340602926897,0,-0.347288067452312
-5.0400037071643,0,-0.393359331268268
-5.04682679357314,0,-0.441679435781199
-5.05386201326114,0,-0.492282894591279
-5.06109399881978,0,-0.545205692876556
-5.06850522713054,0,-0.600487051363549
-5.07607541062178,0,-0.658167260423651
-5.08378154758969,0,-0.71829107727573
-5.09159694783636,0,-0.780903161377566
-5.09949158870195,0,-0.846055110376482
-5.10743043217169,0,-0.913795334675233
-5.11537454585862,0,-0.984184715423144
-5.1232779431846,0,-1.05727285572029
-5.13109057878653,0,-1.13313545968731
-5.13875191717192,0,-1.21181519290413
-5.14619850439728,0,-1.29341724945053
-5.15334998325856,0,-1.37795249586725
-5.16012777057776,0,-1.46559883030349
-5.1664234491835,0,-1.55625727436904
-5.17214347513096,0,-1.65031483903156
-5.17713868775516,0,-1.74730774475022
-5.18130199681457,0,-1.84826127021564
-5.18443439045646,0,-1.95157972826925
-5.18639658094901,0,-2.05957704637028
-5.18698572950318,0,-2.16942081045761
-5.18600204271891,0,-2.28296647974678
-5.18310163652845,0,-2.40251597103333
-5.17814855772078,0,-2.52413044156911
-5.17075939116651,0,-2.64994325513601
-5.16014624685481,0,-2.78423030198116
-5.1464829716392,0,-2.92029108263858
-5.12947245608167,0,-3.05826390867129
-5.10838830036058,0,-3.2005142719883
-5.07129844654078,0,-3.40120284251959
-5.01069442389072,0,-3.66071984416005
-4.9158312541961,0,-3.97802788566688
-4.77237615093615,0,-4.34897926343807
-4.56290268065239,0,-4.76390251233813
-4.26916411820498,0,-5.20491481037387
-3.87694655669289,0,-5.64445215944299
-3.38289785276477,0,-6.04752401852587
-2.79996025626099,0,-6.3793891734426
-2.1565573698713,0,-6.61624894685036
-1.48831381733093,0,-6.75232984171338
-0.827511273475283,0,-6.79859352025995
-0.196861062292497,0,-6.77515669988131
0.390663077146492,0,-6.70320889551848
0.928701878674468,0,-6.6001669783665
1.41438489268766,0,-6.47829290958331
1.84670352036,0,-6.34538352035751
2.2262397641294,0,-6.20626234473291
2.55541734533433,0,-6.06433634501147
2.83851761854738,0,-5.92278878931774
3.08117828703829,0,-5.7851698191242
3.28956115574901,0,-5.65539242597285
3.4695330354679,0,-5.53735031890266
3.62607772009662,0,-5.43441281138187
3.76297060347571,0,-5.34896847625669
3.88264121277407,0,-5.28210318716315
3.98612927169143,0,-5.23345589045468
4.0730730832844,0,-5.20128333402974
4.14173131298097,0,-5.18276451321708
4.18911237638413,0,-5.17456876350575
4.21133674530992,0,-5.17366217702055
4.20432469753458,0,-5.17820050346364
4.16473051039895,0,-5.18819997590273
4.09080170758885,0,-5.20566423448523
3.9827584140009,0,-5.23410191086487
3.84250743933334,0,-5.27771541006673
3.6728401860554,0,-5.34063772309938
3.47641510862918,0,-5.42637774272122
3.25475547639771,0,-5.53734327842068
3.00740095509034,0,-5.67415036519125
2.73142814505673,0,-5.83444830753515
2.42180812194458,0,-6.01121914205243
2.07325336788562,0,-6.19102679965349
1.68391535195297,0,-6.35350027028243
1.26014669949834,0,-6.47409641955118
0.819466790076538,0,-6.5316841105044
0.387524232101183,0,-6.51866772880445
-0.0115130664655976,0,-6.44597598218833
-0.364212695883318,0,-6.33752443582347
-0.669662771846947,0,-6.21921283355239
-0.934751460625536,0,-6.11109930072085
-1.16822006292624,0,-6.02542322302566
-1.37676652794582,0,-5.968112724732
-1.56350627959644,0,-5.94083702846397
-1.72788510425167,0,-5.94201223831085
-1.86644197479221,0,-5.96650164513153
-1.97452953930233,0,-6.00472092659935
-2.04925683454007,0,-6.04261244599546
-2.09306536274367,0,-6.06422735449128
-2.11582706878968,0,-6.05742167280138
-2.13303605032666,0,-6.01988656202755
-2.16060335210777,0,-5.96057366780375
-2.21020390226173,0,-5.89483170384584
-2.28802907391888,0,-5.83655993738801
-2.39603067364502,0,-5.78940353066918
-2.53254670808018,0,-5.74543392900158
-2.690538276728,0,-5.68777202748044
-2.85515300396812,0,-5.59717982349439
-3.00461078432479,0,-5.46112831793113
-3.11645332017256,0,-5.28070385551733
-3.17587632781176,0,-5.07056025583027
-3.1800774269361,0,-4.85229548828777
-3.13652822014755,0,-4.64687185138279
-3.05822410834831,0,-4.47047979348404
-2.95926571805107,0,-4.33395921827132
-2.85184259207631,0,-4.24399763169139
-2.74428930106292,0,-4.20465184780363
-2.6397572481905,0,-4.21839049982391
-2.53544984188999,0,-4.2862081098867
-2.42275440112241,0,-4.40665605690345
-2.28867848403154,0,-4.57410624200286
-2.11869335202854,0,-4.77706975932586
-1.90058289602794,0,-4.99760107467233
-1.62846503175352,0,-5.21260586841212
-1.30588601499386,0,-5.39738949407382
-0.946699657788564,0,-5.53106914088249
-0.572572951528574,0,-5.60230570240725
-0.207210773200585,0,-5.61258506269413
0.130262392618617,0,-5.57468687986013
0.429150424140997,0,-5.50685269738058
0.686581618018975,0,-5.42601904763306
0.904063594411696,0,-5.343413320669
1.08420631428889,0,-5.26348339556773
1.22941474229031,0,-5.18522354824624
1.34236910368279,0,-5.10460554912493
1.42703093738381,0,-5.01719536069702
1.48900211628322,0,-4.9202463783709
1.53484707504152,0,-4.81370722387061
1.57081153028409,0,-4.70005159071758
1.60166637062214,0,-4.58342070783252
1.63015432384642,0,-4.46875334378053
1.65713429353017,0,-4.36127585792968
1.68225309057096,0,-4.26626063660143
1.70480018917108,0,-4.18869553834079
1.72432911017089,0,-4.13262560464367
1.74077851177515,0,-4.1003146444248
1.75415541330039,0,-4.09165687108244
1.76407174770531,0,-4.10418262602784
1.76939842564391,0,-4.13367623626624
1.76819149286153,0,-4.17518176932962
1.7580038188109,0,-4.22414812189004
1.73658398389545,0,-4.27753670205795
1.70263948236791,0,-4.3347090383039
1.6560264164215,0,-4.39776864853622
1.5969352962408,0,-4.47088883202915
1.52454025737996,0,-4.55840222177951
1.4363160372857,0,-4.66225309527947
1.32878520597557,0,-4.7801152646409
1.19931031179045,0,-4.90519488072845
1.04791540051158,0,-5.02776187107768
0.878268710796451,0,-5.13768287437361
0.697428922900874,0,-5.22699362914538
0.514457023526165,0,-5.29164698784544
0.338450402514545,0,-5.33186972884716
0.176805837169975,0,-5.35109373334165
0.0343353819660826,0,-5.35404752138068
-0.0866954169130378,0,-5.34491221616053
-0.186031214440953,0,-5.3262491256634
-0.264881100124445,0,-5.29890460605373
-0.325555089564616,0,-5.26265287806218
-0.371166846040362,0,-5.21712943014076
-0.405214598705653,0,-5.16262878258612
-0.430993820614021,0,-5.10052675571835
-0.450972995006665,0,-5.03334290411992
-0.466337851970212,0,-4.9646439355955
-0.476863319687806,0,-4.89899635513714
-0.48115222222184,0,-4.84201635489262
-0.477116690638809,0,-4.80035681885157
-0.462410159653829,0,-4.78136042425544
-0.434451634107967,0,-4.79216467480226
-0.389868124191696,0,-4.83822103562613
-0.323658516609689,0,-4.92139620320582
-0.228913967099114,0,-5.03805143482276
-0.0979931652427904,0,-5.17777376169801
0.0747179499110653,0,-5.32359120701088
0.289503336789807,0,-5.45420723487342
0.539108054505065,0,-5.5480199789943
0.80887798624863,0,-5.58787484166666
1.07952986387139,0,-5.56497281360966
1.33163662867736,0,-5.48033196715302
1.54989777578544,0,-5.34310205545192
1.72533075488203,0,-5.16671117727961
1.85493235633505,0,-4.9649046323472
1.93985351216442,0,-4.74924157188514
1.98346838330905,0,-4.52830907597481
1.99009043186053,0,-4.30804812628814
1.9643776168228,0,-4.0924854922043
1.911148546967,0,-3.88443875677723
1.83534477200651,0,-3.68603251504273
1.74200480197576,0,-3.49901494533538
1.63622053793019,0,-3.3249224721804
1.52308688850956,0,-3.16515220926543
1.40764696190608,0,-3.02099404027015
1.29480914432216,0,-2.89365844614857
1.18919538854636,0,-2.78431793704467
1.09489205849489,0,-2.69416189406489
1.01512258792583,0,-2.62444894497224
0.951923713995893,0,-2.57653225471046
0.905936365591858,0,-2.55183751231069
0.876385856592339,0,-2.55179045895847
0.861247676861248,0,-2.5777091751137
0.857532848097761,0,-2.63068491047126
0.861612164769509,0,-2.71147389634181
0.869517752820138,0,-2.82041691475717
0.877184865943676,0,-2.9573955418374
0.880613174780609,0,-3.12182309274684
0.87593755334414,0,-3.31265538178412
0.859409450559509,0,-3.52839493431314
0.827302773673613,0,-3.76705496906103
0.775771170740165,0,-4.02604601389825
0.700697129258737,0,-4.30194633370748
0.597592716026887,0,-4.59011756000723
0.461645654435056,0,-4.88413658484333
0.288058568179831,0,-5.17505497441958
0.0728927442680176,0,-5.45060851408397
-0.185358017551962,0,-5.69473815051567
-0.483431300480733,0,-5.88816400894407
-0.810821658954355,0,-6.01104796189616
-1.14890564781254,0,-6.04822361290998
-1.47381752063634,0,-5.99525523778395
-1.76296630151868,0,-5.86119400267453
-2.00133726369985,0,-5.66539598892373
-2.18361948389978,0,-5.43080862666934
-2.31219606800935,0,-5.17827593297022
-2.39368170692,0,-4.9239254512236
-2.4360843994294,0,-4.67896663869793
-2.44715650462455,0,-4.45054722542918
-2.43368509754579,0,-4.24278352521732
-2.4013235752966,0,-4.05762132096027
-2.35467288577547,0,-3.89547436316698
-2.29745270122541,0,-3.75568311640534
-2.23269755247437,0,-3.63684357845055
-2.16296495248415,0,-3.53704088909353
-2.09055116127917,0,-3.45401330721013
-2.01767832132735,0,-3.38527477837967
-1.94657011034319,0,-3.32823048297626
-1.87932378434169,0,-3.28031518759348
-1.81755390983275,0,-3.23916519984107
-1.76190443018715,0,-3.20281808039439
-1.71162270910774,0,-3.16993531342627
-1.66439598150029,0,-3.14004648406011
-1.61656900203329,0,-3.1137923661179
-1.56374593345475,0,-3.0931036282849
-1.50167148249047,0,-3.08122412328535
-1.42717978382281,0,-3.08250191186975
-1.33889301768633,0,-3.1019458131602
-1.23732292376192,0,-3.14466644431277
-1.12417335793532,0,-3.21539646516093
-1.00091191628384,0,-3.31819358082734
-0.866908697639881,0,-3.45616477961555
-0.717589843389726,0,-3.63076250062106
-0.543242201888944,0,-3.84012014387226
-0.329331940315296,0,-4.07622218778603
-0.0591791258580979,0,-4.32142091750218
0.280619841158682,0,-4.54547158352178
0.691998677412588,0,-4.70460637640128
1.1544675318619,0,-4.74566148626641
1.61511339743694,0,-4.62236147297859
1.99562133491652,0,-4.32567225276511
2.22669386207651,0,-3.89969510083914
2.27639798101114,0,-3.41839110195467
2.14756829600646,0,-2.95540265268854
1.86541832536422,0,-2.57226167746069
1.47052155653325,0,-2.31599911754252
1.01501662753796,0,-2.21607063580569
0.556106981423923,0,-2.27918710498331
0.144440487006523,0,-2.48760246019759
-0.186906896475156,0,-2.806359149365
-0.425148567233382,0,-3.19589163058477
-0.572574900103245,0,-3.62170916883862
-0.639188482261716,0,-4.0579606769587
-0.637099147458083,0,-4.48677093986832
-0.577391550620592,0,-4.89595290951855
-0.468813251907568,0,-5.27656294997695
-0.317561726725914,0,-5.62080817098735
-0.127759191409351,0,-5.92038905057056
0.0974926623817073,0,-6.16530221540373
0.354416242951121,0,-6.34331744217691
0.636282032457993,0,-6.44068846447523
0.931248703055083,0,-6.44477168173605
1.22186339702616,0,-6.34829439946422
1.48742501296847,0,-6.15309065371803
1.7081816822229,0,-5.87066004544409
1.8687355313351,0,-5.51944539066759
1.9592510582408,0,-5.12117131252104
1.97512507502308,0,-4.69822023210864
1.91641424774633,0,-4.27233155705211
1.78777533978359,0,-3.86383913833906
1.59881653067911,0,-3.49048877182529
1.36397197553537,0,-3.16542060432169
1.10080132359826,0,-2.89504309834478
0.826647106460671,0,-2.67842042631007
0.555253737254895,0,-2.50905552671983
0.2952136729487,0,-2.37799374321969
0.050526538551909,0,-2.27637850871437
-0.177833748822045,0,-2.19662545717999
-0.390462118970494,0,-2.13259348337248
-0.588621771766088,0,-2.07944129113767
-0.773833079862147,0,-2.03354152327125
-0.947733415275537,0,-1.99247567261426
-1.11204143360496,0,-1.95502392686226
-1.26853840047317,0,-1.9211205871786
-1.4190171240959,0,-1.89180372728393
-1.56515357703478,0,-1.86918332208611
-1.70825386853961,0,-1.8564022390333
-1.84885202470432,0,-1.85749797779235
-1.98621409650159,0,-1.87702611183786
-2.11793505719848,0,-1.91934297354394
-2.23990064518979,0,-1.98761928314021
-2.34677199645082,0,-2.08290544035888
-2.43280364864104,0,-2.20366613343166
-2.49250031506258,0,-2.34593480578044
-2.52078173278581,0,-2.50375196791425
-2.51295897191079,0,-2.66938156954345
-2.46528123998487,0,-2.83326860351852
-2.37650298557079,0,-2.98442192006902
-2.24992311425418,0,-3.11212533487391
-2.094317704727,0,-3.20901704241507
-1.92232997855919,0,-3.27391308987614
-1.74685994163154,0,-3.31216592644282
-1.57786266754003,0,-3.33327241647312
-1.42125176214739,0,-3.34769778716495
-1.27954523280826,0,-3.36472164094238
-1.15308590343384,0,-3.39155552866006
-1.04114388272949,0,-3.43316253253805
-0.942739402717714,0,-3.49231134625672
-0.857186288187199,0,-3.56968979320826
-0.784346049439417,0,-3.66404972963219
-0.724583534246022,0,-3.7723935745846
-0.678455304502402,0,-3.89023189790093
-0.64620809069616,0,-4.01197229032713
-0.627203820632334,0,-4.13152415537586
-0.619433130681474,0,-4.24317490600491
-0.619318788196794,0,-4.34266125850947
-0.621970260478687,0,-4.42815263414185
-0.621869624840338,0,-4.50075117917069
-0.613738015471885,0,-4.56426697737816
-0.593248556981359,0,-4.62436094562087
-0.557374156152546,0,-4.68737403618143
-0.504350557530648,0,-4.75915177596687
-0.433375758318034,0,-4.84405058887897
-0.34424609470384,0,-4.94421850886151
-0.237150910917173,0,-5.05920353170725
-0.112779593177174,0,-5.18592242776277
0.0272584044831627,0,-5.31899764610366
0.179852817059449,0,-5.45144890801807
0.339880515255957,0,-5.57573414667493
0.500022839123765,0,-5.68515065957146
0.651206027649358,0,-5.77550793501397
0.783869310906137,0,-5.84665391730107
0.889833596040712,0,-5.90307839941767
0.963927054977941,0,-5.95297681973911
1.00439190374009,0,-6.00598362480047
1.01176321976665,0,-6.07049939907622
0.986789796507971,0,-6.15140416079005
0.928454727548069,0,-6.24827208027884
0.833283572266885,0,-6.35379768447143
0.697015067150673,0,-6.45252980867969
0.518991686715082,0,-6.52112544943725
0.307821381940807,0,-6.53228325450679
0.0844133702999537,0,-6.46351241924126
-0.122055974664118,0,-6.30752640016664
-0.284744483845256,0,-6.07652176877707
-0.388626968897192,0,-5.79622212442933
-0.432437142001691,0,-5.49527155499886
-0.424625534414368,0,-5.1976281363757
-0.378056573930062,0,-4.91996654440014
-0.306033339001059,0,-4.67228271259787
-0.22003472401465,0,-4.45970285692901
-0.128745835339632,0,-4.28436449331632
-0.0378726361418112,0,-4.14689183843893
0.0496632484431984,0,-4.04734049735311
0.133414650905042,0,-3.98565351759617
0.215119220018186,0,-3.96172857597581
0.298462483158863,0,-3.97519305659761
0.388853558100915,0,-4.02495962568631
0.493126476483382,0,-4.10861969909223
0.619056068021553,0,-4.22174397775686
0.774582141939367,0,-4.35720184719321
0.966680049741463,0,-4.50467263780783
1.19990449922671,0,-4.65057666505448
1.47475975131863,0,-4.77867762062361
1.78620593117268,0,-4.87158167556687
2.12280109105342,0,-4.91324062496229
2.4671549053857,0,-4.89224326873917
2.79829164654467,0,-4.80505689121403
3.09580934135839,0,-4.65775187685021
3.34449409811339,0,-4.46493491132149
3.53737561588002,0,-4.24602723949807
3.67598417070812,0,-4.02058362575043
3.76813024682539,0,-3.80465474350612
3.82456178755851,0,-3.60925571531212
3.85590056959016,0,-3.44079019415331
3.87065358262457,0,-3.30252915705966
3.87436561179278,0,-3.19615876686298
3.86954640922201,0,-3.1227881363418
3.85598638140954,0,-3.08326736602941
3.83128243285487,0,-3.07796522684004
3.79157472230786,0,-3.10628233120981
3.73251030689855,0,-3.16620373064998
3.6503183748524,0,-3.25414721638953
3.54273677462212,0,-3.36521814072027
3.40953520018396,0,-3.49377451559747
3.25257731203665,0,-3.63407545577054
3.07558853035613,0,-3.78084383718356
2.88383909070654,0,-3.92975218400112
2.6837864206866,0,-4.07793565755787
2.48253280174359,0,-4.22450515595753
2.28697895769794,0,-4.37075768378896
2.1028330873174,0,-4.51966060230219
1.93388024800307,0,-4.67446891348997
1.78177567433045,0,-4.83687385806587
1.64616827320351,0,-5.00541532173555
1.52468107860903,0,-5.17474396650687
1.41247183017493,0,-5.33591516246767
1.30155724170348,0,-5.47770985948073
1.18056523952942,0,-5.58913355828568
1.03598823257294,0,-5.6630878293436
0.85559452588662,0,-5.69983839042771
0.632496675264146,0,-5.70747575875262
0.366693414152575,0,-5.69836502175129
0.0629707821199561,0,-5.68422577254048
-0.272918172178005,0,-5.67261156780716
-0.637495235687798,0,-5.66501700288583
-1.03060858612007,0,-5.65569763006149
-1.45316817630604,0,-5.63122146261537
-1.90207482995982,0,-5.57220791232129
-2.3655135696214,0,-5.4584290245018
-2.82238520080464,0,-5.2758628362708
-3.24680975251455,0,-5.0221513829172
-3.61516709980897,0,-4.70769412837635
-3.91202329457218,0,-4.3522958460037
-4.13263224932236,0,-3.97949943330925
-4.2819071730798,0,-3.61123810310677
-4.37129310208107,0,-3.26447342430017
-4.41524452526189,0,-2.95009490251494
-4.42841882901847,0,-2.67345039386802
-4.42394962385292,0,-2.43566112364589
-4.41267477879353,0,-2.23507750091889
-4.40300952963238,0,-2.06853756960045
-4.40116373625529,0,-1.93233002884494
-4.41148625000481,0,-1.82289635727467
-4.43680420824133,0,-1.73735037156275
-4.47867992001589,0,-1.67388141563681
-4.53753198422652,0,-1.63206567065686
-4.61257789935948,0,-1.61305609588121
-4.70157833916524,0,-1.61957113165403
-4.80041823987944,0,-1.65557766900843
-4.9026435748218,0,-1.72558830764386
-4.99915513876366,0,-1.83357094460337
-5.07831044270779,0,-1.98157605413655
-5.12669468677809,0,-2.16830398663353
-5.13076716250456,0,-2.38798613037944
-5.07934032224457,0,-2.63013826012361
-4.96626898569776,0,-2.88073700672656
-4.79213104716519,0,-3.12479034829134
-4.56391728128887,0,-3.34930498847318
-4.29297353232655,0,-3.54533026075952
-3.99240760199026,0,-3.70853490411523
-3.6749898258675,0,-3.83870529707536
-3.35184564850412,0,-3.93879958521008
-3.03178920371035,0,-4.0139456273408
-2.72108973466088,0,-4.07051496963047
-2.42354705943881,0,-4.11531214502233
-2.14080361888362,0,-4.1549249818256
-1.87281292122967,0,-4.1952897588624
-1.61836411711528,0,-4.24149218685219
-1.37557443195753,0,-4.29776684919063
-1.14231095988535,0,-4.36761182127239
-0.916563056875206,0,-4.45392375183817
-0.696821500002952,0,-4.55907458739019
-0.482509850396736,0,-4.68487154411988
-0.274454976323487,0,-4.83235124247712
-0.0752911750567964,0,-5.00136378215768
0.110406144249899,0,-5.1899321312722
0.276525629229368,0,-5.39346456430012
0.41661736040425,0,-5.60407936601775
0.525981460386511,0,-5.81056024640585
0.604342600596783,0,-5.99967795718007
0.658066736328511,0,-6.15941480520654
0.700199377082508,0,-6.28347676091336
0.747213011525459,0,-6.37463215333215
0.813898732779843,0,-6.4438322673147
0.910080465478579,0,-6.50440964345238
1.04125769720045,0,-6.56419811416303
1.21063550769671,0,-6.61972212889164
1.4182605836824,0,-6.65513516847665
1.65691969788299,0,-6.6468647560975
1.90920904625756,0,-6.57363757639344
2.15097466780445,0,-6.42805054846278
2.36092735980438,0,-6.22117743256067
2.52859526716793,0,-5.9758974953396
2.65462886508845,0,-5.71592245251426
2.74591391203775,0,-5.45881693127321
2.81050013260601,0,-5.21435728742896
2.85483525532215,0,-4.98585905102356
2.88335412155843,0,-4.77239531416378
2.89931388895833,0,-4.57095768580211
2.90568595340452,0,-4.37823504175791
2.90548957036869,0,-4.19181419798821
2.9016036792031,0,-4.01066914421045
2.89641487028974,0,-3.83501656438482
2.8916010935943,0,-3.66582737041456
2.88813205717161,0,-3.50431057765503
2.88641282396495,0,-3.35155331824661
2.88646697453804,0,-3.20835135550348
2.88809371859817,0,-3.07518241016682
2.89097765620975,0,-2.95225764323252
2.89475578185849,0,-2.83960126761831
2.89905479245749,0,-2.73712895046685
2.90351089340931,0,-2.64471171440523
2.90778044456148,0,-2.562221724216
2.91154609631099,0,-2.4895611897589
2.91452052283778,0,-2.42667753885624
2.91644844697812,0,-2.37356841849728
2.91710704071555,0,-2.33027979860595
2.91630464114115,0,-2.29689990984177
2.91387779529275,0,-2.27355115130746
2.90968678596959,0,-2.26038153603027
2.90360991461739,0,-2.25755672703482
2.89553689591406,0,-2.26525325192358
2.88536174512438,0,-2.28365307356274
2.87297551449283,0,-2.31293936767593
2.85825916213035,0,-2.35329315470438
2.84107673045311,0,-2.40489034993301
2.82126890123116,0,-2.4678987692507
2.7986469135995,0,-2.54247459761746
2.77298679275155,0,-2.62875782759931
2.74402382819074,0,-2.72686631787743
2.71144722394971,0,-2.83688851008678
2.6748947409086,0,-2.9588755016789
2.63394682391874,0,-3.09283399099098
2.58811897930244,0,-3.23872221560387
2.5368499308454,0,-3.39645062954469
2.47948145369808,0,-3.56588653571069
2.41522429055287,0,-3.74685593825162
2.34310429648256,0,-3.9391259041206
2.26188590444809,0,-4.14233800323669
2.16997954447317,0,-4.35585235096248
2.06536084875496,0,-4.57846074251833
1.94556667686749,0,-4.80794858616353
1.80788150485822,0,-5.04054394898218
1.6498600179582,0,-5.27040153589199
1.47028806202944,0,-5.48942531719054
1.27048699564297,0,-5.68787173924715
1.05549182517988,0,-5.85611104471345
0.83427220041941,0,-5.98738519777279
0.618324751192459,0,-6.08041855753899
0.418979747894584,0,-6.14017250709259
0.244877494711334,0,-6.17589400627813
0.100962428054774,0,-6.1973108480976
-0.0109814750610613,0,-6.21073279913609
-0.0914636831577814,0,-6.21656924899651
-0.143367101631489,0,-6.2091827594319
-0.173001542221475,0,-6.1793731986969
-0.1906612299698,0,-6.11878792303757
-0.209195928867369,0,-6.02430767805152
-0.240845987566758,0,-5.90011032251467
-0.294233351426772,0,-5.75654864466627
-0.373167053176356,0,-5.60706645078359
-0.477399796827222,0,-5.46508294653047
-0.60444092987505,0,-5.34192418734912
-0.751508328317942,0,-5.2458347925529
-0.917064631965381,0,-5.18164637424275
-1.10165994666352,0,-5.15068825757138
-1.30796233732181,0,-5.15071061282964
-1.53999357860962,0,-5.17580108384721
-1.80173194244355,0,-5.21644229155225
-2.09536746369427,0,-5.2599308220514
-2.41956530528228,0,-5.29134963526647
-2.76811109701704,0,-5.29519417887121
-3.12932216070097,0,-5.25763696940972
-3.48664766875274,0,-5.16923657733253
-3.820848240367,0,-5.027534205784
-4.11371630541011,0,-4.83846640961518
-4.35227424778583,0,-4.615404739668
-4.53146825386589,0,-4.37565184239235
-4.65388738152969,0,-4.13593895527452
-4.72694293038549,0,-3.90911577300246
-4.75938740097617,0,-3.7030855611728
-4.75884236755773,0,-3.5214826928599
-4.730858550243,0,-3.36499712561258
-4.67913078704194,0,-3.23258432509694
-4.60622885136108,0,-3.12233234097925
-4.51434506959595,0,-3.03205023462184
-4.40580103908133,0,-2.95968688266198
-4.2832575540697,0,-2.90363515899162
-4.14969771991964,0,-2.86293028955062
-4.00829836178985,0,-2.83734050681208
-3.86228124740717,0,-2.82735749839697
-3.71477244599015,0,-2.83410509886972
-3.56863195448287,0,-2.85919206180141
-3.42618124517569,0,-2.9045387238069
-3.28878015012826,0,-2.97219987358489
-3.15629118871228,0,-3.06417355548949
-3.02658354250436,0,-3.1821335396825
-2.89530111212979,0,-3.32699696077988
-2.75609716790039,0,-3.49829599041004
-2.60143198630824,0,-3.69346942101501
-2.42388104883164,0,-3.90735416187555
-2.21772456402405,0,-4.13222644793973
-1.98040267857906,0,-4.35862370653027
-1.71332851139948,0,-4.57685599218655
-1.42170146508906,0,-4.77872783769755
-1.11336369857297,0,-4.9587941868674
-0.797166108146361,0,-5.1146404761394
-0.481468876728946,0,-5.24612212153955
-0.173199744294143,0,-5.35395902502991
0.122513234839792,0,-5.43832834708079
0.402441747254919,0,-5.49806156503195
0.665408640905513,0,-5.53078774803145
0.912509848361789,0,-5.53394932817103
1.14709120781916,0,-5.50612353881216
1.37414449410661,0,-5.44777087855508
1.59912107338549,0,-5.36078929649406
1.82645293814777,0,-5.24702394005311
2.05801443587161,0,-5.10657736169813
2.2916053138106,0,-4.93700480613228
2.5197341649436,0,-4.73426811188638
2.72950935811529,0,-4.4955826066169
2.90461650507679,0,-4.22307489680989
3.02948671278598,0,-3.92621745999106
3.0941898307145,0,-3.62133720597834
3.09774875854204,0,-3.32820199800941
3.04847089739751,0,-3.06544523751629
2.96171421745439,0,-2.846897749028
2.85654703359262,0,-2.67985885382429
2.75254857554817,0,-2.56526546947916
2.6673213876555,0,-2.49932828090603
2.61478252960029,0,-2.47622068339575
2.60398699083157,0,-2.49134627545797
2.6380133720327,0,-2.5443631891575
2.71249781392257,0,-2.64063888936287
2.8140278280484,0,-2.78971814449275
2.91954646824798,0,-3.00044291439934
2.99819890306133,0,-3.27429364822309
3.01616652538613,0,-3.59968848149434
2.94396350902755,0,-3.94950051160643
2.76531079330633,0,-4.283390404304
2.48540824405643,0,-4.55674029496828
2.13287881445702,0,-4.73552546634457
1.75029022407057,0,-4.80911060486581
1.37814221212677,0,-4.79153860637037
1.04306137160705,0,-4.71230611348482
0.754814506674278,0,-4.60452176121751
0.51026565365063,0,-4.49602485747416
0.300417498011527,0,-4.40541947207163
0.11667295637166,0,-4.34244145852246
-0.0459145656252827,0,-4.31040213784083
-0.188265347940828,0,-4.30857129808814
-0.308449521530126,0,-4.333690075321
-0.403319810513983,0,-4.38083341103477
-0.470091985693333,0,-4.44411067102755
-0.507623560752724,0,-4.51752302655917
-0.517114977362016,0,-4.59596085695445
-0.502019308226292,0,-4.67601457234161
-0.467282219614725,0,-4.75624450506811
-0.418366169167742,0,-4.83686546006744
-0.360499223850058,0,-4.91912888518392
-0.298312835943993,0,-5.00474346351494
-0.235796868445585,0,-5.09553263152952
-0.176415877766443,0,-5.19339306519891
-0.123216106959676,0,-5.30055140122561
-0.0787632998055046,0,-5.41999743802248
-0.0449236971791949,0,-5.55570384255891
-0.0229471125557177,0,-5.71203292639261
-0.0146133890237173,0,-5.89192873655511
-0.0244714443596468,0,-6.09393823036877
-0.0613172655582759,0,-6.30835148436429
-0.135815366371045,0,-6.51327722871087
-0.252661131156707,0,-6.67355227710595
-0.400075076529608,0,-6.74905004068394
-0.547126831993431,0,-6.71687733966722
-0.65971053807269,0,-6.59031468409249
-0.72079378359556,0,-6.40858392796511
-0.732639503025047,0,-6.21162263675427
-0.706116042206733,0,-6.02581847330019
-0.650382296605452,0,-5.86173463085916
-0.569147676912063,0,-5.71664765215805
-0.464046590705134,0,-5.57886310797592
-0.340271236010039,0,-5.43370191995023
-0.208618014647176,0,-5.26988755330013
-0.0828432390102961,0,-5.08341613513488
0.0245444740103105,0,-4.87754551206347
0.105061336683862,0,-4.66027081225605
0.154903552270519,0,-4.44139568688253
0.174210957700697,0,-4.23036105048044
0.16578913021557,0,-4.03503062739202
0.133818105959864,0,-3.86123603777017
0.0828113582183143,0,-3.71282063571538
0.0169250409977865,0,-3.5919525353498
-0.0603961546515517,0,-3.49953328686602
-0.146524780818298,0,-3.43559725601252
-0.239628518305434,0,-3.39965794356507
-0.338639776236175,0,-3.39098849902401
-0.443315772450517,0,-3.40881493433329
-0.554446942349731,0,-3.45235894585117
-0.674193552737372,0,-3.52061600651578
-0.80639732654027,0,-3.61173860490594
-0.956547792310436,0,-3.72198300046775
-1.13099413467485,0,-3.84442179657535
-1.33516558252907,0,-3.96794362997394
-1.57104190586307,0,-4.07717880288477
-1.8345703383012,0,-4.15368936086319
-2.11372669373994,0,-4.1783334992408
-2.38769799095149,0,-4.13476227308932
-2.62813221025691,0,-4.01434691061755
-2.80442056332844,0,-3.82175209593719
-2.89328985843567,0,-3.57700373789437
-2.8869747111564,0,-3.30975486313647
-2.79327643037178,0,-3.04915966975844
-2.6293392894911,0,-2.81698977702623
-2.4153047292018,0,-2.62604768599737
-2.17043768478009,0,-2.48135887997911
-1.91117955235833,0,-2.38205200991949
-1.65023992130548,0,-2.32328904191206
-1.39638331531573,0,-2.29813700638435
-1.15483711308549,0,-2.29919776563425
-0.928161732175985,0,-2.31973571750268
-0.717282099974534,0,-2.35418966338391
-0.522388813747987,0,-2.3981949277027
-0.343556980725616,0,-2.44838174970684
-0.181079327090492,0,-2.5021975469422
-0.0355902120694299,0,-2.55788336485302
0.0919367441262216,0,-2.61460619755739
0.200268068591595,0,-2.67267057966596
0.288052737853027,0,-2.73372307529545
0.35403437498415,0,-2.80090115027983
0.39735496326399,0,-2.87892429881156
0.417994052774582,0,-2.97414480140657
0.417420280754352,0,-3.09454391646312
0.399552321942745,0,-3.24956030340376
0.372072171510498,0,-3.44947263054859
0.347912361039368,0,-3.70389433512262
0.346314874289071,0,-4.01896423407966
0.392432885799896,0,-4.39327150814354
0.514481806058343,0,-4.81339272676705
0.738171147738742,0,-5.25055367640842
1.07891951761161,0,-5.65987856896176
1.53241703445057,0,-5.98387097728623
2.06512112822871,0,-6.16381392724707
2.6126325726916,0,-6.16315725835372
3.09997218374721,0,-5.99285014234667
3.47809866891144,0,-5.70975453100111
3.74248624245213,0,-5.38342031478896
3.91956537726312,0,-5.06460704550226
4.04096192059809,0,-4.77740996156555
4.12689902771872,0,-4.52808995078241
4.18356645525102,0,-4.31528535194585
4.20791170677983,0,-4.1348532970731
4.19370880106359,0,-3.98094690385754
4.13657290533451,0,-3.84641377054561
4.03697010066872,0,-3.72395044773419
3.90053803894118,0,-3.60770095103628
3.73618564724389,0,-3.49424837786528
3.55355070142365,0,-3.38250465706329
3.36108036365039,0,-3.27287702243903
3.16497891422625,0,-3.16635122574737
2.96870248517507,0,-3.06394341965792
2.77270462503153,0,-2.96677591659246
2.57442058103197,0,-2.87691128600489
2.36880421992175,0,-2.79886082583036
2.14990254761637,0,-2.74115391612652
1.91358118026431,0,-2.7166901205874
1.66049711773581,0,-2.74081907647079
1.39781708136898,0,-2.82772285191747
1.13897049271654,0,-2.98685906386565
0.901814395434199,0,-3.22055657162918
0.705784511865233,0,-3.52286784246186
0.56855260733691,0,-3.87969295881204
0.503118843998073,0,-4.27017109443087
0.516334045068278,0,-4.66853511158341
0.608561353342606,0,-5.04496993897083
0.772510086829729,0,-5.36499754013616
0.989011880523376,0,-5.58969312389648
1.22056370776038,0,-5.68313645891423
1.41265791326365,0,-5.63286248107845
1.51575136292818,0,-5.46833685209607
1.51164309360473,0,-5.24896633335174
1.41685381756834,0,-5.0337407219328
1.26945863608795,0,-4.8615357035129
1.11159295526414,0,-4.74732302658117
0.972630362369018,0,-4.69180687682031
0.860655689442539,0,-4.69473921631084
0.764077507848098,0,-4.75881490618821
0.658122086595285,0,-4.88399137103729
0.512365133273912,0,-5.06031084535197
0.298554498892613,0,-5.26414549555508
-0.00118991977043548,0,-5.45926573200359
-0.387054823966362,0,-5.60359380270677
-0.839057117093568,0,-5.66076497299606
-1.32289118264121,0,-5.61066172336908
-1.80072119917085,0,-5.45191986537232
-2.23892170186257,0,-5.19704877316493
-2.60989766719426,0,-4.86741166899932
-2.89288288469648,0,-4.49257868912335
-3.07960770779761,0,-4.11005140788762
-3.18172172576083,0,-3.75701360387359
-3.22862167749015,0,-3.45539803194422
-3.25337986616511,0,-3.20362951351993
-3.27885950155923,0,-2.98232908023405
-3.31415395427248,0,-2.7675648876301
-3.36033966661035,0,-2.54253186682874
-3.41819925711482,0,-2.30300973586786
-3.49121037852012,0,-2.05612247682734
-3.58323700829709,0,-1.81540378884239
-3.69522302339094,0,-1.59613257519955
-3.82360265648781,0,-1.41266189217251
-3.96011597097911,0,-1.27718386169718
-4.09222153864799,0,-1.19877375055079
-4.20415753416227,0,-1.18197203566219
-4.27933465380844,0,-1.22503313578901
-4.30420213732302,0,-1.31911656854901
-4.27190173330271,0,-1.44993510496705
-4.18325028896128,0,-1.60144600544133
-4.04483817405744,0,-1.75923114043247
-3.86632512538089,0,-1.91210151095451
-3.65852584875945,0,-2.05243978240053
-3.43224441905757,0,-2.17629150344092
-3.19700946134617,0,-2.28331936945834
-2.95935260047161,0,-2.3755120063015
-2.72190506529783,0,-2.45366823407656
-2.48537652421055,0,-2.51351493105193
-2.25296620774305,0,-2.54545052518523
-2.03375361772761,0,-2.53883132985367
-1.84267577764061,0,-2.48747708306272
-1.69783867341832,0,-2.39324444757837
-1.61703383326128,0,-2.26714815286044
-1.61443113790463,0,-2.12892786508137
-1.69742709149007,0,-2.00570206538941
-1.86351435125221,0,-1.92957112909015
-2.09760695308356,0,-1.93371479253287
-2.370796968616,0,-2.04694463946722
-2.64150260065349,0,-2.2873976174734
-2.85951093989385,0,-2.65648581617801
-2.97307824175482,0,-3.13428966443966
-2.93916026522973,0,-3.67791429326244
-2.7360970577074,0,-4.22531730187993
-2.37538145210321,0,-4.70763122014169
-1.90506812050171,0,-5.07027982194296
-1.3963834198695,0,-5.29567919407659
-0.913471691652836,0,-5.41216777394599
-0.484317035397975,0,-5.47654201521034
-0.100230175379773,0,-5.54043235016407
0.255093288082124,0,-5.63012594526185
0.580956607342136,0,-5.74835685442239
0.859362988679113,0,-5.88021482931492
1.06765712967114,0,-5.99473398789471
1.19435466595454,0,-6.0495205719294
1.25341893287955,0,-6.00985081041254
1.28012758030261,0,-5.87313582572487
1.30819090650564,0,-5.66757935197635
1.35613444671964,0,-5.43117885740653
1.42891665891491,0,-5.19732908454287
1.52439424882674,0,-4.98949902008061
1.6394541140713,0,-4.81971826787358
1.77317664940333,0,-4.68977355869377
1.92629497915263,0,-4.59471932578479
2.09930906489508,0,-4.52696030179535
2.29155126574836,0,-4.47946907072263
2.50158644176389,0,-4.44762293708525
2.72814378550782,0,-4.42923343065596
2.97038029152728,0,-4.42251802011735
3.22671146872394,0,-4.42316446162564
3.49253157951584,0,-4.4227357379142
3.75774563909376,0,-4.40972726671226
4.00516721875346,0,-4.37312067251714
4.21148454958123,0,-4.3077034018237
4.35318184575292,0,-4.21938560101932
4.41710173895391,0,-4.12619629005063
4.40807242468093,0,-4.05151838245551
4.34583347790974,0,-4.01434050980673
4.2547482050978,0,-4.02470842843982
4.15383703976298,0,-4.08566595943272
4.04905359763841,0,-4.19760104286834
3.92800275214777,0,-4.35923469128369
3.7615310133081,0,-4.56053639458219
3.51712101908289,0,-4.77238819820201
3.17892772309791,0,-4.94661892977236
2.76083292155871,0,-5.03142201985206
2.30367103384537,0,-4.9923985358141
1.85912050769071,0,-4.8247885838915
1.47197767998058,0,-4.55040228706978
1.17076150750986,0,-4.20581257708436
0.96672555266055,0,-3.83123159505709
0.856854412338434,0,-3.46333259756033
0.828136410118087,0,-3.13132290322796
0.862126435873484,0,-2.85549232741957
0.938919726485391,0,-2.64788275973064
1.03959706212411,0,-2.51434373795956
1.14680215610805,0,-2.45678365495018
1.24392222630536,0,-2.4745479713557
1.31380569877198,0,-2.56436862283373
1.33807437813221,0,-2.71887283277362
1.29804743479517,0,-2.92421322347924
1.17795846316917,0,-3.15810864370302
0.97017235515446,0,-3.39023414337368
0.680480817174169,0,-3.58677216778679
0.329999706707771,0,-3.7192983751786
-0.0497942286898919,0,-3.77475369033891
-0.428465699702881,0,-3.75952846672143
-0.786814864662035,0,-3.69281433628215
-1.11782796745529,0,-3.59489148702606
-1.42058859769932,0,-3.48030224201088
-1.69450697868172,0,-3.35788982033496
-1.93698864791497,0,-3.23380997212982
-2.14387569098235,0,-3.11441663449032
-2.31143085229444,0,-3.00785958308487
-2.43884950736444,0,-2.92403118193028
-2.53012865287533,0,-2.872956636004
-2.59420408748103,0,-2.86246841638896
-2.64324089325715,0,-2.89648882675729
-2.69009032974361,0,-2.97480100813005
-2.74603778711798,0,-3.09435046507941
-2.81912064281898,0,-3.25176045570516
-2.91221431756447,0,-3.44669977551682
-3.01933115555405,0,-3.6848549750315
-3.11956097284415,0,-3.97665840185097
-3.17281863216532,0,-4.32664522512835
-3.12613657227852,0,-4.71538893271021
-2.93435697123785,0,-5.08717696774929
-2.58913164239738,0,-5.35846285824928
-2.13837092303086,0,-5.45563434896593
-1.666776241721,0,-5.35906401493728
-1.25010849347214,0,-5.10411099498772
-0.932297779900835,0,-4.74969310078785
-0.727706861509209,0,-4.35511442524833
-0.628694098800008,0,-3.9701259296798
-0.612926559632045,0,-3.62997828550727
-0.651580134304496,0,-3.35336003650873
-0.717352632351325,0,-3.14436871263063
-0.789498675151119,0,-2.99770064843819
-0.85489828624858,0,-2.90421714618968
-0.906555863533909,0,-2.85476008432988
-0.9414060592019,0,-2.84191140135199
-0.958488928316789,0,-2.86037112764105
-0.957769415035104,0,-2.9066602280767
-0.939531472781031,0,-2.97857284746638
-0.904208562933708,0,-3.07457754406548
-0.852524846403383,0,-3.19325308651865
-0.785835665442847,0,-3.3327974491789
-0.706555715155512,0,-3.49063365985344
-0.618542946892012,0,-3.66313482863418
-0.527274249974121,0,-3.84548501315427
-0.439700796118508,0,-4.03165713726127
-0.363982641901823,0,-4.21440191488526
-0.309726614155797,0,-4.38504491822612
-0.288915747444895,0,-4.5332521169075
-0.315236372726552,0,-4.64928545393503
-0.397619922532636,0,-4.73391636360263
-0.531466043817704,0,-4.80894057424048
-0.69763373190322,0,-4.90901727715644
-0.86623313545792,0,-5.06465262832943
-0.99696067520329,0,-5.2912070369598
-1.04026826917411,0,-5.57865342360043
-0.947628809592043,0,-5.88137739454116
-0.695278087826439,0,-6.1176832809735
-0.315402045856774,0,-6.19953277058707
0.105392797282438,0,-6.09005334253373
0.474674358083973,0,-5.82142430629416
0.7281221101122,0,-5.46466205032682
0.843688646003096,0,-5.10502256618209
0.857784115351041,0,-4.81050218154636
0.845004501628176,0,-4.59115867804777
0.865239547179051,0,-4.40893499797852
0.943282199602671,0,-4.22911807457569
1.08213991126388,0,-4.05001993970119
1.27402273204065,0,-3.89799626781407
1.50015667847318,0,-3.80755399602279
1.73016619515531,0,-3.8021199626979
1.9274542979608,0,-3.88361888030978
2.05717066209979,0,-4.03175423164054
2.0922318182641,0,-4.20828622808286
2.01870321264871,0,-4.36232428900758
1.84408921139742,0,-4.4402183945296
1.60151793982169,0,-4.40507733842897
1.33671070994827,0,-4.25131043573227
1.08908410822928,0,-3.99646910013506
0.887136871608288,0,-3.66421224467479
0.75608796470566,0,-3.27663775453522
0.725722076399014,0,-2.85993729019466
0.821158733962002,0,-2.45744263817805
1.03620191400467,0,-2.12348989294824
1.33283961512801,0,-1.89671517138428
1.66407382105229,0,-1.79084916338089
1.98762772611449,0,-1.80070836583555
2.26958535028935,0,-1.91042040337181
2.48267536954635,0,-2.09922273308913
2.60386349575697,0,-2.34246385193314
2.61590904295579,0,-2.60996373806504
2.51354555556704,0,-2.86704820977769
2.30826967312976,0,-3.08115970100695
2.02504536328549,0,-3.22877583386023
1.69471013210981,0,-3.29551547279478
1.35148242248252,0,-3.27104877049398
1.03925474381588,0,-3.14682084138101
0.820305991076168,0,-2.92740316496909
0.761669049300383,0,-2.65788731189982
0.885142139692294,0,-2.42631067454404
1.14555648456644,0,-2.31183199507263
1.4689995375783,0,-2.347907955321
1.78896792849834,0,-2.53009719404783
2.05575880388507,0,-2.83536588272654
2.23159749183081,0,-3.23316922148497
2.28480711371384,0,-3.68595474669092
2.19089451938581,0,-4.14435921752651
1.94389142023707,0,-4.54643085283736
1.5715193696832,0,-4.83200803562969
1.13421413211112,0,-4.96802458265555
0.70349228549086,0,-4.95983155343975
0.341234844946445,0,-4.84422560115841
0.0846695226657928,0,-4.6799891341067
-0.0708344722370111,0,-4.53167846841723
-0.173846004554782,0,-4.43868356877514
-0.285452509433741,0,-4.39920185473665
-0.444204762742203,0,-4.39475789205374
-0.658666895202241,0,-4.42201951716673
-0.915972340653083,0,-4.49639814699345
-1.1897719036325,0,-4.63606117112121
-1.4459674202485,0,-4.84803997572436
-1.64740948296987,0,-5.12272850584575
-1.75836975238164,0,-5.43221276783581
-1.75211535387491,0,-5.72970543904996
-1.62488341209484,0,-5.95572326089483
-1.40804961411621,0,-6.05987067280421
-1.15869090327384,0,-6.0259038683975
-0.934407422713295,0,-5.8727291167113
-0.779034956277842,0,-5.63879147638206
-0.718185155085389,0,-5.37196696487351
-0.75107330720507,0,-5.12114466356247
-0.846740626841636,0,-4.91761810807798
-0.960950391792527,0,-4.75986960450641
-1.06090981904468,0,-4.62327916261777
-1.13377025219944,0,-4.48397738014798
-1.1792770950774,0,-4.33188282969145
-1.20085006579898,0,-4.1690779368353
-1.20157764351431,0,-4.00403245693703
-1.18375767572903,0,-3.84735454846135
-1.14965276146073,0,-3.70938209491101
-1.1022090419721,0,-3.59898989285236
-1.04537873122988,0,-3.52316774097589
-0.984153139476453,0,-3.48703913411966
-0.924528793791242,0,-3.49404878470174
-0.873550295534339,0,-3.54608719648172
-0.839425154948736,0,-3.64336298897928
-0.831562430663106,0,-3.78391259196498
-0.860298591622717,0,-3.96276832512624
-0.93607894881052,0,-4.17097023405246
-1.06797445943624,0,-4.39474946795317
-1.26158913652204,0,-4.61527375417684
-1.51656920605675,0,-4.80934529574132
-1.82406698048849,0,-4.95150159123192
-2.16488991084999,0,-5.01811353984613
-2.50993907078006,0,-4.99372933235627
-2.8250897076496,0,-4.87795807623688
-3.08054378556411,0,-4.68837978973198
-3.26017272849599,0,-4.45584356066013
-3.36529142222029,0,-4.21428202574701
-3.41149725014971,0,-3.99094138559866
-3.42109251964024,0,-3.80149308041514
-3.4149112800308,0,-3.65119921255359
-3.40696495036775,0,-3.53991019641893
-3.40301491793604,0,-3.46683417962038
-3.40163481811074,0,-3.43252078666001
-3.3959007778148,0,-3.43826192725894
-3.3750160892641,0,-3.4842746673963
-3.32618089117516,0,-3.56779882517292
-3.23716445621514,0,-3.68193768290331
-3.0993844181226,0,-3.81597207665499
-2.91029557522989,0,-3.95738216539304
-2.67368693168542,0,-4.0946732116408
-2.39781148694361,0,-4.21938825245342
-2.09280495102913,0,-4.32642055039354
-1.76892571330307,0,-4.41308507560821
-1.43611590923115,0,-4.47809222714732
-1.10433048814933,0,-4.52144766942203
-0.78343885929179,0,-4.54556714494468
-0.481690128643002,0,-4.55666697534876
-0.203082343094342,0,-4.56477693068302
0.0546190820714403,0,-4.58171941589072
0.299598686336846,0,-4.61819625178829
0.543027772374005,0,-4.68172687243915
0.793999215230665,0,-4.77632849125454
1.05419973032901,0,-4.90329752960067
1.31564540151858,0,-5.06115185989273
1.5631668703835,0,-5.24367890503347
1.77902725320287,0,-5.4372824511381
1.94693360118753,0,-5.61870908536749
2.05671229752557,0,-5.75412140404418
2.11201483488878,0,-5.80465196086373
2.13551966610108,0,-5.74491795708168
2.15853047093214,0,-5.58096668650834
2.20245534303746,0,-5.34291416590258
2.27280872417676,0,-5.06468539804972
2.36374230745938,0,-4.77314049578857
2.463844122007,0,-4.48629280255473
2.5610807312716,0,-4.21453020431749
2.64679652048709,0,-3.96248532126529
2.71744874978722,0,-3.73104345513559
2.77361364761152,0,-3.51905351008798
2.81780576710452,0,-3.32449371599028
2.85272935543999,0,-3.14518576143903
2.88046190423473,0,-2.97919811762044
2.90233212676943,0,-2.82500518845034
2.91910697772263,0,-2.68146391300434
2.93123540325917,0,-2.5476878974068
2.93905743904239,0,-2.42289094828345
2.94297905374483,0,-2.30624747450875
2.94364371598046,0,-2.19679727971843
2.9421331107111,0,-2.09341559937204
2.94021880636012,0,-1.99487668960039
2.94066190142907,0,-1.90005793674835
2.94750398634543,0,-1.80835039993937
2.96619747228874,0,-1.72033041036902
3.00331110834437,0,-1.6386510527848
3.06552558287284,0,-1.56889482734958
3.15787136604248,0,-1.51987912313519
3.28167534531415,0,-1.5029052652825
3.43310250945869,0,-1.52992343140861
3.6029738370552,0,-1.61127939271292
3.77775444759489,0,-1.75392688140956
3.94099055180456,0,-1.96047847987997
4.07458588906227,0,-2.22878241395148
4.1599194229168,0,-2.5514867904356
4.17937003702674,0,-2.91540092904148
4.11893727553746,0,-3.30117758581352
3.97198072141863,0,-3.68453912484666
3.74258054799402,0,-4.04008490561846
3.44598908234878,0,-4.34688414562461
3.10514223930902,0,-4.59306331206939
2.74511850394405,0,-4.77720939563857
2.38823696927494,0,-4.90688371085645
2.05100316754362,0,-4.99578424034676
1.74280637263632,0,-5.06068034250278
1.46599955789772,0,-5.11861876356391
1.21710414037411,0,-5.18469697564026
0.988889175484905,0,-5.27067355713772
0.772990846058087,0,-5.38453466661608
0.562698032963967,0,-5.53080906778885
0.355507601382907,0,-5.71103879755555
0.154913617674473,0,-5.92356704328656
-0.0293011813231508,0,-6.16197208114947
-0.182908579651871,0,-6.41215972892304
-0.291499476165963,0,-6.64898881747552
-0.347623542110738,0,-6.83462168028165
-0.360719394396505,0,-6.92454669641065
-0.362246382174816,0,-6.88894653960194
-0.391058595973347,0,-6.73587060230913
-0.469597818011825,0,-6.50384457089721
-0.598751819334202,0,-6.23520039121088
-0.767082262128542,0,-5.96132929102075
-0.959719824445871,0,-5.70120582317986
-1.16356504945649,0,-5.46443130010216
-1.36982995351746,0,-5.2546702276866
-1.57475740021047,0,-5.0722619900335
-1.77909303495725,0,-4.91566869174865
-1.9868695027171,0,-4.7818743219714
-2.20390702124595,0,-4.66613986909339
-2.43620390846856,0,-4.56159725155549
-2.68828999047698,0,-4.45910597173907
-2.96168247111575,0,-4.34765987030018
-3.25369340096519,0,-4.21542243875015
-3.55684272786235,0,-4.05123812760403
-3.85900164817781,0,-3.84633077722067
-4.14424840444057,0,-3.59592697000744
-4.39440842480854,0,-3.3006443634725
-4.59135617163989,0,-2.96745903227808
-4.72009406707641,0,-2.60979685849279
-4.77203578299966,0,-2.24607324273585
-4.74708144133441,0,-1.89652104777257
-4.65321449452661,0,-1.57942366742104
-4.50393235423263,0,-1.30847752588646
-4.31514380136047,0,-1.09203260774922
-4.10286366367971,0,-0.933640595218176
-3.88195858114215,0,-0.83297259742759
-3.66553050617751,0,-0.786551371587067
-3.46443805781019,0,-0.788222477411932
-3.28667429941479,0,-0.82959537345046
-3.13665918448834,0,-0.900777248735434
-3.0148227751894,0,-0.991557121252999
-2.91791789314343,0,-1.09281932073896
-2.84016173493981,0,-1.19765833685446
-2.77480741300386,0,-1.30175518615104
-2.71554984679164,0,-1.40299789958899
-2.65740293214192,0,-1.50068500936263
-2.59704495092244,0,-1.59470165777693
-2.53282565026003,0,-1.68490822177687
-2.46463149201299,0,-1.77082371279558
-2.39372346159473,0,-1.85159798371785
-2.32258151566277,0,-1.9262300852395
-2.25474212846421,0,-1.99397285763027
-2.19459954686891,0,-2.05485457268721
-2.1471437609231,0,-2.11025039688218
-2.11761001714351,0,-2.16345181907199
-2.11099669068855,0,-2.22020472699212
-2.13135399959861,0,-2.28919976030065
-2.18064838631907,0,-2.38245662534474
-2.25691758313665,0,-2.51534406876011
-2.35157686386994,0,-2.70553467688251
-2.44650372546168,0,-2.96979058620029
-2.51281701321896,0,-3.31803334142225
-2.51362410205506,0,-3.74619870108733
-2.41097971952184,0,-4.23108832614123
-2.17479070980824,0,-4.72919971944139
-1.79213191640094,0,-5.17915035750932
-1.27805175114697,0,-5.50923067287461
-0.685029457948797,0,-5.65744022463083
-0.0947345602631025,0,-5.60369497112954
0.416564681456163,0,-5.38449547149246
0.808852313102548,0,-5.07011471938234
1.08246933503911,0,-4.73175938224854
1.26665043263285,0,-4.4212731685974
1.4034582826541,0,-4.16351617371618
1.53170383479781,0,-3.96015186273311
1.67717776122824,0,-3.80185923664996
1.851906487091,0,-3.68024509082045
2.05795487778963,0,-3.59308257073305
2.29069770830181,0,-3.5437047651884
2.54026106659229,0,-3.5380865188945
2.7920478527614,0,-3.5817219456848
3.02747307340914,0,-3.67678581110683
3.22581632894638,0,-3.81963512264709
3.36784476298999,0,-3.99921047509237
3.44090090198159,0,-4.19763763647346
3.44325717064654,0,-4.39397460506449
3.38476215748356,0,-4.56980364919093
3.28330072999649,0,-4.71359318520913
3.159651830468,0,-4.82218318525601
3.03313983920547,0,-4.90023915864669
2.91852063118472,0,-4.95883908343339
2.82404688999201,0,-5.01309000250448
2.75174032975267,0,-5.07824946890168
2.70083135584437,0,-5.16506775940336
2.67242606849765,0,-5.27607672888585
2.67114653957264,0,-5.40377622550321
2.70198928758143,0,-5.53054792820103
2.76459367065023,0,-5.63031391472876
2.84788530005461,0,-5.67341061100081
2.92862967339285,0,-5.63710223509177
2.97883450811638,0,-5.51871346607346
2.97967830098045,0,-5.33820416411734
2.92866442897375,0,-5.12549376188779
2.83552791814808,0,-4.90686982450666
2.71498735588535,0,-4.69989982804488
2.58167193250217,0,-4.51419883524634
2.44740959815837,0,-4.3539644578011
2.32006345201154,0,-4.22043497518486
2.20350230486709,0,-4.11365576137888
2.0983937822597,0,-4.03344264750189
2.00340261393687,0,-3.97973847726701
1.91641679769126,0,-3.95265727849063
1.83557744967361,0,-3.95241773327769
1.75999708239213,0,-3.97924829048786
1.69009956506333,0,-4.03331020139577
1.62754315895889,0,-4.11471678604486
1.57467312282124,0,-4.22374491311532
1.53336015998254,0,-4.36125230304789
1.50306586463406,0,-4.52905024547415
1.47845004861912,0,-4.72953081949796
1.44782030912433,0,-4.96365774107783
1.3939124370613,0,-5.22726148234938
1.29710658568683,0,-5.50676699531795
1.14046553533395,0,-5.77552531939031
0.917302927446672,0,-5.9924470297533
0.64174048454267,0,-6.10890434283415
0.353819591947096,0,-6.09223471331617
0.10226837241478,0,-5.95175742481417
-0.083744243047801,0,-5.7316772883569
-0.20199097758024,0,-5.48130590353876
-0.267095824069939,0,-5.23718662086835
-0.299538179511739,0,-5.02031369370109
-0.318539724566573,0,-4.83960420140854
-0.338863155533793,0,-4.69669140805981
-0.370761502345088,0,-4.58979917381451
-0.421239136744466,0,-4.51627667035453
-0.494830394110498,0,-4.47457095165245
-0.592876417859088,0,-4.46611296243642
-0.711017162494712,0,-4.49632088174679
-0.836326923218835,0,-4.5725384502552
-0.947500635288431,0,-4.69780467619489
-1.01976900867616,0,-4.86381963016043
-1.0317080724504,0,-5.04760896589782
-0.971155625380007,0,-5.21214565858253
-0.841426331203225,0,-5.31063981235756
-0.667737034157178,0,-5.29966763183382
-0.493524531161615,0,-5.16219254273453
-0.359905857186324,0,-4.91791408833345
-0.288882870851352,0,-4.60637281743731
-0.283980874657051,0,-4.2666152545943
-0.337002838524352,0,-3.92890854031142
-0.432677272954141,0,-3.61304211254778
-0.552256314946007,0,-3.3276295105112
-0.678987613925847,0,-3.07090169761221
-0.804446805553901,0,-2.83575457989434
-0.930495863861736,0,-2.61726248312035
-1.06505298473021,0,-2.4170263930537
-1.215850572967,0,-2.24243283778145
-1.38638830431514,0,-2.10318711844257
-1.57511398384234,0,-2.00799616549917
-1.77655982653595,0,-1.96284256601941
-1.98276225831041,0,-1.97066458545079
-2.18419829708578,0,-2.03155599723636
-2.37034060096189,0,-2.14291979085779
-2.53009598927935,0,-2.29952420441686
-2.65224621406586,0,-2.49348772987345
-2.72611911155887,0,-2.7141158955667
-2.74295830239222,0,-2.94777231898266
-2.69821179418406,0,-3.17852504322464
-2.59389349705992,0,-3.39035237811349
-2.43917972095911,0,-3.57045453932725
-2.24830139332049,0,-3.71170021886585
-2.03714641916367,0,-3.81272001029418
-1.82078190511633,0,-3.87622283540053
-1.61273968718427,0,-3.90717948226598
-1.42535317726854,0,-3.91212157083186
-1.26959235156297,0,-3.89984190826896
-1.15296041436323,0,-3.88237039343966
-1.07590021963868,0,-3.87396128016063
-1.02966761947705,0,-3.88721862479549
-0.997971186877194,0,-3.92883028941828
-0.961192417065194,0,-3.9981428228422
-0.900723002989513,0,-4.08953085173529
-0.80268233350505,0,-4.1978504577494
-0.661480127736095,0,-4.32500277646826
-0.482769760175746,0,-4.48280287340316
-0.28402611996138,0,-4.68772946225159
-0.0916467545686653,0,-4.95073578250327
0.0639447838562517,0,-5.26953329575282
0.152847714857463,0,-5.62536606389448
0.150094886710743,0,-5.98132708348657
0.0435777440310761,0,-6.28142502593662
-0.151002090390098,0,-6.45904135501729
-0.379942698211342,0,-6.46933444575301
-0.57454484513595,0,-6.32386693347366
-0.689198982018686,0,-6.07771443610138
-0.710600570165183,0,-5.79298905912201
-0.649217495572863,0,-5.51964593344699
-0.531762980406292,0,-5.28844926678159
-0.392664368410246,0,-5.10740459790091
-0.262205456294468,0,-4.9659830494191
-0.158571942753881,0,-4.84826180503349
-0.0884406514051332,0,-4.74512817787308
-0.0513488527334302,0,-4.65822194676703
-0.0423757785494825,0,-4.59748608722218
-0.0522425926800376,0,-4.57657435150076
-0.0664318912090613,0,-4.60816133156697
-0.0649802617461565,0,-4.69957567606269
-0.0238819121274968,0,-4.84891998075645
0.0816490117169462,0,-5.04206718511786
0.272209780808471,0,-5.25108611523779
0.557732056549528,0,-5.43493097140298
0.929959754729804,0,-5.54425065261065
1.35662868320338,0,-5.5333326113658
1.78463488853606,0,-5.3785060215648
2.15698138384774,0,-5.09089831389298
2.43284015882228,0,-4.71078784496997
2.59646187479456,0,-4.29041690807408
2.65591069626506,0,-3.87868868179346
2.63755651766095,0,-3.51023183917765
2.57661752103593,0,-3.19837941510711
2.50473105492812,0,-2.93609373299289
2.44140821347601,0,-2.70616806171327
2.39427608255801,0,-2.49318121278246
2.36443408699426,0,-2.2892839718697
2.35097273600717,0,-2.09371376177948
2.35277590284603,0,-1.91005781583121
2.36860136940107,0,-1.74391759430473
2.39659731673112,0,-1.60150826133785
2.43381466891394,0,-1.48885955436257
2.47591589108027,0,-1.41124513156882
2.51716639210531,0,-1.37264748434794
2.55076150976844,0,-1.37523192916049
2.56949133543089,0,-1.41893061783103
2.56662823187037,0,-1.5013137105747
2.53676838570814,0,-1.61788452782581
2.47630431638005,0,-1.76274531575344
2.38335818072868,0,-1.92935718615193
2.25727368571894,0,-2.1110458987892
2.09794797511018,0,-2.30101094362387
1.90534046505822,0,-2.49174756173364
1.67956913783857,0,-2.673953349003
1.42216245251753,0,-2.83540011493023
1.13880649430188,0,-2.96116806564431
0.842290665268807,0,-3.03712509489627
0.55225264154209,0,-3.05597833997137
0.290359552043796,0,-3.02109672217512
0.0746828420564197,0,-2.94504241119064
-0.0830565526610652,0,-2.84535573100959
-0.17754386024042,0,-2.74094095731632
-0.208792053855696,0,-2.64999343710646
-0.180920176738653,0,-2.58915202296966
-0.101279812811938,0,-2.5734249012887
0.0197839723905652,0,-2.61643551135319
0.168453141597846,0,-2.73046239911973
0.326454558145429,0,-2.92571570518488
0.470154072438665,0,-3.20842765116954
0.570601805989113,0,-3.57771909581369
0.595434888214149,0,-4.02178706131216
0.51324193076258,0,-4.51450817289709
0.30058503441569,0,-5.01396809521461
-0.0486178080567156,0,-5.46514098369808
-0.513525737427578,0,-5.81005758666645
-1.0435856423006,0,-6.00710815817799
-1.57191975826353,0,-6.05151644546446
-2.04290814663536,0,-5.9795805867718
-2.43452610631202,0,-5.84927274596452
-2.75701976417509,0,-5.71185588516141
-3.03086511569088,0,-5.5962647460752
-3.265843665554,0,-5.51126632471535
-3.45597063405111,0,-5.45262764634426
-3.58638730271166,0,-5.40671998689819
-3.64449169705011,0,-5.35320751728895
-3.63027398748457,0,-5.27184405127892
-3.55888518661612,0,-5.15194785038504
-3.45290497103454,0,-4.99628353738411
-3.3327744826725,0,-4.81678979390064
-3.21260669780296,0,-4.62806721791593
-3.10048638979797,0,-4.44294722675969
-3.00019243789626,0,-4.27048973240928
-2.91273220825555,0,-4.11572008444916
-2.83735082292516,0,-3.98047452790053
-2.77220940551989,0,-3.86467551429734
-2.71496329987703,0,-3.76743944588706
-2.66332136478533,0,-3.68775502831077
-2.61556285401657,0,-3.62479825758909
-2.57094751420684,0,-3.57806258572305
-2.52991636112855,0,-3.54740902626252
-2.49397399049306,0,-3.53302891060684
-2.46523745296006,0,-3.53527321682588
-2.44579417929993,0,-3.55434335396153
-2.43708727717139,0,-3.58989506845351
-2.4394612921699,0,-3.64063790874556
-2.45184663345027,0,-3.70403294407675
-2.47148068557779,0,-3.77620762342226
-2.49360514802177,0,-3.85218928065762
-2.51120223954536,0,-3.92651329167966
-2.51500366050037,0,-3.99423350470145
-2.49419894154704,0,-4.05230425912905
-2.43828058651788,0,-4.10102365552818
-2.33983384784963,0,-4.14473115589223
-2.196879008709,0,-4.19093709662684
-2.01308483208759,0,-4.24815412278944
-1.79566947404304,0,-4.32378758047604
-1.55218555373743,0,-4.42305995351403
-1.28715289658642,0,-4.54873071933198
-0.998942947024927,0,-4.70049032107345
-0.678025791610074,0,-4.87264467593597
-0.309199596991749,0,-5.04985833583372
0.120257521269385,0,-5.20393800771133
0.609300138156587,0,-5.29672838536143
1.13577036770067,0,-5.29088061697332
1.65864325118308,0,-5.16420138717191
2.13003040029289,0,-4.91991518857645
2.51100131314635,0,-4.58641223787947
2.78234060604216,0,-4.20677091028446
2.94591004821548,0,-3.82533089212682
3.01936792307172,0,-3.4780125352673
3.02888124789922,0,-3.18800338270274
3.00254627964644,0,-2.96554953846066
2.96557202824917,0,-2.81026401755939
2.93755406012962,0,-2.71460110376581
2.93168313731148,0,-2.66736441723781
2.95534507471121,0,-2.65649546325722
3.01145243984521,0,-2.67088637443474
3.10000063085954,0,-2.70135125605117
3.21957171864741,0,-2.7410825918493
3.36865049546083,0,-2.7859864814466
3.54658321166449,0,-2.83531047116448
3.75375717859027,0,-2.8928770762761
3.99019005706368,0,-2.96872152782246
4.25173718513523,0,-3.07973095935048
4.52457441826576,0,-3.246751198986
4.78113005914299,0,-3.48689712527436
4.98079143830044,0,-3.80360994856612
5.07564094442073,0,-4.1781426210924
5.02171026298609,0,-4.56383353415147
4.80040526519814,0,-4.889166471471
4.44210916552689,0,-5.08515171635675
4.01667948799582,0,-5.12467197443111
3.59349548535713,0,-5.02680614636161
3.21832946892796,0,-4.83253956722612
2.91268860636276,0,-4.58619489519778
2.67897241857016,0,-4.32704588861094
2.50597235091706,0,-4.08489120905263
2.37514684847312,0,-3.87786196452814
2.26687731460468,0,-3.71322197055949
2.16470603106748,0,-3.59063693359271
2.05679349419101,0,-3.50598917960595
1.93549059436616,0,-3.45427221955361
1.79629255051407,0,-3.43128538620349
1.63695111863507,0,-3.43447128470676
1.45702158939774,0,-3.46323841409841
1.25785364876761,0,-3.51889632127557
1.04288603301617,0,-3.60416532171335
0.81798261115531,0,-3.72220970647665
0.591502816948588,0,-3.87529455962752
0.373937063663227,0,-4.06336250360123
0.17721133281533,0,-4.28283632464213
0.0139032911582485,0,-4.52567998806358
-0.103632759698296,0,-4.77845142596582
-0.164815596022582,0,-5.02123955193503
-0.164133910172383,0,-5.22747473785322
-0.106423818100355,0,-5.36753357944186
-0.0105154215772367,0,-5.41866757073028
0.095177105355239,0,-5.3759918441911
0.183634962813944,0,-5.25354539478
0.236918004589955,0,-5.07572267019941
0.247316947913625,0,-4.86874501195669
0.21576317946501,0,-4.65604487450089
0.149819836952593,0,-4.45587989949808
