0.2,0.2,0.2,0.2,0.2,0.2,0.2
0.228465082950837,0.148305529434529,0.210172053096977,0.200716552691725,0.201274411411438,0.201032560043758,0.199254784366117
0.290271303887553,0.056680918571465,0.18585578263668,0.217745822749031,0.202326577097314,0.204625913655635,0.196978941004295
0.340435122564191,0.0225808149290159,0.0856330934632214,0.225113824017803,0.21655066800926,0.206411430118528,0.19461554067306
0.365345488016658,0.0311878612315016,0.00844476977162453,0.139213853593033,0.248459622995207,0.209988446973337,0.190651659796413
0.372582009907933,0.032889167745767,0.00905142254867721,0.0100428679163675,0.205104572683061,0.241299553093201,0.180363400379373
0.362509060066075,0.0362285074251182,0.0105383210445231,-0.0212529582431048,0.0373207468816104,0.245267715409124,0.191034928411779
0.34214389084375,0.0266513109304877,0.0182839815344665,-0.0185839795125626,-0.0708866678390704,0.0790140489091395,0.228083620445175
0.3067143424997,0.0243159398362682,0.0104338909660543,-0.0204272069877614,-0.077983421161117,-0.144855587225075,0.121390500402815
0.259505956892169,0.0201887027649511,-0.00227018365272073,-0.0210129643024901,-0.0904602067693851,-0.22515898191326,-0.196911943020275
0.201549763887497,0.00826510186529135,-0.0020437052183227,-0.0393505145051372,-0.103344542017127,-0.218521614370611,-0.509077342522771
0.128464341291982,0.00663352189939787,-0.0148644353823508,-0.0522047083320925,-0.0997794657880075,-0.209938593173826,-0.665472639131593
0.0480800028352612,-0.00188523974606045,-0.026171994075982,-0.0532172337018684,-0.0860643276793556,-0.20087458140882,-0.662426977687965
-0.0377622325425273,-0.0188297845438858,-0.029106849226215,-0.0432910785520996,-0.0740053307364131,-0.179705119294598,-0.511507169113077
-0.13412204798374,-0.0259540173794283,-0.0305248105790857,-0.0324911045394687,-0.0640034649625005,-0.147454104848989,-0.220088096658197
-0.237259095210824,-0.0235581511988204,-0.0265062321154112,-0.0335569947552875,-0.0580312656128329,-0.073359019003494,0.112170959679659
-0.334705687498155,-0.0238575713885895,-0.0225334435834497,-0.0397168439829703,-0.0443869876763148,0.0575265597603731,0.323480592174493
-0.415505795147182,-0.0347726378910049,-0.0294744046396516,-0.0359984110820147,0.000971944920198455,0.174972838125044,0.395741001679465
-0.476764211904054,-0.0558414659738305,-0.0449055801317077,-0.0159850243849371,0.066564369048668,0.230896509329974,0.390091851373284
-0.522140906853126,-0.0784934967217519,-0.0569969700712194,0.010328714865231,0.121186568810275,0.23606165814813,0.344326066337072
-0.5556936647149,-0.0917597569692896,-0.0592420288944447,0.0285159020591926,0.143959280165976,0.217329318459225,0.271923264989287
-0.57798608071473,-0.0897400612033654,-0.0525450616358093,0.030469044009056,0.130183175563153,0.188303459861688,0.181891753244292
-0.586197513970794,-0.0739547645189913,-0.0406863692894887,0.0157130845694038,0.0861846555668581,0.144063101500926,0.0899233131581902
-0.574600742244453,-0.0530723522199521,-0.0293516124583569,-0.0094367849429582,0.0251546060233885,0.0698114864155893,0.0167156206213985
-0.536079575251463,-0.0401099311508426,-0.0264096803448366,-0.0341533960782211,-0.0399923972455428,-0.0351448502132966,-0.0318531183489949
-0.468315958227793,-0.0429681459939244,-0.036710570144232,-0.0544677829638079,-0.100629711988512,-0.141924515376449,-0.0791798641497619
-0.37988719183607,-0.054758955954421,-0.058513040222436,-0.0786480113121499,-0.147313027071824,-0.219643328212849,-0.151454068355189
-0.285855958318243,-0.0617568919783156,-0.0845948998741959,-0.112595704162987,-0.174893831118381,-0.26038541955398,-0.249396565337187
-0.197919367910744,-0.0595562111535234,-0.103750748211365,-0.148326666913514,-0.190547919436302,-0.271212719111804,-0.353242560032326
-0.121810241038333,-0.0524805128333426,-0.107845289556197,-0.168898479264514,-0.205126555431959,-0.264485805541874,-0.436544742979192
-0.0606763503846135,-0.0435925866089704,-0.0965695767621101,-0.162826059374354,-0.216462787548845,-0.256854626751448,-0.471921887697031
-0.0167239097294037,-0.0321660860978689,-0.0741022498521814,-0.133304138459562,-0.206295291277134,-0.263615980633954,-0.433700594782991
0.0103431876019504,-0.0175725395801818,-0.0459166908337815,-0.0913691234599289,-0.163485673341142,-0.274008773249514,-0.312534748351239
0.0253603018273806,-0.0030630045454181,-0.0172842263461905,-0.0437471923260508,-0.111959853231374,-0.223295793393412,-0.14794433059296
0.0361597731462661,0.00717799094861858,0.0103301168726373,-0.0096025307512284,-0.0602338450257716,-0.0601332690485146,-0.0125833051817238
0.0495016179411223,0.017879772221007,0.0191713285908123,0.00879965782542779,0.0433697220495819,0.113039165701373,0.0958027165816605
0.0740421566278644,0.0140469413315019,0.017057943687994,0.0598609160685755,0.154201702131975,0.214450484844156,0.195714409250242
0.101797087773301,0.00332876036939015,0.0374299005952605,0.125087814623977,0.218373568804039,0.265636779617507,0.272672918898839
0.118773685783721,0.0210135328649923,0.0722695450993191,0.164867320170112,0.241044566554074,0.294829222933109,0.320214802128227
0.133257334502171,0.0609075496847811,0.108663857668036,0.168908159946452,0.240550977322435,0.310193703682785,0.34588876619432
0.165434675033807,0.0898010502812237,0.135829562805975,0.158431463723209,0.222374027481702,0.312085639077925,0.359048601846096
0.224934813403712,0.0906056726014922,0.140923435179665,0.155760176124652,0.191687281990026,0.296252761726759,0.364774025290982
0.30473951149705,0.0725267806407073,0.118722744491782,0.157086949433049,0.165359391877868,0.255814029347276,0.36071111851414
0.388495514341555,0.0545723958148375,0.0812175628323659,0.137968918389533,0.157672263202116,0.194397320854605,0.332134356007121
0.460518941458818,0.0483471908547798,0.04853741347902,0.0899426544757849,0.150319823838133,0.139331001113353,0.253915915370799
0.512636068602852,0.0522560309108896,0.0311965953493467,0.0389995238387645,0.103449520131068,0.115704682204506,0.118565467531336
0.543906874807001,0.0570771879769355,0.0302604142140518,0.0072360445292587,0.0217331103334106,0.0906324371064037,-0.0251980307042882
0.554154537779351,0.0609259008056344,0.0372011313717951,-0.00853696586769645,-0.0425414325390109,0.00333926771124363,-0.107717955390468
0.543684030720846,0.0660150775813906,0.0396842807792576,-0.0106397271653196,-0.0709494189455943,-0.133430570334012,-0.126635009236594
0.515582943458839,0.0667134290556769,0.0396182602077476,-0.00127218716357276,-0.087351340496875,-0.241717433470989,-0.142393416129347
0.472207244740532,0.0592413821591283,0.0441182818082785,0.00743965040596391,-0.1007702578094,-0.272041829755586,-0.198810610715628
0.414083474151383,0.0501228900667329,0.0459158162209384,0.0063779074832673,-0.0965961058908918,-0.226414175383293,-0.288961815173989
0.34430829653202,0.042888425969675,0.0335219456782218,-0.00223878861685379,-0.0607580755512816,-0.136064440774263,-0.360985672253462
0.269508971714845,0.0269013485704946,0.0114900209862964,-0.00548519008216722,-0.00247626456618606,-0.0427773995304287,-0.33621485867035
0.1880917610771,0.00167104429470508,-0.00650156619771149,0.00901303774206155,0.044646072572061,0.0229136647380473,-0.156251500989917
0.0882511652719398,-0.0110143253254723,-0.00738182571362594,0.0273063480050341,0.0579853645930992,0.0676217440062849,0.133074675821604
-0.0303111050852107,-0.000183080158455445,0.0102317502050772,0.0277599891116475,0.0478162004872782,0.123923607070209,0.376356881519276
-0.146058464803282,0.0141952935141219,0.0280248478930645,0.0203841080346028,0.0415479161355908,0.176190454459613,0.492233953435251
-0.236231217288737,0.00775642193018202,0.027839245198449,0.0267768544748947,0.0532251178800409,0.191406082387767,0.486650027199446
-0.297155982023471,-0.0181117138172386,0.00858307323273287,0.0424835272179829,0.0808161184139462,0.171787003581379,0.362878300161361
-0.341631737287643,-0.0415613270580204,-0.0154475682231755,0.0452495279421703,0.106683968754544,0.141380572286982,0.132590271425384
-0.381217926894092,-0.0476079623161357,-0.0290328872987112,0.0279078282051833,0.104534023139389,0.0920615266474566,-0.105725435539431
-0.414877707374929,-0.0414918004074836,-0.0287787985288902,0.00491314808464008,0.0524584260825411,0.000822603755504775,-0.219276742566219
-0.434818519724394,-0.0355805652575259,-0.0213267849195477,-0.0179503811123941,-0.0461660280924408,-0.109482477572796,-0.184172627505472
-0.434830610566733,-0.0353757427688435,-0.0218393413609919,-0.0547834540294019,-0.146893560340507,-0.194016929875065,-0.0911197252534593
-0.412443985499289,-0.0430746679095804,-0.0458972066195628,-0.105285339090307,-0.209443238109559,-0.233793376231624,-0.039270783553857
-0.370886430755592,-0.0619325740912861,-0.0907683825590992,-0.153900853857875,-0.229505014566279,-0.238633250048666,-0.0593343146073866
-0.320749188464749,-0.0884921313484418,-0.139499387928943,-0.190524768754275,-0.223757857332791,-0.224536361907618,-0.134178888159933
-0.276116485663258,-0.110305962329982,-0.176269697817392,-0.21416079547336,-0.211120002302352,-0.205506763381068,-0.230560296545145
-0.247455358492687,-0.115853194545828,-0.191907357405248,-0.226781166845704,-0.203865420034319,-0.19263401968023,-0.317908492639254
-0.238186981881304,-0.103393037093424,-0.181402286942421,-0.227417747141535,-0.207134080825459,-0.193626110042016,-0.375526971653978
-0.245532121339669,-0.0802482640589602,-0.145092248097464,-0.209296002102237,-0.219266483931306,-0.2140014959548,-0.390229961025255
-0.26275521515788,-0.0553907044079286,-0.0939702284816286,-0.164176785875122,-0.22781933281558,-0.255759700556014,-0.356012061489518
-0.280810128114484,-0.0343069714167418,-0.0454209099830129,-0.0984991920447374,-0.2085940553403,-0.304385328565532,-0.284863127099151
-0.289787707550524,-0.0199184306207412,-0.0104515744405239,-0.0378760838103051,-0.149462354370894,-0.307691766249669,-0.216896774833835
-0.282369792057351,-0.0117118836612895,0.0057461245411206,-0.00133273070358114,-0.0753657380574196,-0.196169425129659,-0.184193434332178
-0.255482686929413,-0.00880758252565126,0.00474886311215545,0.00482925927223617,0.00280647727704129,0.00147252229012998,-0.118954839441906
-0.21018175166851,-0.0127739737491561,-0.0100823886535317,0.0110400421166982,0.0894017466835846,0.1470415095619,0.0777202116617685
-0.153413140955315,-0.0254392693080673,-0.0157933782948763,0.0438762175024679,0.140197088769843,0.22845720252928,0.306844633909964
-0.100241891872846,-0.0248700221838649,0.0027434057976817,0.0716077677562175,0.152737295765081,0.282592642276649,0.451911047198477
-0.0555430857745401,0.00522476688288346,0.0316607464303411,0.0756826931720564,0.148503850686276,0.301925015136531,0.507146975785233
-0.00203075833573652,0.0389811231480936,0.0592481235909063,0.0712533945304014,0.133166732769869,0.274435497641611,0.495112160370158
0.0782501428099582,0.047500992614544,0.0739162913379237,0.0802585146416539,0.107073577328131,0.205721286459844,0.417570291717506
0.18260217057878,0.0368007360050052,0.0674845648073856,0.0928471001448927,0.0859321393526774,0.116333679450811,0.256580443854456
0.293539879745488,0.0302749572423811,0.0478768211358065,0.0787245824510803,0.0780856701910164,0.0371506922072759,0.016591700363006
0.396521445457177,0.0357199786506852,0.0296684972827349,0.0395930815134664,0.0573314298488694,-0.0189229246844873,-0.21775096077012
0.484996175390441,0.0443611192704044,0.0208669890463753,0.00301685906492886,0.00263017279731788,-0.0657711450794421,-0.350528307085322
0.553665891498079,0.0521799061419703,0.0212143497518757,-0.0196511730974456,-0.0668815295547559,-0.119592295742096,-0.362802730042368
0.59690883139397,0.0632809265126828,0.0261338072696895,-0.0327338733030586,-0.119501279657512,-0.183779760732686,-0.288794035204204
0.61278965267674,0.0780679219862618,0.03354832753934,-0.0386173909627552,-0.143214439057372,-0.2419782267331,-0.182467286446202
0.604219782536763,0.0897676184583771,0.0445302268437093,-0.0340533472798896,-0.143476790303374,-0.268528847347588,-0.0952478165810342
0.576734912200239,0.0904991790384074,0.0580852115775379,-0.0155990274411823,-0.126613579059308,-0.243510547507229,-0.0607150314505923
0.535754554153937,0.0783321008358876,0.067241194518295,0.0139468026823498,-0.0889592852149351,-0.160919290570139,-0.0870804487915095
0.484079236137207,0.060263201376903,0.0631793411387791,0.0416915678887631,-0.0150646604065268,-0.0428886744077097,-0.138968624006147
0.421301380659098,0.0453414193918993,0.0468038599571919,0.0610175658436442,0.0894341141449108,0.0666794173483001,-0.136528352201136
0.346284691710524,0.0342057532023757,0.0354305051242814,0.0820757982083898,0.171896644787983,0.152602576606972,-0.0293311998305853
0.258557228147709,0.0277658357532828,0.044282742652182,0.104709843464514,0.195650279214986,0.225485167409563,0.159249077358545
0.161303551246719,0.0327769762985225,0.0659497434561782,0.116879706010137,0.175717768751799,0.284311592125959,0.369521217138519
0.0668474255940688,0.0443722863697471,0.0830818470598348,0.11166403957621,0.149627284023825,0.309760378380734,0.552639202911471
-0.00798722630402586,0.0454891209846175,0.0822189680421768,0.0973869440279504,0.137431363447117,0.287470883150161,0.674276160827796
-0.05435767027818,0.0267643855252952,0.0583835879126598,0.0859635713788869,0.131450823479022,0.232493268981677,0.683719110069894
-0.0786438059680744,-0.00282771517193512,0.0220650491955261,0.0711270892942956,0.11276748795478,0.194956341201546,0.498472069698826
-0.0989271536403046,-0.0209004420737833,-0.00658866181914432,0.0309561986775031,0.0873566278555799,0.187411326779751,0.0872122969877809
-0.127275114041007,-0.0164557726235365,-0.0267248872539656,-0.0123384904661378,0.0758416318902367,0.0473248149813035,-0.245083108964803
-0.155281990866746,-0.0197794627915955,-0.0277961520713805,-0.00521517225529686,-0.0286612652439052,-0.177259612295405,-0.277170020233367
-0.18392136052831,-0.0257975090610854,-0.000862249846850262,-0.030215030592841,-0.188719339302735,-0.302175853714716,-0.183419088662303
-0.214182581680965,-0.00519656574335516,-0.00925815205183573,-0.108258716796102,-0.282160770076666,-0.322089342932352,-0.135410246248294
-0.224309707582316,-0.00360693817237291,-0.0565033957035818,-0.184081277038756,-0.290377567039938,-0.29879718242949,-0.159709859027404
-0.20956942902039,-0.0508566625027794,-0.115172195686603,-0.21312768553001,-0.256154575408641,-0.264336448839422,-0.227120272364387
-0.196833603248967,-0.111704827180367,-0.169070820488209,-0.197266615758094,-0.212927836363056,-0.230262913894768,-0.302406590229356
-0.214708655046851,-0.139857979130318,-0.201823733028155,-0.17460796808218,-0.168097021897327,-0.202093216846653,-0.357933435336736
-0.269582619166772,-0.125133419215971,-0.195427734163381,-0.172176618922225,-0.12793384441421,-0.178131766467972,-0.377990572359752
-0.349681114958335,-0.086619972590149,-0.145065604765984,-0.176902660710107,-0.113637770090125,-0.152222692487327,-0.351404514127747
-0.433853147577382,-0.0499164259173541,-0.0748536759427626,-0.145350057263126,-0.140747237927973,-0.12855196125639,-0.265570801682088
-0.499616075691055,-0.0318635586649347,-0.0191696014733299,-0.0684789664801825,-0.167535905499927,-0.133110958286297,-0.120022260901293
-0.533178960454388,-0.0338660031929314,0.0101419302243973,-4.39160510774528e-05,-0.124668668725932,-0.163132293691195,0.0315548086716761
-0.534296374744609,-0.0402285688030284,0.00726079900096771,0.0289687455282227,-0.0238645775614437,-0.142572617179358,0.0924635877578633
-0.507490445129448,-0.043725366569461,-0.0186397068925065,0.0303548694035396,0.0599603915153795,-0.00494510439807572,0.0231006474094172
-0.457550429707406,-0.0521568469711518,-0.0367646898650802,0.0120527152606848,0.103516306061317,0.177073879430065,-0.0666658331106874
-0.393827790175253,-0.0580124667284134,-0.0455283774438868,-0.00619778729026881,0.124145567597129,0.275568732360671,-0.0348360679589868
-0.325712010413359,-0.0507495264676485,-0.0507865147661347,-0.00571755958930226,0.116638921946802,0.256836531698804,0.137728088956542
-0.257120147812679,-0.0361396546439073,-0.0341322093760984,0.00538060905931908,0.072255725209027,0.157158056384787,0.362861688271669
-0.188614927899319,-0.0137427020529455,0.0022253373931083,0.0110279787609763,0.00130450118325873,0.0475921247545073,0.48883623487682
-0.111986979136001,0.0147822596954427,0.0279599325058481,0.00367275260260377,-0.0548433955943554,-0.0250851163343706,0.407401911011528
-0.0116223489879313,0.0252023812112043,0.0274294709011047,-0.0111242037946865,-0.0632704926749751,-0.0418665165279004,0.0915167455723429
0.111584561923509,0.00901804527902733,-5.87219196223655e-05,-0.0180428776641298,-0.0211316624018259,-0.0505483236606507,-0.302157855510379
0.231098777006385,-0.0111161649540026,-0.0312152666405298,-0.00913662789254968,0.0198147109241624,-0.0923342464951555,-0.543076806913358
0.319126988285793,-0.0098845753615446,-0.0322003924462944,-0.00381308264640934,0.0132472583297013,-0.123888697310619,-0.600117802575433
0.36803072628556,0.0198044765871851,0.000497454123557055,-0.0121043881875546,-0.0345288379642649,-0.132282345179811,-0.492007183085103
0.393529765388667,0.0589258804464934,0.0419579259354564,-0.0182447002424175,-0.0869734724337898,-0.1472662430897,-0.224749243935384
0.418513973406188,0.0792735333533776,0.0665899861094803,-0.0067316277596308,-0.113941898168633,-0.150930805337482,0.0955619809486328
0.449598959284792,0.0738543032822328,0.0686300539340284,0.0132823118360922,-0.098568654047135,-0.0841604083015316,0.28730583101045
0.478264397574264,0.0568181818871777,0.052485046750914,0.0235419493067046,-0.022563172459502,0.045729918325874,0.282445296262751
0.493193813775861,0.0430581607420263,0.0257521918903185,0.0318908337094482,0.0998386578595619,0.177288463209258,0.143763464777798
0.484625945067907,0.0367933933439179,0.0113691070015122,0.0611557789721033,0.207653393203819,0.259816691560592,0.0102591636073187
0.447209948332879,0.039970373302305,0.0310034699267891,0.105831623511138,0.260275312532192,0.292323913477381,-0.0339870452124243
0.383883223849128,0.0564836444671854,0.0804016105613549,0.149382054987914,0.258525573650936,0.290729314061114,0.0189759150633174
0.307547498915959,0.0837754289835869,0.135914003716539,0.184458218856353,0.225251098573826,0.262432096388818,0.147164168569384
0.23736434786405,0.107078265777229,0.176312991708791,0.2081639825012,0.18987512195684,0.215641830299057,0.305351577939146
0.188835752178939,0.110911052534227,0.190870020756297,0.217927009209689,0.171297728281894,0.168084424995488,0.438702206841556
0.167743754632963,0.0930806010823146,0.173078387363034,0.210756273033893,0.17204590968654,0.142091371530427,0.502539042134991
0.171166041921327,0.063511511670227,0.123020449517092,0.179404413815307,0.181065828187615,0.160998333375419,0.46129874232872
0.190224985037685,0.0323996612645291,0.0586071655042393,0.115524220044152,0.176873494006838,0.23218840361693,0.298561534430407
0.209901088388439,0.00741323965483987,0.00304196207973351,0.0349896028269531,0.146055521404145,0.283574292916338,0.0923904054602828
0.213260024684652,-0.00620976944001607,-0.0341763750030208,-0.0188969719024461,0.0935973709202509,0.18763812617647,0.00411073069440315
0.190784143579355,-0.0145485902393509,-0.0374753744664953,-0.0211677839588627,-0.00494033208692386,-0.0374680010665776,0.0428279498172639
0.136212492297089,-0.00564047955153796,-0.00438900342054665,-0.029855630664179,-0.141798156149006,-0.192251724163546,-0.0069291046779445
0.062126306687277,0.0277738232595699,0.0141694032986891,-0.0809251084783289,-0.217596349387705,-0.2480119903931,-0.185147739664719
0.00262238567734088,0.0344359227487569,-0.00444945310178019,-0.118663223890654,-0.214869536210269,-0.280985751976505,-0.370259660287744
-0.0315838413085204,-0.0129973043741211,-0.0458326557455804,-0.104389386150698,-0.17430621368763,-0.309705763549386,-0.495024638074181
-0.0706454640450011,-0.0694335638957483,-0.0873687538347467,-0.0686522885129109,-0.121708922401021,-0.30678011271313,-0.557677543923858
-0.147513032724899,-0.081467468975571,-0.103344043973902,-0.0645874684329105,-0.0715982002714751,-0.247405841999691,-0.563141204997685
-0.260448346782621,-0.0515410659901214,-0.0824621819948385,-0.088332897720892,-0.0537645491974709,-0.134971881480312,-0.484627942664649
-0.37900921192708,-0.0227418099203626,-0.0401991206613073,-0.0896534822372427,-0.075765394204957,-0.0311960168000265,-0.259928477122968
-0.473804774177266,-0.0225679611019552,-0.0109829951974089,-0.046967738379834,-0.085314388375394,-0.00759321586521065,0.102053797303817
-0.536489084820193,-0.0431517859965789,-0.00894865201915787,0.00440906363364185,-0.045293370102357,-0.00951573433992925,0.40955990924906
-0.572103016316493,-0.0664350434232667,-0.0236588649241371,0.0273297377708957,0.0279212746099481,0.0361063505557126,0.535245548750956
-0.586920058383784,-0.0812009182167677,-0.0457041528569643,0.0207510998969303,0.0966847698731973,0.136519553127758,0.494892584279873
-0.583327321901764,-0.0883107385884732,-0.0666553691286533,0.000756986147503306,0.133265440035741,0.262830924116279,0.348511386389875
-0.561822211291114,-0.0929523753434544,-0.0796604257167707,-0.0205885116813106,0.135841835416526,0.362092811385169,0.180363262038478
-0.5251823828941,-0.0940384888297884,-0.084547093669785,-0.0370756658183306,0.114221595014405,0.385764246528596,0.0675614193991855
-0.4796108111416,-0.0847874241342846,-0.0832643751485622,-0.0450652799665908,0.0787977939696893,0.300267875120581,0.055210980129037
-0.431768892215496,-0.0628491460988146,-0.070145102877467,-0.0419040391473757,0.0350044801744561,0.094843829904893,0.140349380395584
-0.381712567487146,-0.0377050126756924,-0.0363752199663095,-0.0259470229111018,-0.0483323204727845,-0.12060820800782,0.184241096742653
-0.320738565767571,-0.0159663145907729,0.00450530221467443,-0.025722900917681,-0.149027726416516,-0.223104406360778,0.0420673799630534
-0.239526891910054,0.00342330436665169,0.0131126743519153,-0.0525231724673749,-0.190168437037265,-0.242953359571557,-0.238661643518552
-0.130862414809232,0.00149421128818128,-0.0175294328363548,-0.0820377944161648,-0.153983509952468,-0.250766895404687,-0.512940429188125
-0.0063052652065561,-0.0272937811119821,-0.0623726895098268,-0.0859854585671759,-0.0959658748218127,-0.247236456293214,-0.692258947153217
0.101325270375694,-0.051669088740033,-0.0892443442987236,-0.0726560969755754,-0.0676199170390436,-0.20546950383965,-0.742973250774277
0.164895025306728,-0.0406903146849563,-0.076560802983774,-0.0704277019002148,-0.0684039793416494,-0.151997506899464,-0.611041242835472
0.184434338779593,0.00186039856047109,-0.0308622622887446,-0.0705417357379607,-0.0825527521786657,-0.149278016315857,-0.222596464927336
0.189389797809372,0.0358417471417576,0.018270250763976,-0.0342691101468215,-0.123672287309303,-0.108235300866417,0.230536549155412
0.203981473123012,0.0414717774004207,0.0537195639565973,-0.00622525442278365,-0.0981974812537009,0.0435058407897373,0.395175457225635
0.228684158688505,0.0415335124767901,0.0382156761927349,0.0159076711542943,0.0615737621401082,0.178561283543175,0.27182582800453
0.263762710002406,0.019474329351301,0.00958108056121942,0.0843703580935682,0.231802082104166,0.236492486078629,0.0546999812871009
0.28587774836901,-0.00330764871476108,0.0261836951022168,0.166452043245456,0.311163440210629,0.247993989952035,-0.0789078296395409
0.273833685627879,0.0215672508068967,0.0759592420753157,0.211246376036807,0.314341424129516,0.245219274544931,-0.0920073955583083
0.241497693989646,0.0842693126361213,0.137272373599441,0.209038174019523,0.27486534035953,0.237856954665542,-0.0044929040959744
0.222916763871593,0.134952802090426,0.192072312280222,0.188873257483689,0.211972617381452,0.225398544446001,0.148221637065046
0.238821644862874,0.144094372576195,0.218161589931231,0.183015708282109,0.144064479450942,0.205698750634416,0.317854640525992
0.287396227198042,0.118243517741516,0.199671723640743,0.192444787504531,0.0998292010433641,0.175169052222533,0.460950180911032
0.354162127320475,0.0806636680808515,0.13930873491476,0.186724082782247,0.107414479900594,0.135399710579651,0.542451317053752
0.420917225867329,0.0496963369687561,0.0658560691622155,0.132150906741756,0.15788814210022,0.115115219366277,0.521548534337563
0.470604210654271,0.0319796047488813,0.0094559183832923,0.0487497887150012,0.174461522739616,0.168178188248919,0.361938300857252
0.49170266806024,0.0250739944885009,-0.0176821369374664,-0.00932346359620599,0.105196205313356,0.267952505466162,0.109589469433176
0.479276963111506,0.0255254369460266,-0.0125280487927544,-0.0366616656315859,0.0230079562290707,0.255688038785625,-0.0676867420244037
0.435443989076849,0.0344665085070707,0.00560467551264582,-0.0334827788884026,-0.00342687254720804,0.0355211240508699,-0.0571595895705816
0.373652065452663,0.0381382872062778,0.0225655799045549,0.0192424434637434,-0.0463187725736453,-0.218530256618914,0.00799779809638218
0.300918328359694,0.034619008135333,0.0555361936801691,0.0499978224947696,-0.118291563385897,-0.310101799545658,-0.0635084899679433
0.217984519568194,0.0481975355813924,0.0727710105208981,0.0194500708838886,-0.141379809897885,-0.266691528829889,-0.255146176734427
0.144616464281717,0.0585086983325179,0.0437432831954313,-0.0313906653937488,-0.0919338320345882,-0.171238133911335,-0.447092178330691
0.101271758464977,0.0156941849662303,-0.0123606954671764,-0.040476528418948,-0.0220208160932842,-0.0755470420393949,-0.514862455531961
0.0596290376578386,-0.0509147730927306,-0.0587601245610853,-0.0144461450678705,0.0235193006984985,-0.0116309772864534,-0.373979748532855
-0.0307046384614438,-0.0615500917346106,-0.0702563714149115,-0.0116650296398721,0.0385999056231622,0.00633861280724097,-0.0251734137604661
-0.167857162651453,-0.0191807216624278,-0.0345302339919842,-0.033756893259359,-0.0036305614800386,0.0507438880037348,0.334322555583492
-0.302061863464407,0.0125139553356875,0.0177314264815655,-0.0409104128038827,-0.0617808544936061,0.11975599842587,0.531280728438453
-0.39637411782983,0.00510200324546807,0.0337920670549797,-0.0120008153068477,-0.0619664229741672,0.132314111036352,0.581377927077518
-0.447863319531707,-0.0295858520553382,0.00468686840357799,0.0274905593280693,0.0156141491035004,0.0846371725188878,0.495059809954661
-0.474294291766755,-0.0659806593894418,-0.0383264582821194,0.0443218750363303,0.110940059312588,0.0639756554461054,0.238021341881449
-0.494243374380304,-0.0848287364752039,-0.0625639083567607,0.0329048265567454,0.146040914062298,0.113223836663965,-0.121431869748107
-0.5122687438507,-0.0826382034739902,-0.0626246748410307,0.00267785975060603,0.118739294506518,0.141503366590873,-0.380304558595123
-0.522130356272799,-0.0669451085017837,-0.0534713434301878,-0.0277583831410462,0.0517194231672064,0.083761648823365,-0.428811336068465
-0.515988946683596,-0.0506122963007784,-0.0455685216986315,-0.0456606775931002,-0.0375896073952283,-0.0631171553534031,-0.257413971643311
-0.48786469209026,-0.0463316798866538,-0.0405295257461346,-0.0592081097521259,-0.137298242009738,-0.223080263830241,0.0163412044925214
-0.436847889293053,-0.0542900404477255,-0.0445555659085259,-0.0857420908928902,-0.226083111809215,-0.303536477511374,0.192746638873327
-0.369680400784779,-0.0622646241286378,-0.068046441522551,-0.126453889593918,-0.274814960816448,-0.310006861227894,0.210737064209026
-0.295313842250393,-0.0653967385539754,-0.105611334838055,-0.17293123482531,-0.276487942018731,-0.271761450896649,0.088221022668604
-0.221456662999303,-0.0700108511245014,-0.137631728115541,-0.213062569758663,-0.245896596389415,-0.208587031527659,-0.133521862146447
-0.157285160681613,-0.0766829069405825,-0.153087294875889,-0.227362967167189,-0.204203387717522,-0.153666520837678,-0.367903355234045
-0.112809309629661,-0.0770290734054069,-0.150579765923898,-0.201022082280042,-0.166425896752354,-0.140072270092363,-0.523871812442469
-0.0950401495520877,-0.0662765102245553,-0.122190548028024,-0.140335416180977,-0.135328845820597,-0.175560981569534,-0.54921460462201
-0.106020446274751,-0.0422766057240671,-0.0607386637538111,-0.0693258595924338,-0.107014035213425,-0.237899108904999,-0.41974276704392
-0.136127011217601,-0.000302211543699124,0.0103810465913275,-0.0053927597210796,-0.0922300675281686,-0.249601659746503,-0.176681875109656
-0.152062801826652,0.0355922069856177,0.0638736350744819,0.0284023689792465,-0.0801557468200215,-0.117412174719287,0.0317745688676027
-0.122894069904405,0.0418803965677082,0.0670452501208749,0.0261688237428419,0.00815924594373521,0.0934632344824743,0.117953571982831
-0.0452969743462993,0.0110074983240124,0.0140010892669922,0.051116997305216,0.158712032802103,0.231383516728947,0.160505464075274
0.0466462035104339,-0.0372290826694408,-0.0220022758036783,0.101334308758972,0.262352065448345,0.29443115617486,0.218973376986557
0.107706166193931,-0.03963099617646,-0.0138952627808166,0.124734382251355,0.284734699493748,0.336071881089019,0.287873459356863
0.131382135159742,0.0155424309044754,0.0330771369910826,0.103231144131942,0.238663007469641,0.368555993909428,0.36045951625361
0.151462868867524,0.0780509763915115,0.0951693360445275,0.0751187381666074,0.143141633205432,0.363765161773184,0.441122509491763
0.203970173935876,0.100178966402925,0.132186260516626,0.0809922697113263,0.0519585965527997,0.27664814856747,0.520591193008694
0.293390395848189,0.0812956869438061,0.123960456132295,0.105831265490796,0.0272200108009103,0.105872166068069,0.544085714796417
0.399203998879427,0.0515214905924916,0.0782398600492278,0.113394046802346,0.061218868022125,-0.0511562862829052,0.40649861508751
0.494942466818536,0.0343431995819552,0.0315781301992058,0.0815408757872428,0.0798206060074484,-0.0620871040546229,0.0415033718247326
0.562961351583076,0.0354581755483272,0.0139761121337162,0.0161022677179804,0.0508290331281426,0.0293216615332995,-0.382938872961699
0.595397622122203,0.0575567797237354,0.0099795393546726,-0.0395086197005458,0.00441034759746887,0.0618737958971166,-0.623171568829434
0.59834519113906,0.0816165835044361,0.0146142312836034,-0.0562934167358599,-0.0438077545052043,0.00101645871604248,-0.656734866428999
0.58262352138671,0.084497460709089,0.0354851968536829,-0.0351490860244089,-0.0838252406208186,-0.131511946197687,-0.516459369821079
0.551593956953088,0.0698762428930096,0.0611496229655485,0.0105007376722199,-0.108902367703204,-0.284023818202677,-0.259571812021598
0.500145794763878,0.0632592236598174,0.0730407004833882,0.0537873741117269,-0.116119436871827,-0.371077291960083,-0.0119623885966559
0.429885441393666,0.0696470122853866,0.0756330968772897,0.0622263124756326,-0.0938118577384739,-0.335934790177386,0.111656041430074
0.355949031843419,0.0685768878616227,0.0740048644227534,0.0328209552085752,-0.0480836422122573,-0.148277405585904,0.0561342569533735
0.294562801227246,0.0466330302165823,0.0421150374524662,0.00742321923482125,0.0183109551853405,0.123057682956541,-0.100382599759616
0.240530291770569,0.00577685080739359,-0.00981160943519801,0.0130419734254114,0.123454705965612,0.268385893634292,-0.108711681125005
0.166788171735348,-0.0275007400153968,-0.0371385915306437,0.0426037574569723,0.201701024048423,0.266252437481308,0.0893411503323167
0.0556133777351452,-0.0242484970257148,-0.0169029417496266,0.0708822525676714,0.193596388787476,0.218095687122268,0.365833970686405
-0.079417184560588,0.0112613574357777,0.0411171459521525,0.0785265886384201,0.107673870542066,0.191079258670936,0.566380273462404
-0.198989338563813,0.0456018609532752,0.0921289444736864,0.0666950982639213,0.0229775653957522,0.163102102554012,0.611023327571475
-0.26807010305904,0.0464104945630422,0.0913622061971214,0.0542486165915535,0.00296357709768304,0.115765038998942,0.4599116311435
-0.278146878361315,0.00659828526370186,0.0324955980079185,0.045257601482817,0.0487911431135965,0.079700413835731,0.0866453988219192
-0.256234122524466,-0.0492757844985318,-0.0400679870092401,0.0243259094269497,0.105356634372946,0.0175098017436309,-0.293928512066949
-0.24576691234529,-0.079057237896763,-0.083788634745018,-0.00304024459443175,0.0706434033582374,-0.0764095774183948,-0.429661015964128
-0.265395909945175,-0.0685322169447213,-0.0784033853823594,-0.0531914116001058,-0.0663190533236278,-0.146389563337136,-0.3289563596205
-0.305785393841702,-0.0300407830829953,-0.0498988753100532,-0.130691865686165,-0.216607810732852,-0.192735185220189,-0.0982683585973088
-0.332998810999869,-0.0077546404707895,-0.0429677319485813,-0.190866748841687,-0.31388056819895,-0.228339583195076,0.105441615114881
-0.327188857384246,-0.030971928648489,-0.0647617369848165,-0.205402168509483,-0.35470394243308,-0.258077950430098,0.203630422731852
-0.299945177320175,-0.0802340328327306,-0.108678543667785,-0.184649668775174,-0.342209534497423,-0.287791269604332,0.190491489209308
-0.276490158353353,-0.11777741985744,-0.157676940309713,-0.165360027120317,-0.276391330662215,-0.309661177926415,0.0706583297304475
-0.274183505400996,-0.124594642813002,-0.186240776346763,-0.174055057238699,-0.181231995594953,-0.297496719305558,-0.141768123442986
-0.295174308985002,-0.106453211605267,-0.180043125495933,-0.193646009090969,-0.111222234822112,-0.230779010860808,-0.396266398282196
-0.330266806349855,-0.0812627716024748,-0.142179908907804,-0.184660093087992,-0.105586225832518,-0.128587036745217,-0.606004328512436
-0.367770011632504,-0.0621610780488951,-0.0870497494414059,-0.131276115048656,-0.140037590408933,-0.0530960090661812,-0.68579521771276
-0.399626691765488,-0.0467262278813795,-0.0340667865525787,-0.0612258857656406,-0.134062020825838,-0.0850422239939887,-0.566920082530516
-0.419642132435794,-0.0255106640987145,-0.00300347002717115,-0.00654765464807822,-0.0521165126169922,-0.226096364705451,-0.230614742681112
-0.414179361674741,-0.0131197946376581,0.00939065018173448,0.0415816831923458,-0.0109235246840149,-0.254631603320742,0.112726452718805
-0.375979324584975,-0.0210657299390357,0.0271134019210947,0.0488808481241534,-0.0403201814697564,-0.0287633548076305,0.21042568415397
-0.318596748813493,-0.00984921430966515,0.0151774054261608,-0.0147841663112249,0.0152132098669755,0.233214966349236,0.132577776926994
-0.236037466844851,-0.00448684954812039,-0.0410340905569288,-0.0438548924229844,0.14191727517929,0.316797594037847,0.110033226987543
-0.129011350903009,-0.0489736670610323,-0.0697266789930171,0.00735458415310612,0.196284993965421,0.274198346159794,0.191864547278871
-0.0429139787563995,-0.0747283869267834,-0.0458359510938867,0.0730362968217535,0.14717940780087,0.194887496044085,0.307823584851572
-0.00975769015220732,-0.0120252105451522,0.0172462142323095,0.0635030154284224,0.0661672634337555,0.112962172440208,0.368067686582266
0.0164981282543473,0.0788827617214338,0.0796969987557059,0.013530862586299,-0.00747521996088421,0.0470362066370307,0.290938555935908
0.104797684114618,0.0899922839270988,0.0999357853394299,0.0145489879564092,-0.057846913717732,-0.00900401920024028,0.0758644096273257
0.249919426333106,0.032870245020109,0.0603119345718047,0.0505620096017116,-0.0346585383049662,-0.0897776637574623,-0.182090856269978
0.392633181629106,-0.0087723391038998,-0.0100588286936472,0.0517444939711523,0.0425027956798995,-0.160768635600885,-0.387721597937387
0.489293687162383,-0.00290328070967334,-0.0467268539961475,0.00280499287921739,0.0751105050025398,-0.147112360823482,-0.515165272885728
0.536204288541599,0.0300262816198782,-0.0285035359947242,-0.0497868680936507,0.0116086022641269,-0.0531567717394797,-0.541675909344347
0.548623500086887,0.0640963528084003,0.019811942765955,-0.0654947246680425,-0.097953191177025,0.0192302429683349,-0.405392567117482
0.542576208709093,0.0876529139906393,0.0613309481735855,-0.0451048710908774,-0.148532706794018,-0.0371604321424832,-0.0858200086894171
0.530269804211963,0.0938349759012795,0.0763900781545759,-0.000677645253254942,-0.112363035415456,-0.163799214635931,0.267449631816623
0.513653444915254,0.0825199678768511,0.0743139360061816,0.0547046947975533,-0.0445156195604084,-0.204987863051259,0.446645313641071
0.487250866730126,0.0632064519822874,0.074547999538963,0.093921891869646,0.0217242359676734,-0.0978574803001608,0.387138620390197
0.446198444001234,0.0535932135417119,0.0782300133809797,0.0964250276343735,0.0869081721689764,0.136683954002876,0.108632908135071
0.391173465410937,0.0627957516484227,0.0707252287091066,0.0794496761081756,0.180925917554177,0.331552331569147,-0.166044165402961
0.330616386517335,0.0691634788377871,0.0578493474067978,0.0850530712612175,0.269441444276482,0.406111348825083,-0.259675500584933
0.27239593464983,0.0516388957138543,0.0601094707658186,0.120035720580897,0.305787636896239,0.400699686629666,-0.175330811647258
0.212108541082829,0.0278505971882625,0.0735065792476965,0.166527886072625,0.288181380469534,0.332579560977056,0.0657132503015849
0.142492134994163,0.0284247593355529,0.0864719160682228,0.19193012346318,0.238146786167073,0.224489562310679,0.384948066263284
0.0722817625630897,0.0491051792359443,0.102718546580076,0.167791228602568,0.167695994067773,0.143298148875767,0.622721523911972
0.0226659498996957,0.0636483379997383,0.110465425439167,0.105617278447021,0.0832064764279502,0.130304194797881,0.661848259728927
0.0111506770248667,0.0538619658701923,0.0772434188887247,0.0415686948177659,0.0148951436197417,0.170894856666868,0.441199356886439
0.0395847250004046,0.00881098466247141,0.00173556352074922,-0.0139514417150247,0.035544382658565,0.158112819100846,0.0164193152148518
0.0717037050015318,-0.0480868582852769,-0.0793465053881057,-0.0224961984405955,0.0789789890371262,-0.0233830814587582,-0.276289479620633
0.0576485331705516,-0.0749820700803247,-0.0917313792906398,-0.0128658633400781,-0.0181286436626818,-0.20618709451958,-0.314088559917675
-0.0215302814498451,-0.03269986049007,-0.0366505245861109,-0.0742996893154527,-0.190622282286984,-0.266447697958868,-0.238881136400548
-0.123336646666387,0.040018064676703,0.00309171236463376,-0.162819905753053,-0.308880175926538,-0.263806463901223,-0.157179743778162
-0.185340859496033,0.0463981030368226,0.00243541443595448,-0.193583449022643,-0.347043042495855,-0.27037068373323,-0.103389031687436
-0.199553592860509,-0.0231176497133727,-0.0408738596264483,-0.14573225742548,-0.315437128969661,-0.302515334483142,-0.091385118081584
-0.207645572273594,-0.0988341210703804,-0.110866357725652,-0.0826167718161323,-0.200229630546559,-0.338605214536261,-0.144205833251295
-0.252673308614461,-0.123115620729029,-0.154353855086465,-0.0786298609431939,-0.0482476324255605,-0.304549785727868,-0.274400404633692
-0.339082517929632,-0.0971582060829289,-0.146624565175033,-0.105280383512213,0.0233457893251243,-0.144140690539578,-0.433070835303435
-0.442806456353335,-0.0597736761002213,-0.0912115565520713,-0.1074372958963,-0.0197515779243336,0.0713063352881157,-0.489962648083407
-0.534465412078868,-0.038560722581071,-0.0223370342421885,-0.0727264762515271,-0.0776064092560872,0.168092627863676,-0.319434362661688
-0.595445741885292,-0.0304745733067816,0.0100464454229191,-0.0163242058222348,-0.046867625095873,0.0513086625052282,0.0829676187628088
-0.616568915271811,-0.0360119770221548,0.000161190753922411,0.0460353994034207,0.0307314567176177,-0.110179564029565,0.466127619010661
-0.594751523526846,-0.0675925496222302,-0.0108380734759799,0.0834311010789728,0.0718321855496665,-0.128850703797108,0.628672765746047
-0.547051250970003,-0.0939650564195261,-0.0218279127119406,0.0743343422352176,0.0724895056986751,-0.00394271958302683,0.581620052686006
-0.496236850452034,-0.0749404438699957,-0.0449049709154649,0.0124032402335907,0.0561070227971179,0.207331370045792,0.349808449861518
-0.439514746448637,-0.0356629225359527,-0.0620516240146324,-0.0778263224598902,0.0596645394071674,0.359578838752024,0.0669998561359447
-0.356843317176726,-0.0313166236845252,-0.0675248685056407,-0.116779940957742,0.0569831037138938,0.350974215472813,-0.0942021680842957
-0.255864765943214,-0.0565050318031428,-0.0756231019681014,-0.0615491692937651,0.0218553408967139,0.15690660237218,-0.06046627155901
-0.173034417226769,-0.0642330617938002,-0.0538351121467532,0.00671154586485467,-0.0221319101835809,-0.152128026355898,0.0910452664709248
-0.126109149982502,-0.0158949320820354,0.00142135399160037,0.00708889806770496,-0.0955333142106164,-0.315057241159755,0.0802751295752018
-0.0785550337784171,0.0468708492816951,0.0467397206608711,-0.0360000568084693,-0.170422315288727,-0.275391811059205,-0.157653919577177
0.0127269180630652,0.0556278295603262,0.0497748913593504,-0.0643045840702543,-0.186592471874718,-0.167866236437742,-0.45095957148601
0.142536482455136,0.012276546799517,-0.00164176000165957,-0.0533707964411139,-0.108595539459468,-0.126307416607444,-0.603372865340655
0.266323833687566,-0.0347079127235104,-0.0673753840889798,-0.0264266287586864,0.0121882736959414,-0.145439503108578,-0.535098871182783
0.338976187453834,-0.0434765703846916,-0.0822775221665817,-0.0106084554788772,0.0586153091705166,-0.136006254563816,-0.260424582992016
0.346720138952635,-0.0049152980495669,-0.0215114704439637,-0.0124979015478305,-0.0244758019470823,-0.0218676790542764,0.10210474470387
0.315525684597578,0.0638917754948188,0.0590636694046821,-0.0319444538005122,-0.0949785116259585,0.128181651147328,0.360854975999822
0.29554651361435,0.109575972579678,0.0929841061641477,-0.0191842510925447,-0.0422334336064723,0.189159933311846,0.464330269192148
0.31462893083533,0.0870200590616598,0.0856056075130502,0.0584765082195774,0.0885061629582646,0.160535734191227,0.434988590974385
0.356066401985578,0.0244947403776658,0.0657815520561872,0.169534075733319,0.209590958980645,0.132051431129098,0.269320855337642
0.372734570527955,0.00212993387130766,0.0589620628568443,0.235218861689551,0.288233858068997,0.160686902446247,0.0239803662894774
0.348278609047682,0.0430020238211797,0.0768441557126624,0.223951294166987,0.336163734472838,0.221113278405493,-0.193404083540698
0.305813470967274,0.102648455866097,0.121056156750928,0.166817536766856,0.344665215726816,0.287497246036661,-0.314033102333675
0.275157502107693,0.134219965051956,0.16718261838202,0.130857212408827,0.291683812147221,0.346212947308529,-0.315824625763738
0.269892619044618,0.125679432722889,0.182996964256814,0.153979225793381,0.19185261380874,0.361714755760206,-0.183434396574145
0.288452953131392,0.0902035306438871,0.160677192328149,0.19936403431242,0.120684827458171,0.271779821811327,0.0967563904995153
0.317937837762162,0.0549146145143489,0.117067928656724,0.191306775999575,0.141036398451388,0.0859280267940479,0.430694698740498
0.341092611919604,0.0439006684167163,0.0640612191528258,0.126280124445704,0.169863193879223,-0.0308402029011464,0.612559797397947
0.353946610244296,0.0422812382620884,0.0241587565020322,0.0499157160647871,0.0967581732306284,0.0450232422302479,0.531245960837809
0.360333513050799,0.0253163862803034,0.0150021228810184,-0.0254513870029583,-0.0312372899130118,0.231739561879343,0.194646710093024
0.347498087407843,0.0208205915122214,-0.0123662131383939,-0.0857945822832523,-0.0393791174407546,0.221643377943172,-0.119559939124159
0.316600354170935,0.010568798776865,-0.0575542060155774,-0.0676479501260694,0.0284214971179659,-0.0594834900791214,-0.182501029778118
0.265144666978129,-0.0315408108092804,-0.0439390228588097,0.0178948166990701,-0.0314518849971948,-0.291919584066941,-0.145308624842832
0.161171632757599,-0.0204939142007735,0.0185296470947359,0.0324294155694679,-0.154109016144846,-0.320592455582705,-0.19150172237273
0.0236425067946766,0.0567197250237094,0.0562916343183639,-0.0443091491513408,-0.190840108686795,-0.248011310207744,-0.300876585169419
-0.0743167332905556,0.0806085975541385,0.0461056700679446,-0.0975489244165719,-0.145614991230673,-0.166764900150212,-0.385438136935646
-0.10434027521283,-0.00211623198033822,-0.0129014422283421,-0.0451560196400703,-0.0786083237352321,-0.112713414755352,-0.370962587765633
-0.128865379756478,-0.0945742214022217,-0.077849470370863,0.0127104441810516,0.0169712449727783,-0.0885639866769812,-0.217345287244424
-0.214657664580389,-0.0940183032141488,-0.102319688747677,-0.00622826351418667,0.0801765825514397,-0.0164481723115439,0.00488045066597162
-0.345428627004968,-0.0369365482495146,-0.0647412425690449,-0.0574272132322678,0.040400425513395,0.135674100637402,0.202358725499124
-0.465593152660542,-0.00197704700129276,0.00059523154933537,-0.0712234294482351,-0.0450831037331811,0.25160538515829,0.367853623543757
-0.539634198302121,-0.0114825392409598,0.0296387415965777,-0.0289380121424374,-0.0783512206764669,0.235808362207576,0.516705907861813
-0.566921399950672,-0.0456658101215289,0.00644802412248462,0.0280404499627706,-0.0179348849992987,0.101817632896239,0.612441633693541
-0.56348902856776,-0.0800372194693784,-0.0403014953979686,0.05378886332638,0.090459851585043,-0.0403666007747407,0.56653232008364
-0.544244407981714,-0.102930782826543,-0.076018676899195,0.0424908280666919,0.142948602425356,-0.0531954119863712,0.319701161149058
-0.523040356001419,-0.102064964430223,-0.0849798635758843,0.00513690459584251,0.0863081637440366,0.0908412062138736,-0.0904969077261302
-0.505995878386848,-0.073844379677343,-0.0670371885301112,-0.0618912657933544,-0.00206034142698579,0.198201946408014,-0.415857507974263
-0.477709907470799,-0.0406740923270414,-0.0538324599393571,-0.11838630954835,-0.0572198760443735,0.125094096306193,-0.49160147941364
-0.422187959231756,-0.0333514303598729,-0.0628495036108082,-0.113575415017463,-0.0930982257077141,-0.112028942504448,-0.318519510747528
-0.342682193585154,-0.0608704491996459,-0.0722410993329388,-0.0634211741448549,-0.151487511987097,-0.36091889816327,-0.0422925202938644
-0.26362923540906,-0.0819417624144689,-0.0657082324581159,-0.0444324253272455,-0.217596504989415,-0.481957876917759,0.113872016066258
-0.203487461823124,-0.0569836579757097,-0.0600514545845921,-0.0835541518887446,-0.246314222252826,-0.481174327001417,0.0917239681176581
-0.153450131581803,-0.0104936196635421,-0.0572780200739248,-0.14775058054676,-0.247137355564152,-0.362561490446478,-0.107617052121916
-0.0902670569835056,0.000481855116221466,-0.054132542853551,-0.17912689672366,-0.239640122988011,-0.166323869114405,-0.390864000004844
-0.0150836271803318,-0.0267603697498261,-0.0668081167527347,-0.1518695700154,-0.176721735281511,-0.0479891009291323,-0.538111063533043
0.0441734642427358,-0.0512278869680129,-0.0920591289655991,-0.0821667192850141,-0.039646814397214,-0.100067480210912,-0.40123520839609
0.0612135396389195,-0.05209039561688,-0.0716541315852757,0.00552662782385747,0.0315500243690063,-0.163929590053768,-0.0458245088240353
0.0275913127062701,-0.00750810507308598,0.0248334001164875,0.0394370594743212,-0.0274542610468798,-0.00433833271333939,0.196770100463281
-0.0176601980647049,0.0798339834368917,0.0957348407624663,0.00971087530453082,-0.00407368711714044,0.193745258818029,0.240717017685033
0.000579549958434195,0.0993634055446226,0.0960559082048657,0.0421814406992434,0.119768006641568,0.245901433766576,0.227149266590749
0.0898013182360054,0.0224941867533515,0.0692530857040313,0.15694315475136,0.226657443638949,0.207482977616661,0.211173559205874
0.182193674525459,-0.0371454396914417,0.0433810663400113,0.243668816571426,0.286892637054541,0.176375369753839,0.180189808943438
0.230060973413495,-0.00723616743815732,0.0361751086450534,0.224977938221121,0.319728584263551,0.193166218634644,0.131818481529667
0.24911926209571,0.0673204434870319,0.0713949373088598,0.120499323036042,0.301643167636655,0.263220432695906,0.087284575452298
0.281164213247958,0.114310709310798,0.116602726699963,0.047699908096564,0.183500148152376,0.352373024167371,0.0915059999689335
0.346769658060156,0.106850404199158,0.12614349480111,0.063258991158627,0.0255705116916549,0.357645194507123,0.191543424062988
0.433093562281374,0.0671884617976633,0.10153042897792,0.0914532327286372,-0.0278192396200369,0.193743840182177,0.369645745857025
0.510803128600394,0.0421403955618476,0.0522073354282359,0.0727531950426702,0.0480682803482816,-0.061831792312509,0.479745029876924
0.559705163682067,0.0451926860697195,0.00195348358270118,0.0388051841161253,0.0964460657240524,-0.188400084758431,0.36326063152076
0.578469221741204,0.0480966378212464,-0.00297542704886854,0.0122676520696743,0.0218448340271517,-0.0877909724818244,0.00626601695729945
0.569331556502717,0.0438812461965501,0.0383343011419733,-0.0243581046250157,-0.0859487293874385,0.0783628943914891,-0.386909209972687
0.525100103287223,0.0713351230193517,0.0535755204088299,-0.0514700457926856,-0.105335934106665,0.0862655290716313,-0.577055743977224
0.464819505024551,0.0978789648806805,0.0399896864384264,-0.0396477589305115,-0.0482908793920949,-0.0626144974826891,-0.551381414200709
0.416141262681119,0.0637847457327255,0.0389323913397869,0.020040707550224,0.00709386326828946,-0.251942224774419,-0.361611434664939
0.364141866563451,0.00910112212104984,0.0455454646697206,0.0975251677918717,-0.00299205021289422,-0.319158485487115,-0.148145885006238
0.277075787352069,0.0107913728247484,0.0483580999627845,0.103443892161075,-0.0289940883768746,-0.209122257398792,-0.0287755479797497
0.169494529293216,0.0522635657929118,0.0555544553022924,0.00433769733805714,-0.00994239121394142,0.0290279525776292,-0.013040557934519
0.0889820400063301,0.0578702631721392,0.0220629467372079,-0.0482361920951644,0.0312656925734147,0.225290010404945,0.0373791901996108
0.0475276621660719,-0.01439073835396,-0.0225508154750792,-0.00242249796594133,0.0778479275946227,0.253880086321878,0.213724491384077
-0.0116227303716309,-0.0697139176993058,-0.0502140533767971,0.0544796258960939,0.125277467270436,0.166277640722688,0.422873210333792
-0.121684581120056,-0.0465678355254713,-0.0394810671476538,0.0527680692850132,0.134779757648237,0.0994532380070254,0.514234809959089
-0.251260767334368,0.00718587891653778,0.0146564659582885,0.0160469990953487,0.0641555656850799,0.12910603786478,0.407580878044187
-0.349066637569103,0.0311172932017731,0.0599645166459345,0.00225505603561138,-0.0255220393087944,0.173597852930262,0.141274779316386
-0.389904639029318,0.0108745474304536,0.0465096735293137,0.0135474487766044,-0.00977304752994373,0.0681652576342348,-0.102234057318433
-0.384768839610656,-0.0342460477023139,-0.017578669820662,0.0400776070329129,0.0565126221566706,-0.138132786073624,-0.218234258104736
-0.363658462860613,-0.0822547104651015,-0.0615101030283714,0.0380733075041323,0.0379818600268732,-0.236219534818067,-0.278291534813736
-0.35811207985081,-0.0895438491023238,-0.070899917597651,-0.0276053174892982,-0.0650761120479404,-0.180972231474388,-0.324336783799176
-0.372841243845367,-0.0484647015989226,-0.0742261963023192,-0.138718822676909,-0.16865060890716,-0.0845116175820297,-0.30213157364899
-0.37580464627638,-0.0220855756359969,-0.0861050124934567,-0.226482724331096,-0.225517761133988,-0.0628566647790331,-0.17423447616554
-0.347100221276988,-0.0497983158672154,-0.107675252122854,-0.243673892884883,-0.254222195443486,-0.121256421259289,0.0108111364883618
-0.302990380417258,-0.102634881411354,-0.141794254810549,-0.199136165706419,-0.26991379529294,-0.211820637207414,0.169091778403827
-0.271068117979147,-0.134519753757531,-0.173764267325622,-0.148907751477721,-0.260960112692385,-0.293443763672149,0.237935595403942
-0.265156679229826,-0.127234608931622,-0.177452465928708,-0.143171911838429,-0.219562093976112,-0.338377551052582,0.192063235231963
-0.283913698466057,-0.0890207864335455,-0.14325153751571,-0.175794500825276,-0.174835839995273,-0.30998062546647,0.0152415656104988
-0.313839481931742,-0.0434744402862066,-0.0922970246877813,-0.183235417312968,-0.177110135546682,-0.188399650032845,-0.265821449193364
-0.332330626312729,-0.0228743814376791,-0.0479002025369921,-0.131525276097151,-0.19079791191852,-0.0722185128538643,-0.498110403079441
-0.32864477938732,-0.0316397960364358,-0.0208411739589732,-0.0563950131896587,-0.120557218872263,-0.0860897652540216,-0.53289082399083
-0.313496741970225,-0.0365931367751935,-0.0215588138204189,0.0143507343777141,0.0156857447052815,-0.195966252558112,-0.336083495752487
-0.292472544052664,-0.0333381788483172,-0.0125390208675634,0.0686563977688003,0.0626010688498799,-0.186333639266102,-0.0485080832296517
-0.267627317226619,-0.0163320358280685,0.0316109602227892,0.0569815589453859,0.00403681480302525,0.0446328814905093,0.134200167023371
-0.231183568597129,0.0289087148700986,0.0445231273936987,-0.011830948684815,0.0175103470953549,0.260785751049244,0.235040547438572
-0.14858618152274,0.0316609060911403,0.0078459095257763,-0.02403678591684,0.102333687672325,0.311273789632226,0.337138596189291
-0.0261496479659649,-0.030321692086618,-0.0264866635912094,0.0424903885420301,0.155678314982333,0.255952187298731,0.425048379269814
0.0756493771462898,-0.0620882459563432,-0.0311660453944443,0.0973523418783939,0.157266745819628,0.17834939781466,0.445071995196861
0.12373583288193,-0.00831497432998884,0.00499672670941509,0.0691490617246785,0.12510153892099,0.133575820873649,0.3550898534125
0.1549830510648,0.0698881169922105,0.0637150086705492,0.0161288684160438,0.0441579274425528,0.13034572214347,0.151081248647093
0.225397947351656,0.0894752214621286,0.096516715097382,0.0181611987262753,-0.0320229734794075,0.0727339953856141,-0.0608271788801875
0.336880035953957,0.0552946285351602,0.078570223442104,0.0557970804440439,-0.0283073024070847,-0.0908582554465104,-0.184783109806131
