0,0,0,0,0,0,0
0.524399745813952,-0.906748070383189,0.0814543928101157,0.0590731524791552,0.013257917700226,0.0239112446218632,-0.0157064904541011
0.633832264118653,-0.756738489867796,-0.638421041841389,0.232005197748572,0.0363991683473007,0.0379019019391983,-0.0264462741196955
0.365410601755939,-0.00702871468828126,-1.13135251532832,-0.270269543451308,0.274011343002183,-0.000279614034529412,-0.0227196861138502
0.146120369228679,0.102548573344561,-0.347171849233735,-1.32181219648131,0.169677838448676,0.136845858292151,-0.0720671322321364
-0.019041137960288,0.00800019983212845,0.143604833432793,-0.960799474471768,-1.1409194656914,0.391660052179888,-0.0783747087564287
-0.157795286229838,-0.0202372392962934,0.00676368592040896,0.0819162711270662,-1.77689473738064,-0.629975371551049,0.332150024915862
-0.265307678611224,-0.110953762175401,0.0650642686309574,-0.0228851621164482,-0.413214361939405,-2.40510769901631,0.0394685440745723
-0.429833011727595,0.0274752705973625,-0.195347853511471,0.0344849708326069,0.0173798371174456,-1.67591422896865,-2.28866784119124
-0.514086785092093,-0.11740237055172,-0.0233788113477235,-0.110798550632107,-0.18302586713458,-0.139327077310582,-3.59674195258457
-0.658493872303475,-0.0698843434112412,-0.0455368382592675,-0.193346111959662,-0.0511911900619476,0.129137275601474,-2.41281363769957
-0.782505224494535,-0.0150634212593106,-0.157861686841438,-0.0697376076717544,0.111333095561743,0.0573134971334398,-0.733670616674011
-0.82491472354073,-0.150335464942014,-0.0633247124567211,0.0493979087406734,0.143007273841091,0.145200696008964,0.773250696942502
-0.904479837559963,-0.146422343523169,-0.017940866725067,0.13451935781606,0.101708417532043,0.267173901221809,2.2464498292235
-1.01210167799547,-0.00937545253633743,0.00937050204563237,0.0542439449443687,0.0931916083779377,0.428809035722818,3.4297456176464
-1.02753599888739,0.0336200231166908,0.0588229541066655,-0.0592337771741772,0.0506145621287045,1.07959046310679,2.91839295027777
-0.904560269289442,-0.048201638326437,-0.00298995198003284,-0.0377681273292721,0.275353635477722,1.38668274433238,1.31836418199475
-0.708204214275833,-0.167713475897945,-0.12904129979852,0.122197541292734,0.603634362646632,0.889350814276464,0.236131310793621
-0.524378674686313,-0.237808767366432,-0.157294957130437,0.257807079063305,0.651979491104343,0.257614656351409,-0.292444548487836
-0.390158257581659,-0.195616579485839,-0.0755198410649836,0.243864586616937,0.407453230448102,-0.107975484162609,-0.603174369322619
-0.281073769126576,-0.0606716044769173,0.0276088855357627,0.107617599934617,0.0423894538860751,-0.246200332390131,-0.830076606669362
-0.15934189581175,0.0969036105128409,0.100707991472122,-0.0688358042121628,-0.306688631666552,-0.344378472975288,-0.94418999656681
0.0050131116243867,0.20319365570659,0.128251985742083,-0.215636204318573,-0.551667611923618,-0.566557810659707,-0.859883401056621
0.238914706098944,0.192460731381733,0.085145976876156,-0.267839044412287,-0.6495183611436,-0.918317902712398,-0.595463343420224
0.534731866757471,0.0547076710005025,-0.0343585289106903,-0.220818556699953,-0.64130053110744,-1.12564062252993,-0.42086471778209
0.80421645315387,-0.0967249613323287,-0.168590848106295,-0.203403968952089,-0.553087402412659,-0.95796018723044,-0.56968035634473
0.938399756474989,-0.114814405793771,-0.255724480555369,-0.289623803683805,-0.371441563598507,-0.587336636764709,-0.872078297674028
0.924345746774376,-0.0217213038969041,-0.245392805183167,-0.372987389691878,-0.19521698163727,-0.240256393543013,-1.05144005713893
0.826169058058143,0.0561346709212407,-0.124010635083426,-0.311251950428827,-0.137485759967097,0.00306953958954101,-0.981512657284341
0.690501335384955,0.0816842264479819,0.0411389066393581,-0.0819221626267097,-0.148221166476955,0.102754954283856,-0.639941622193074
0.527912428512627,0.0985342219524569,0.177586919880809,0.195185738093014,-0.0445446076155025,0.0230497653273939,-0.0256652920156747
0.351514941586925,0.13080602655198,0.263097461587959,0.376915547465428,0.26619984893857,-0.140088764681352,0.806527593009617
0.198154683473016,0.155091221061233,0.289370872064119,0.458360972242127,0.539724908857564,0.046958712556196,1.5528780855469
0.115926401885507,0.124844978518972,0.287663427676272,0.451906670247355,0.484401310114505,1.04871615343244,1.62783782290503
0.108284009981608,0.0984136150156769,0.225977079011545,0.206986518988319,0.699361673722095,1.96627262704334,1.14333960513751
0.179394571854621,0.0752802391986034,-0.038858817229208,0.299920978477594,1.2154459584624,1.40584129442509,1.03583362370864
0.293668290670645,-0.136324160606499,0.0729902963538909,0.657148455348808,0.912795973671211,0.69053050860164,0.912143442085717
0.233254710860557,-0.00344274182577894,0.30447767730305,0.578222311133789,0.39530166403525,0.373817137978527,0.618634941964703
0.126099877045815,0.333919236630861,0.375269845788891,0.204693899332008,0.0885263736484208,0.220016295073689,0.348268231258383
0.200937790177172,0.400260073274238,0.337418972447006,-0.0825384391139954,-0.0947682355068222,0.089285401373056,0.180980932675928
0.456007016610004,0.1548266794924,0.180614230066756,-0.0882962478926831,-0.260596334558645,-0.0586114648841258,0.0907395600426409
0.719444585664526,-0.117783172189651,-0.0882523527688023,0.0237989921381848,-0.320939806901554,-0.271450974323701,0.0204274117456057
0.84899958102396,-0.212365252935494,-0.332145784328966,-0.0433603503053769,-0.178951056302134,-0.531995689183341,-0.126561595013058
0.800988361935388,-0.129695055199563,-0.383655483754806,-0.3493937975784,-0.0116562475120815,-0.645927062258731,-0.490004813566149
0.626730081645405,0.00229060566253972,-0.257775780091575,-0.557330763326178,-0.210636432022262,-0.409064971197693,-1.08920473101114
0.414926949499141,0.0588835909843982,-0.0853216995602549,-0.430408948190372,-0.70709938360844,-0.131459069697106,-1.52820168457987
0.20906547530035,0.0369731298565376,0.0535706012689161,-0.22137242787688,-0.823172313743534,-0.484537990920001,-1.22243689135288
-0.00419055170475027,0.0458325846768051,0.0606437256341308,-0.0902004768054726,-0.446556713147704,-1.22070109133231,-0.439448332575181
-0.198813076526457,0.0423564054938761,-0.00355067781198866,0.0477519792922231,-0.176564352575268,-1.36423441203041,-0.0557574741354733
-0.35971120821173,-0.0347779894390658,0.0169365935157278,0.114633499616032,-0.159743464196052,-0.727811844677528,-0.327209044182669
-0.508557934357062,-0.0985455445213663,0.0546420488558269,0.0465907952137728,-0.0798244912152969,0.109923842841923,-0.783345454279731
-0.648453838682102,-0.0777263030195128,-0.0401894037282997,-0.0614476067234553,0.185805758763462,0.750879161888599,-0.932554486173968
-0.732524198596223,-0.0941718947422183,-0.191720583903041,-0.0906279806919356,0.51217135393767,0.991111348210509,-0.378174148965471
-0.767112067656714,-0.225008043492077,-0.225979464606128,0.0479145968791219,0.59113305058207,0.829793119233321,0.969325988647641
-0.885283173171583,-0.234096707211118,-0.113420941723597,0.209673100140345,0.319963018316332,0.493334358898817,2.55586719530329
-1.10989970486951,-0.00472829629013249,0.10034122832268,0.114203258444077,-0.0284447950209298,0.465550723444488,2.93678276575217
-1.21933654014419,0.178535435931589,0.216711080046503,-0.0769445637531637,-0.126304885402216,0.616861411612226,1.81513938317961
-1.05733557768236,0.0678624088275188,0.107171075129636,-0.029089889681852,0.0185208123714533,0.371649527687531,0.525449513205043
-0.744136029325991,-0.187550522445895,-0.110372887594721,0.141427459284565,0.212489787260572,-0.0581429190567933,-0.636084796139837
-0.498538443835978,-0.289162541856304,-0.248393597998788,0.129757885733076,0.309939606089186,-0.28611506507346,-1.83248074569995
-0.40929749165906,-0.156872677036526,-0.207347023910736,-0.0816330563593609,0.161653752665442,-0.340090463134332,-2.60367705846572
-0.377704475740605,0.0227010956395531,-0.0619308631259438,-0.232971478368658,-0.244585308256655,-0.689748815575959,-1.9303567595379
-0.282015121794764,0.0784275904687259,0.0566835446695621,-0.219643019171571,-0.791961669929876,-1.08550150656955,-0.319184367840044
-0.107847507962021,0.0340014751479135,0.0673428719399542,-0.272895783316029,-1.09261125686076,-1.04247725607964,0.852812845972072
0.111287683486756,-0.0319569154602237,-0.107758337574729,-0.457637143195105,-0.855472036378033,-0.620069084273295,0.839656956137396
0.331368914325046,-0.130023907585235,-0.365369430024784,-0.522879842987164,-0.394913323871452,-0.195153152093342,0.156693783787251
0.48154162205939,-0.241757363156915,-0.500448578679236,-0.434354067130254,-0.0359891078510499,0.0714481345558934,-0.524811179610911
0.496908158610502,-0.266736753419699,-0.448385029504141,-0.297675530847237,0.119624787083374,0.186875423700276,-0.914823496159549
0.378835101956499,-0.150489763352122,-0.272537284513128,-0.178694378725434,0.113547495361061,0.175057717328529,-0.962028150151201
0.189827998759883,0.0404113721357048,-0.031073494273171,-0.072367454683722,0.023458354255282,0.0699587938770393,-0.751966540230212
0.000711395832342865,0.195228932729562,0.241446365161489,0.0712974525012136,-0.0864540488557009,-0.0986746577375484,-0.37944571720896
-0.136863965081991,0.253388667895954,0.465580906224555,0.306518493763254,-0.135953965889882,-0.313025922002228,0.0959856645276295
-0.193201924338254,0.235475964068954,0.527748040957099,0.584409884145176,0.00770030568009547,-0.500274046650716,0.570085315428139
-0.150971303589523,0.179302753100897,0.428909575469116,0.682209453351552,0.398406612079842,-0.382917994221048,0.783834593382466
-0.0164753944881181,0.10988397774657,0.259303011302494,0.504933362771557,0.733503494435841,0.439377296105459,0.519746129509245
0.169997940695496,0.055377008874186,0.0682617169634332,0.2092704400102,0.739102669992182,1.73514478943048,0.265258619978762
0.365982286551686,0.00170451286850032,-0.0886448004519003,-0.0305220138360507,0.851905665547367,1.93953249740038,1.24269250678159
0.529414259702134,-0.0903573477086966,-0.160989214414818,0.213217616414153,0.751724332062075,1.03830566690215,2.42233885054767
0.576166191745924,-0.115334762226769,0.0718185137634942,0.367398556459394,0.281521381418603,0.653776247935651,1.95774502574528
0.479545558193682,0.156731657844481,0.265985313247699,0.16303891380269,0.00912949057033641,0.402549842971373,0.956541060915157
0.450102339522087,0.386387648887082,0.300254508774397,-0.0489502252714298,-0.0938675599979002,-0.0330363501953533,0.188531847955133
0.650339043641388,0.239806347028194,0.232131614732152,-0.000829933207511305,-0.215371947883389,-0.504600951113619,-0.428272414728196
0.944970646132296,-0.0471627419674973,0.0441900184298714,0.155661043147995,-0.270855313663291,-0.838837317903021,-1.1554907393383
1.11080280228027,-0.124986861016781,-0.155756545046089,0.037458687304355,-0.133989372994916,-0.894684377944521,-2.06531226118504
1.08700361004146,0.00045538472427091,-0.212273254373588,-0.303892254673064,-0.0814328139430965,-0.666223034618568,-2.58020912365665
0.964418664964713,0.0887368579102075,-0.14112741840199,-0.423701003168759,-0.371088072950509,-0.484613350544554,-1.93672495464483
0.795621181203325,0.0793194992387056,-0.0351179908221902,-0.297220302878813,-0.677890128768664,-0.482791897733927,-0.697657422712474
0.567558527308121,0.0861122949427769,0.0343877467087547,-0.168010097111777,-0.654724107554282,-0.599076642884627,0.389683596234733
0.294673682340693,0.135097863486469,0.0617577572694955,-0.0962466564256341,-0.382412432582105,-0.652988958079266,0.99724455057566
0.028364011304104,0.147820251628739,0.0894786257107644,-0.0145268939929876,-0.104381201523063,-0.46641343886546,1.04325623216569
-0.190882581996809,0.0737776728218899,0.128022368948818,0.111838461395879,0.0890204463342851,-0.0334062401145474,0.647846854124828
-0.350532249391255,-0.06044856470526,0.129695859547399,0.252553597393291,0.255848030974586,0.542852679366033,0.0296962803116926
-0.464597452812156,-0.17027367775676,0.0376578726735913,0.314674055993417,0.526501207247185,1.07303413900849,-0.500249528035912
-0.568486865414703,-0.178251901898122,-0.116343303377682,0.23036199680139,0.940337915855632,1.21369951615983,-0.399808163432385
-0.686910301364812,-0.125726688547969,-0.177519760613842,0.182938621890205,1.04105476716664,0.966892847026039,0.524601824184586
-0.814346952155121,-0.0956055525637905,-0.0228095415834045,0.233183288662936,0.55137385230404,0.772486326372154,1.56958014480162
-0.936488843380339,-0.0156211870095092,0.180514958830461,0.196532124037764,-0.040151603983091,0.678063581823594,2.09914718596845
-0.986505963557582,0.105316119480061,0.223514544643909,0.0352424039024209,-0.292400696155621,0.463174975281191,2.02691902118876
-0.872863416027977,0.0937956977499813,0.0986097281094323,-0.121557073338099,-0.202593374637996,0.0248613386469866,1.58165693346431
-0.610185968825307,-0.0850635788779751,-0.125229733373197,-0.141408199913237,-0.0597204507971372,-0.443200546981371,0.768312914623113
-0.329615228083059,-0.271749444234689,-0.331871743969431,-0.103035605630894,-0.0893757113640243,-0.573100243655964,-0.716820755224465
-0.187070139571671,-0.281730102471081,-0.357215080842964,-0.239807964339687,-0.268537649321731,-0.139514031766467,-3.07630939830412
-0.239172038296884,-0.0562599523342277,-0.227509398083201,-0.518266423391914,-0.17150655747655,-0.36099812357286,-4.57446115176903
-0.305070672269932,0.0772287467954426,-0.168326570730863,-0.181727882241558,-0.384733904608095,-2.20084295438386,-1.79980221048218
-0.263057122252484,-0.130034711234547,0.203214134999379,0.0807636629857389,-1.5618139750459,-1.94615522287812,0.754688565828046
-0.318369389038672,0.0904070444880002,0.173341250029624,-0.578999259108375,-1.40543992979029,-0.609228622085903,0.856459121475238
-0.238646385908232,0.21159012266173,-0.31993702419109,-0.877188175956859,-0.458822397201331,0.105007863846167,0.0846413460323623
0.0423037388298285,-0.228903719633792,-0.573300404577253,-0.567859674620448,0.214135319491574,0.315580969054247,-0.519560788962962
0.198516975243245,-0.636175819531934,-0.584856789963132,-0.0205777325046722,0.419492262963971,0.354479432387847,-0.76983122875857
0.00759166662746172,-0.501620665539968,-0.463366264142303,0.264712684566554,0.440577249527626,0.315342239481227,-0.689573742935601
-0.370752217529539,-0.0543419896608868,-0.1570487456588,0.143552061669411,0.445366083470817,0.251976136040604,-0.397019539706592
-0.705281370015674,0.313370668847457,0.292899973483542,-0.0679864023721918,0.318040455883587,0.239865093029267,0.0129907463668276
-0.862540903432378,0.417154119877279,0.668898595679841,0.0531867499264936,-0.0627326900102448,0.271965558438937,0.54112099103901
-0.784420214847212,0.290204284700278,0.679884589286771,0.584487774212512,-0.396996426905939,0.147513405412071,1.1836515264081
-0.50771885245169,0.0644889241087827,0.42973067885324,0.839002708351936,-0.00667864455651956,-0.236969825095869,1.63459777751434
-0.165385479486539,-0.0721236726443729,0.136858501962562,0.496193946334383,0.818470412450295,-0.213827292111483,1.22175320353229
0.13666245606356,-0.0454326063225733,-0.182738721355363,0.117995833888109,1.05693452607292,0.74241652663714,-0.0677761356745257
0.394138794991583,-0.0479662084664969,-0.265780270128543,-0.0993956235693092,0.610653552526548,1.85202474532376,-1.10428492470618
0.586122214579789,-0.0968169976986972,-0.11045072615761,-0.227980457912202,0.304307492820036,1.55121618330948,-0.43720990226028
0.672269320898289,-0.0003071203793205,-0.0784955746795091,-0.102405790298888,0.0876017061997161,0.387547997568946,1.08069802016122
0.68662925074002,0.124380353371333,0.0212568472722064,0.0869411250084792,-0.249998883005005,-0.700129433684709,2.22152987329259
0.681787276435908,0.176065246129769,0.300201832549243,0.111643444149771,-0.622874441439093,-1.1687818409392,2.01607481817725
0.700486455653916,0.278309914917882,0.359773444887832,-0.00257433279240829,-0.721254854011938,-0.957805228375497,0.338103184316975
0.862965560333032,0.237932095002454,0.141038673315622,-0.135041115448358,-0.351400949896782,-0.46202951069051,-2.01235115258225
1.14071136122579,-0.0393641132097053,-0.155770559558484,-0.134735324796092,0.188990470552867,0.047832808239575,-4.05369148534004
1.27147309523231,-0.234516529804799,-0.356335406422826,0.0180698136941292,0.54140848658536,-0.288318568127441,-3.39213647652507
1.07327868001489,-0.130061248703238,-0.199262288903512,0.112090788047058,0.205968827810649,-0.450677142399889,-1.4282011883922
0.677329241605128,0.164032524268365,0.180249859315033,-0.0198329680526434,-0.317033624369681,-0.169266832129229,0.257114799150925
0.329956071679261,0.394935204203245,0.425831034502305,-0.110722200562477,-0.575872387913897,-0.0610133517349817,1.91200697849196
0.22055494793977,0.336179696322279,0.361751697811378,0.0151723110831027,-0.426868501034543,-0.205386820272269,3.25938336498178
0.286815459097654,0.0627470597989607,0.127774513080391,0.190417399597481,-0.0848748648415758,0.246677118243146,2.81486298640234
0.318223750877589,-0.143428612545973,-0.079328701551632,0.174785661343612,0.431265297771714,1.05842036103157,0.933938219867746
0.237050019047098,-0.172206214047916,-0.236496443742349,0.0514828462413333,1.06193147687654,1.4337598327841,-0.923842329825973
0.0466730709494633,-0.101645888235264,-0.25496320993498,0.164371634045658,1.26467599442732,1.11500726928072,-1.59894120384169
-0.22681963388473,-0.0211886812006585,0.00727980575384424,0.401677732438411,0.829799910735345,0.543279092231418,-0.942251307559862
-0.517014279493112,0.0944653185112804,0.372832682385396,0.464078933960822,0.229075792241057,0.13428707117423,0.0619071695090707
-0.727735492607912,0.233005364346175,0.570942007625906,0.398353852257306,-0.225718222154925,-0.155852569363257,0.961338926451743
-0.765509916952764,0.284793615607916,0.50607118552108,0.29797098329218,-0.389860916956626,-0.396572662398595,1.52526317582099
-0.61262563620521,0.154656655586983,0.286177733250706,0.171622019766659,-0.287814928655856,-0.507297915084476,1.54483404703578
-0.349999543982429,-0.078449525562294,-0.00786556134037836,0.0203731221841525,-0.0815966686901116,-0.406608351620015,1.05051323166781
-0.0774243910343902,-0.25944690306219,-0.349820240284484,-0.175769798785602,0.0785596065992094,-0.0752540945923534,0.169477505304441
0.132487238240115,-0.317282506454024,-0.618666308489483,-0.46973984030121,0.0671619747433339,0.470202360968954,-1.02797372861272
0.224416689150181,-0.292389975342416,-0.631531112733172,-0.780614400335045,-0.173300594355163,0.832224417542205,-2.10330285053116
0.138705542593179,-0.191891368898213,-0.476305014553087,-0.746288709782595,-0.434289259280454,-0.0273376408641979,-1.73846412588141
-0.0844105790149708,-0.0988433552382091,-0.23346353127818,-0.286600249461722,-0.672339672512468,-1.83796969447539,-0.0422194143177042
-0.379958985773712,-0.0423808701404856,0.185960823455594,0.113216205404276,-1.30290811289136,-2.23627942367092,0.346192085191691
-0.691381313589825,0.249131065894619,0.356637680081632,-0.34709411519057,-1.19491934292579,-0.924003105455385,-1.30040081512393
-0.72225043324893,0.304334050018462,-0.00716698650932679,-0.557723852790191,-0.317635726719686,-0.336378979892342,-2.01969822026698
-0.453459998763528,-0.212719977121619,-0.335476356207833,-0.136326793834659,0.293346090534604,-0.337677102112044,-1.58611041545875
-0.292072819279476,-0.637475186960735,-0.461486840367968,0.355470970945485,0.488722995028423,-0.189030179303465,-0.915599221505481
-0.545163084591521,-0.400305383017349,-0.323804826330862,0.262420034023522,0.545687142346367,0.285944658926181,-0.347309777424634
-0.981085095094995,0.140150632523958,0.0235668048962445,-0.159496199638781,0.394986086630068,0.900311733872713,0.282020187981486
-1.2225344072387,0.378736131021319,0.365893378058305,-0.220279194886295,-0.0560530366835404,1.2416130508302,1.40201602814131
-1.10290638303368,0.159984436906445,0.417533752782364,0.219264193942922,-0.276786719698312,0.692028143027307,3.098687799943
-0.784773604064216,-0.134501112367409,0.149920829433024,0.559530410499184,0.140641155641505,-0.0809054108155667,3.74979139735384
-0.478334105542157,-0.247940875626435,-0.085974996794509,0.407873475454026,0.618751616101414,0.166855473876937,2.20505052353667
-0.243984471164577,-0.199330408737543,-0.197447019525114,0.0599496001337399,0.775928917347506,0.75000165074535,0.352862507586964
-0.0549601701432908,-0.100346289465362,-0.22917419161213,-0.162284680519988,0.55377544791001,1.20693523771859,-1.0580944145481
0.126736057759634,-0.0521429100581742,-0.176910152196057,-0.220666016075139,0.181389594274671,1.22518832287283,-1.72489960605218
0.29846405463656,-0.0373567118100142,-0.0846931345941164,-0.196954346938035,-0.112230779606918,0.680812883516193,-1.50988331503409
0.423740235212629,0.0280178021932483,-0.0172765578296472,-0.126669041339821,-0.305186634319437,-0.257899119309822,-0.676585070208284
0.476998373813268,0.159118622475399,0.0553217100492121,-0.0303091767826673,-0.390234935134202,-1.48089142064583,0.43538264560551
0.478458121497822,0.262898119329993,0.223939710162183,0.106367613907459,-0.553416790704127,-2.4371123841177,1.02462474457526
0.536700707930258,0.233762474369108,0.427690665075828,0.141429453962513,-1.04420912109659,-1.67531945669608,-0.385994723582116
0.695034246799368,0.215494101485397,0.306063661965846,-0.149609755535258,-0.819670242890504,-0.468230100872236,-2.33590083771354
0.945699714608407,0.126064605670197,-0.132157256755469,-0.3414752196795,0.0149142102807768,-0.0524679078113731,-3.01687876286555
1.20695205264635,-0.174581764828709,-0.433826602245042,-0.197886752446949,0.599339318301069,-0.0848018792115012,-2.33891373015942
1.22316959181444,-0.336440095782049,-0.410942556474475,0.0941214799338473,0.482471970000901,0.203971014410673,-1.20161868292461
0.884974271110075,-0.099771086850492,-0.0894529244875319,0.115422217536202,0.101538918207512,0.576599805057845,0.278416277008783
0.389918281772908,0.307860234694621,0.328343852055218,-0.0457627822637178,-0.0933254946365842,0.37651032675729,2.49982451133109
0.0541266793777753,0.469089266866776,0.52514830370108,0.142411759828174,-0.255043572699443,-0.158299406367239,4.99393445012398
0.0847162680693358,0.171932785839482,0.471327953633736,0.415796271804752,-0.306543849344817,1.0623614031078,3.42091980435764
0.197211834332354,0.00800939618145924,0.139075188915462,0.176105011462394,0.933250846444287,1.69802140779251,-0.0285146511464678
0.310111269746245,-0.0704371501646072,-0.364169676856893,0.402034650693094,1.96176215630134,0.960030227691839,-2.12073049363416
0.342961200794212,-0.322295075605332,-0.0906748240720759,0.865896708467668,1.29044373238622,0.268321551343618,-1.92158412582293
0.0608824054297543,-0.037579904129004,0.378723321173017,0.692554935259738,0.344570478810765,0.010337946624098,-0.713438951680751
-0.272068138826684,0.504506013869963,0.586428273206861,0.192067993947441,-0.22708190277087,-0.0518473731361678,0.415752409470955
-0.312333165406384,0.654706172203021,0.614115110373492,-0.181644194763292,-0.536142779848397,-0.0954080470829557,1.27559536779877
-0.0281145157296105,0.316965391702725,0.439675794415209,-0.164934261266224,-0.691988612709564,-0.15658787055498,1.69542074248649
0.33936064427635,-0.116248979995579,0.0545106386835382,0.0452611168600475,-0.61566939917439,-0.243979925268779,1.62563496174293
0.607508988453208,-0.361392947751988,-0.418414119302767,0.0892223756003234,-0.22003402348467,-0.365251260753303,1.18073625151878
0.699295923975228,-0.363421901819178,-0.737392461391424,-0.262204990881009,0.356549155186963,-0.381183089850426,0.381117190750231
0.608035160210428,-0.244332002746894,-0.687952451859583,-0.781653851122477,0.507620650317018,0.0777040720783861,-0.866381070673476
0.366029943850249,-0.110828068962118,-0.428052690067097,-0.7868454060967,-0.263929853219766,0.937733269459137,-2.25514732956557
0.0480800638464791,-0.0360886367036858,-0.0964622628851962,-0.398878341358271,-0.950156573337148,0.745146126360952,-2.47726553488681
-0.294958652383332,0.0533813404364955,0.159870264339236,-0.142169355118795,-0.591521528946796,-1.12861890326521,-0.902528090447979
-0.55510628158941,0.0955135375781206,0.167447016746022,0.285547250689729,-0.125842385251087,-2.92630070925277,0.851928646987551
-0.669908837408778,-0.0338280967972684,0.244528531178158,0.571855644252468,-0.695362485185159,-1.83292130617983,0.1156409283671
-0.789622146037408,0.0242770517575147,0.332505389455696,-0.00387664353593209,-0.59428549942115,-0.0987349138860427,-1.46723370210237
-0.830172948029257,0.201271843167459,-0.0385153066014986,-0.521605059775112,0.15474794141656,0.833182069791781,-2.16029254373869
-0.595447033984953,-0.100875864107625,-0.487990089986849,-0.392366564093352,0.731265259132123,1.00676083018505,-1.48101049095329
-0.332128311391372,-0.680641446062282,-0.573229314379341,0.170909761607361,0.614369284052144,0.851107861867709,0.262082963052218
-0.596189820823002,-0.491120044145091,-0.325589336390568,0.233341189280093,0.312493974744588,0.384423477829823,2.5669400222396
-1.19246198780633,0.241501353660906,0.124785581431928,-0.150387589407882,-0.0972362256670851,0.135159407004868,4.04698699421956
-1.45399021703129,0.478190504456586,0.535228353713044,-0.220766780253654,-0.64577941936604,0.712800935123799,2.85845703442696
-1.17713028269456,0.131815578027706,0.403306742490914,0.110977013982198,-0.381224610378103,0.507309820544545,1.15191242073159
-0.710114064998538,-0.253173349583242,-0.0883844234760589,0.41191626934811,0.407197647199967,-0.251195643650539,-0.137682397556897
-0.35022588293304,-0.400519549430133,-0.432400255714491,0.320402316963796,1.03026817516286,-0.535483907039393,-1.66720899787067
-0.209035554134274,-0.296212784661458,-0.375558709609334,0.0161032543861837,0.736916439393554,0.200760466095462,-3.36643561419284
-0.195596678961774,-0.0759755481837755,-0.104817397609978,-0.232594591507093,-0.00905836852623854,0.579294708980278,-3.42420802857508
-0.152969427098934,0.106657287995043,0.0741337271379035,-0.338241930924591,-0.50143520263011,-0.104830734257716,-1.6026570604651
-0.0309576827060647,0.183876077787103,0.0957209483662673,-0.250662332328836,-0.812515356718632,-1.05223851120658,0.646036670525941
0.163058202305441,0.120280776623828,0.0652848499740653,-0.125474768633839,-0.956616432972702,-1.75489730918494,2.59491756759734
0.399990871336085,-0.0312712024162781,0.0221249838969293,-0.179232687296077,-0.998018366795751,-1.2724413069979,2.50279842304397
0.60735149384635,-0.102531154919198,-0.12555712801931,-0.348135671133997,-0.72433487451098,-0.372138735811199,0.959822521466758
0.722234700667109,-0.0529550225808679,-0.330458462528368,-0.452420767365251,-0.24161462931557,0.194067022076322,-0.565461026896225
0.753934016843443,-0.0255262819072747,-0.38233651550053,-0.45893488802679,0.180902992766164,0.544075793518971,-1.82353861546169
0.70688625599625,-0.0645685517225948,-0.244186252499823,-0.308024439188466,0.394566124362509,0.66254259925368,-2.46230511451455
0.558930952307197,-0.0512059302656867,-0.0662908478489709,0.0471073562632702,0.415418766014085,0.378824035429239,-2.07186670812712
0.319858901682614,0.0490760847265286,0.134304461994704,0.464332191253989,0.338880549082445,-0.117441345621401,-0.968996236792371
0.0322265471793777,0.166826694775738,0.449636589300284,0.707488502799751,0.292414936572512,-0.558323700996324,0.504305615557329
-0.239543310509762,0.332562999280485,0.722669748168247,0.702317465523571,0.243535306705002,-0.558744652698685,2.03045949369429
-0.299268516743461,0.450183604062669,0.666844424495549,0.528383421620347,0.0768961887348853,0.476231564158485,2.59051524084576
0.0317514817791395,0.229835283456022,0.350335444800993,0.11574522991772,0.34800391210036,1.9980752716936,1.48095108979128
0.554069204856632,-0.106950480938637,-0.322322039407635,-0.00236499435757505,1.36202270472052,1.93286507698772,0.432905434840684
0.93744994467714,-0.492068879970681,-0.562238881645718,0.465808724108112,1.42094224500716,0.894941991982685,0.478990315176108
0.818319911510222,-0.342291907610204,-0.138368102428635,0.44552977577885,0.616900709617821,0.459740088199221,0.664837076063436
0.398973095886998,0.300938123783729,0.292868774571996,-0.0018156242765886,-0.144451409416408,0.386601967563822,0.705405537774288
0.138838663638141,0.702713965494432,0.611535706867108,-0.353413323446052,-0.756392061753317,0.21595421585317,0.757407880873687
0.322572366037594,0.471529599466336,0.555954894263974,-0.139182499382293,-1.05674679834035,-0.393507107116957,0.842222550873932
0.728023905168528,-0.0189842582943274,0.155064133865819,0.216179085399018,-0.65413495088798,-1.3521330631867,0.65449728564078
1.02377928620739,-0.30377900962207,-0.30771030962653,0.221633382754613,0.136201370009055,-1.88878236435943,-0.37103439783577
1.04965621430596,-0.258336640029178,-0.539849836550232,-0.102951758355401,0.407320705991127,-1.01629096571285,-2.49873089626749
0.839760277921221,-0.0829613506760088,-0.338444612044655,-0.530101539444301,-0.0774593158139893,0.706455166129632,-4.50771861254429
0.504499961141538,0.123080608461872,-0.0664014769185866,-0.690453554667453,-0.424765531151815,0.793340983285237,-3.5126004222875
0.157812918164724,0.27787947630784,-0.00985210674033524,-0.382094674979634,-0.484697351954501,-0.163960829046906,-1.31085873439741
-0.0804733324201483,0.162573318225721,0.121236410642059,0.037944085027177,-0.460328726282762,-1.01633316943103,0.585045209575457
-0.230954444935712,-0.0910369910719426,0.268464861380398,0.36681392882022,-0.329127745734726,-1.55276308003897,2.13736235727076
-0.401073836615019,-0.151087597785481,0.20796106213843,0.50169471745787,-0.171367542345459,-1.34447766634539,2.77778796991486
-0.622471856240733,0.0170987959280377,0.0500495684810926,0.303204674788879,0.053571580641029,-0.313251901990289,1.9878094869297
-0.755165121534521,0.0704785278645576,0.0135210668576448,-0.136284796085054,0.379369084346605,1.06497245737457,0.400598120327897
-0.697312764989893,-0.102868010430222,-0.112717711642063,-0.366584000310035,0.509397051362045,2.62102409481292,-1.42699858088191
-0.540027795229499,-0.3416564973805,-0.479324573771186,-0.128444158033717,0.898317573844282,2.3675866582868,-1.20128255028075
-0.589272185017523,-0.431498277578717,-0.468699755424297,0.220829596599991,1.05531778025277,0.580214762689685,1.05941915375052
-0.915230262137541,-0.181450452923212,-0.0482722097678219,0.331944487458203,0.409598029452628,-0.440692744630258,2.66993735105963
-1.28104462351238,0.232197659502698,0.436330067192825,0.201968221137652,-0.549938617680157,-0.417184183397432,2.60265140435055
-1.34945129691226,0.417936640931795,0.64202343303166,-0.0441352560939911,-1.01939428537996,-0.188443383468381,1.29656593344555
-0.984651110739792,0.21641018782412,0.299805198133953,-0.151056837764591,-0.579215851268594,-0.397368617716994,-0.462814747806841
-0.385628342581923,-0.208955033672942,-0.321738677573939,-0.0919244775240518,0.167291282815153,-0.471258810730208,-2.63503294556354
0.138108745379282,-0.548503026734898,-0.765938180864091,-0.132967265094669,0.671672157181252,-0.332390917456129,-4.46007394405478
0.219432057042634,-0.481551803947952,-0.635088414699356,-0.242510004460685,0.240069235392392,-0.885370953390637,-2.72201411399172
-0.0347318705562764,-0.100681235490598,-0.199191385614031,-0.348163179251749,-0.928702789612534,-0.892822644165281,-0.0543754064745681
-0.341930901338754,0.291826482444119,0.259803502954389,-0.672713673116822,-1.63070913360917,-0.5367901793156,1.90932605774995
-0.401163584267298,0.394544596063899,0.221052725513526,-0.774617232791311,-1.27778686568641,-0.403711003154833,2.41232757254904
-0.112823694731335,0.00469107947166753,-0.0844894258615253,-0.38803659392798,-0.673313523476876,-0.313971251552598,1.54503461774472
0.204443633072975,-0.426009397760412,-0.343625504338636,0.0759959374345572,-0.145699797296853,-0.293841206648682,0.418704779185389
0.296635503537439,-0.49367282995309,-0.504753288185109,0.272738269219569,0.399464223405013,-0.288225029610632,-0.673746847392716
0.146017163851216,-0.23142143761925,-0.428685029162734,0.0683817352672959,0.875315538594983,-0.102061672296096,-1.70337549984073
-0.101611143884184,0.0823232332144574,-0.121021847763446,-0.206075165463644,0.930215255529833,0.382828165485635,-2.46111846830925
-0.302112502611716,0.250261372691128,0.237854323120638,-0.117967279825333,0.406730317580927,0.91265769422926,-2.47575729119942
-0.381036512095841,0.232638732563268,0.497598183207932,0.31676883814442,-0.243354663270475,1.02243720019332,-1.57866403727894
-0.357026351345609,0.155275570388539,0.575904427452677,0.695267005951805,-0.301106304292599,0.349079141734103,0.0929371357355007
-0.270334110260897,0.170202506348484,0.448367766709231,0.657396898288455,0.477043157902081,-0.998364033441864,2.33177111539106
-0.103630929525036,0.222641407876249,0.171342373883938,0.49319488155196,0.886812144583921,-1.3752115944045,4.01192178187758
0.22698439298004,-0.00416368948468826,0.142086491472685,0.367958268108989,-0.0496601885153094,0.984947780868931,2.4545040957822
0.501495369062758,-0.052403299402066,0.129164943146701,-0.307046025791079,-0.19573677130379,3.08605805866401,-0.329853701865545
0.67023271866631,0.206277089985689,-0.411773931277605,-0.681129697253678,1.16681204887457,1.82748457489002,-0.803228850898508
0.986574531956203,-0.202284925096855,-0.540512236116258,0.141423848417688,1.09854295961367,0.00816394328105141,0.368386955524618
1.05979494547804,-0.52548265195687,-0.0238612503917074,0.757255984426734,-0.0300007141734626,-0.725351950252586,1.14618150571728
0.608129518644064,0.130734959954954,0.47395441860337,0.400122625086807,-0.809945700340216,-0.827270278979299,1.03650091816881
0.151978854874052,0.982563015631985,0.724817741291626,-0.486021953749338,-0.791000146107451,-0.763276683703096,0.0238992942193521
0.501388954623687,0.627810590856735,0.459209616150511,-0.334713324723496,-0.675719881510209,-0.560128289536443,-1.55821301851796
1.23506907160031,-0.345963690942179,-0.0878536695257466,0.289887241100934,-0.212883261958316,-0.637551698688494,-2.57602209385706
1.55672316099822,-0.635425346041212,-0.655010186809224,0.30054646745404,0.631887428736854,-0.898867812373192,-2.42450365921741
1.2359234992863,-0.176709893770932,-0.621962197022985,-0.280827522121287,0.707010076072433,-0.369860390806348,-1.66576887669364
0.69933141931934,0.248826700244185,-0.0850316683575768,-0.605381963819106,-0.135913535428397,0.623677148254657,-0.845699656073415
0.26435244114559,0.37072599003278,0.399797173505638,-0.380607494492683,-1.03466014819483,1.06891200399593,0.431607286329071
0.00806736586530382,0.298004586200421,0.504293856440124,0.0523865340705171,-0.9650692761779,0.188396308203826,2.33127907094386
-0.107183165305742,0.157913306970173,0.295261459059569,0.339809714604206,-0.0158537730304861,-1.19693292499173,3.8000314467004
-0.137808056378782,-0.0335844886645091,0.0260847419355407,0.534534581396412,0.616956491719994,-1.03681705621944,2.88143981826333
-0.204513682691733,-0.176308188863533,-0.0334839194678134,0.522842902470742,0.699527857004773,0.286477654543185,0.635698773594515
-0.332382601212741,-0.176485805292275,0.0329145243091003,0.230248050612907,0.622136037798563,1.83845705509582,-1.81976573306836
-0.485533248150903,0.000599114769716025,0.00836191413575338,-0.147701438738189,0.757422227551124,2.51337545504883,-3.31978163205355
-0.597367244374274,0.133668580612802,-0.139600757973574,-0.106566790994075,1.02883087164067,1.29015652217499,-1.89684423191537
-0.600276965433632,-0.0433820074811713,-0.0774967186769582,0.219638351183288,0.666302711821586,0.283796151213147,-0.00815136573337538
-0.576052116761472,-0.264676240958258,0.103737691867856,0.451649710225188,0.0641037048817417,-0.372115229342007,1.66936642387706
-0.643397017638761,-0.155469746350613,0.141630843716596,0.424115955537814,-0.375408414264869,-0.964856633340675,3.03512157205228
-0.728582810069424,0.14449868189874,0.137637802250618,0.0334143303178798,-0.611622433033569,-1.06962081945715,3.05975254264415
-0.638161024121833,0.222223400954379,0.16345538603202,-0.486553141335199,-0.793088513240872,-0.49252338638053,1.51813272838404
-0.327932149419779,0.0481112601561395,-0.0749994921554963,-0.688315529130132,-0.848801551759751,0.203896182754149,-0.83026861568988
0.103361043257785,-0.271262446712002,-0.571307408704169,-0.605182087411772,-0.37631108288444,0.451095489353952,-3.54739435353029
0.398366497067344,-0.579654390630001,-0.893796874296362,-0.392072753667079,0.622424693196297,-0.905419594812654,-4.33652915653431
0.158365951813674,-0.495372190734428,-0.573498346459269,0.168092053888185,-0.13604548805504,-2.24060940510374,-1.48684553312279
-0.471020465482435,0.0318344401494217,0.31715235816444,-0.169628091108867,-1.61003154165748,-1.25500515804209,0.465697001837224
-1.03093339289442,0.744336959417184,0.599900884582701,-0.931043763396004,-1.60656903333465,-0.105745166528915,0.890737103076924
-0.888808544646113,0.513845316768384,0.187068480310657,-0.693959878493385,-0.746491186045064,0.0445345864448691,0.696337826767928
-0.349404798461461,-0.37807253545449,-0.211990012579283,0.105712635447517,-0.0363827447539576,-0.195570187401147,0.357796803625246
-0.0127784252473295,-0.877504822959503,-0.637045308680673,0.736337905244822,0.70968110576358,-0.418727415873224,-0.157592079344419
-0.218737742567022,-0.552370086287373,-0.654187242444656,0.390775761069936,1.50835026670879,-0.165416696000576,-0.925906805495035
-0.681387349643539,0.054878275495337,-0.189135362860985,-0.227207510419679,1.30654213043512,0.948187370250069,-1.59331700370454
-1.00395929296411,0.393725994171175,0.341159317604133,-0.218682713078285,0.0822528152560611,2.12590600871814,-1.3494642916072
-1.02358520696958,0.313701991116006,0.709989632961985,0.174549425468432,-0.736023193664472,1.85748052565218,0.432381036972716
-0.78167135899207,0.124312119658868,0.578031184867733,0.495401465215356,-0.258486993012205,-0.0655237917797449,2.9784839469218
-0.424458900097935,0.037687203590185,0.0587917165671233,0.622705283306255,0.765615213934538,-1.93153899843899,4.58929738140723
0.0129477499803776,-0.190229320266933,-0.157447320461426,0.557685716282763,0.638616031188755,-0.978448342157456,2.74993154894302
0.39012539851827,-0.37401823024659,-0.0803486083841084,0.162570174047736,0.190491557728777,0.576683713779678,0.550989712359256
0.525165410313524,-0.0831457285162507,-0.163752183168604,-0.352717114104277,-0.14482065507041,1.84054471424114,-1.46945524035872
0.502515512755021,0.400143058793098,-0.243272805418574,-0.857472219116253,-0.107741377981903,2.12525110332951,-2.94403557442255
0.670908030608359,0.285820944063463,-0.100483534560631,-0.785397011986502,0.101914574752544,0.771431040230337,-2.4140404208054
0.960711563527451,-0.165142201712641,-0.0513172134056169,0.0759332365534163,-0.199086127145819,-0.968632623899336,-0.713355960944351
0.993988725034003,-0.264036757890219,-0.029594034803357,0.857279027464291,-0.406588428071205,-2.88269721877708,1.32993252761892
0.634621323286193,0.18275916506905,0.442993704699672,0.408521473145346,-0.582303998573743,-2.73115628275899,1.11421721000993
0.378990843042172,0.691862732468002,0.575985352865055,-0.321910837232084,-0.826108191073644,-0.506343959892901,-1.36350221408576
0.649241424599104,0.436499845585532,0.283745479782575,-0.443051173012398,-0.562186782939879,1.04813458333124,-3.07514587770672
1.15479886714051,-0.233202940039875,-0.250031383774619,-0.089617849014584,0.299967876797417,0.877470568795375,-2.46501656496225
1.36247219496188,-0.547439294306686,-0.703930510234351,0.258445992450115,1.16623948872219,-0.00714358239869428,-0.476284541226928
1.03955411978729,-0.329952635682113,-0.490228200782643,0.236796583784739,1.0313098999019,-0.206472487067389,1.80497081837097
0.395527961352287,0.163705500091727,0.227836154705027,0.0723259210913307,-0.181790772199815,0.492670212958413,3.53318949495594
-0.197468842338627,0.587235821223316,0.883935310834212,-0.146055503811402,-1.14546944195014,1.60323960614844,3.39562436435613
-0.332586440051081,0.683642598623458,0.608942105344802,-0.126014558451547,-0.104959394844804,1.17225046373439,1.74219985387003
-0.0235121658065066,0.15122604240542,0.0964202580639274,0.431173608261729,1.05662547749572,0.0766331565831053,0.361263985699263
0.372219016512313,-0.543366475668958,-0.198927735512467,1.06479888901633,1.40440254007714,-0.482945960135197,-0.974041388891821
0.365296239636487,-0.549454736137756,-0.156626375912329,0.999668333670748,0.987459409916788,-0.0056129306903227,-2.22682349574811
-0.0503184359817712,0.121690680147875,0.0439108438162849,0.269583238926352,0.614211715797207,0.514984338147025,-2.48350001853578
-0.393177542484195,0.606817688038281,0.321903707497972,-0.437495020918346,0.32356618307704,0.655323799479854,-1.75556764982817
-0.406773856091187,0.511851995293561,0.511479701320421,-0.582194972914443,-0.196936964348872,0.655209714458392,-0.628473428159091
-0.18811532839761,0.108545245579982,0.353842441191566,-0.0772140865495607,-0.834533087706355,0.459211016777252,0.616132038530499
0.079455337422602,-0.257446868751219,-0.0447738052710239,0.468427516658736,-1.02882282061216,-0.260847843679836,2.06668881446076
0.271278030844766,-0.40861506332236,-0.369921705796316,0.306395140611006,-0.278420544218064,-1.53664376024327,3.39245071467305
0.288350615830204,-0.249531185876633,-0.503769478227802,-0.432392031591474,0.487743701574957,-1.84419983590298,2.89076379003074
0.17220157094413,-0.00601958630280339,-0.514537450869778,-0.788106554746575,-0.0897546098074594,-0.309935203063671,0.604450378686781
0.0944231433358032,-0.0756505232813355,-0.236277671064808,-0.744050909051722,-1.28088306032051,1.70310375913298,-2.25657964978698
-0.00463647066737322,-0.169807563988583,-0.075731721537756,-0.749503530084385,-0.89992618809149,1.40652998652868,-3.92627391856236
-0.240021226812785,0.022575938960574,-0.453375536762969,-0.318488255830391,0.57464414932255,-1.63928118690798,-2.03878622176613
-0.374690136895776,-0.302249915301338,-0.285069868780386,0.685030316306001,0.319886967373452,-3.28034833200442,0.398680320254119
-0.733523732868663,-0.327428538533939,0.505426411920685,0.705098249905567,-1.2426433966798,-1.23597093733877,0.0762292733199874
-1.30457411834854,0.55715633078454,0.602592554097515,-0.411492896970531,-0.961278149723348,0.448479015371266,-0.919469982747107
-1.29743183576637,0.722100818591299,0.149724347509005,-0.894806558199815,0.162896559971488,0.876034298294783,-1.12260565217216
-0.626473413969763,-0.308495613843273,-0.361394414824696,-0.0417894749005062,0.635256781459859,0.705687857748873,-0.46220571638647
-0.100128892119073,-1.14346903066161,-0.739482749406315,0.849265877302041,0.79021322457356,0.338459845830549,0.838055184793441
-0.504530792919849,-0.526085226719834,-0.497626197740847,0.205510103372783,0.965854001318903,0.318028905928808,2.08234710790583
-1.16218633166281,0.432524999983762,0.0527363351089118,-0.479279876406078,0.161897187051008,1.17899222916547,2.20855430128524
-1.35476441065337,0.571714485152088,0.632865501224857,-0.430970616287307,-0.814861632630424,1.60782112292977,1.76150451946759
-0.999410491573842,0.118845106078983,0.547980353839521,0.171589095034916,-0.714726348417406,0.554565312079359,1.57710721925762
-0.485789490034191,-0.270120082070947,0.0159281236512661,0.59315461338099,0.11358101708173,-0.836446527432569,1.33554734834658
-0.0868149458744043,-0.376775938966126,-0.422310743427609,0.467089732447301,1.00928471185998,-1.64933914064718,0.418115502432962
0.133142650744996,-0.296965658357601,-0.455802904853431,0.052650805281667,0.966106142869146,-0.953669175141256,-1.42705519606147
0.22952262470603,-0.138448135396412,-0.239730965372307,-0.258510683696416,0.00163096233076276,0.747491662196622,-3.47167517946721
0.18078215807471,0.163911089791722,0.073549005267485,-0.523042277507788,-0.954554339519617,1.72848112357389,-4.23197828189793
0.191267394463501,0.359658628081421,0.215831384772383,-0.725786935391482,-0.730382754456449,0.220627591448029,-2.04903605206794
0.40132237851807,0.250067116682566,0.0246232170285184,-0.319111472019358,-0.404446229207921,-1.64620331314017,0.523592342943238
0.701274648747276,-0.120894100754159,-0.155646300046854,0.377031048393731,-0.384829513266683,-2.83596520825839,2.71306330549683
0.840487800528472,-0.342381606656527,-0.00444822141260359,0.465625033289669,-0.7274494407114,-1.90706877882393,2.39419497594615
0.71028242738844,-0.00946734662266296,0.0920926528538782,-0.11147877386319,-0.51735436391254,-0.55723831925815,0.675834212494285
0.513691797310124,0.450729465290863,0.0301407812641605,-0.611792379170041,-0.0842939072673402,0.577004835394311,-1.12527919149221
0.530502051911691,0.372194698536725,0.0382362205265385,-0.573963698408452,0.0223792004523862,1.75171176298222,-2.72740371468442
0.721727444025125,-0.133496483136812,-0.0172020230813678,-0.0214496005698754,0.236182794158681,1.87548040796035,-2.53121137178412
0.730198015182299,-0.331439007241399,-0.235746908598326,0.537113470195616,1.0484942138227,0.359904710788271,-0.204633183820748
0.417063663121483,-0.145716804571557,-0.152635488624479,0.833297415723035,1.41248886240284,-1.10670796896534,2.85052659543002
-0.091329983756599,0.169050909920625,0.61850484274718,0.766821434137704,-0.0637382562137183,0.231645463834998,3.66035639248388
-0.522612770871773,0.763515150747939,1.07117496032548,-0.137484571474356,-0.55080785591678,2.38087777879588,1.23642979314674
-0.227254793276052,0.720656636459199,0.310731567910244,-0.165574792177601,0.920808402063087,1.32242218365466,-0.0740552589801897
0.593815249389747,-0.363827403805321,-0.217510064206526,0.832128054942048,1.32776080387878,-0.124902183957495,-0.151502424847423
1.04970805041901,-0.924634706306458,-0.286146543911893,1.2287137144894,0.80126414494047,-0.480678952809877,-0.201264174852732
0.727341769312218,-0.16787392239234,-0.197334685167343,0.387002918148678,0.445859241944229,-0.0900475617478819,-0.415018049872031
0.268170074503146,0.662482715374907,0.113769515082075,-0.729689113246755,0.165580261902154,0.43745211446974,-0.517965133357098
0.185401131898724,0.71155518300613,0.512243612544442,-1.12889376037695,-0.63341694867896,0.911915537629871,-0.2950642981335
0.482784642916391,0.197686584993925,0.314618199646041,-0.253836474057138,-1.5985536817999,0.677720300206256,0.466741423870628
0.804255099405983,-0.309208713005234,-0.099109656831027,0.398899393644255,-1.29006027430944,-0.722351145231203,1.50444668128948
0.871794368837865,-0.399153852370883,-0.38936510144196,0.0815379640616138,0.248199685068917,-2.41741950758184,1.80046670748897
0.652135055580121,-0.086313996864301,-0.568992215772282,-0.348223931766555,0.922519894168439,-2.25357362147011,0.108622430800435
0.327744388813986,0.0883204686568389,-0.344413242609717,-0.313324870941428,-0.0737705785360397,-0.162786706130315,-2.42291344828595
0.0542590101148442,-0.0472813173358479,0.256285214173298,-0.264885484117412,-1.2552452562526,1.91018686471578,-4.39450597065101
-0.264942979721766,0.0773740714568668,0.385551562478078,-0.395304894822378,-0.693605993419242,1.0036986425406,-3.02960862645812
-0.578599760993476,0.388401660497602,-0.0520559299278422,-0.107667177413945,0.263809468635301,-0.800490303262508,-0.79899061560538
-0.575717404725985,0.0280789254666021,-0.135636563524701,0.352349146445539,0.749028370801614,-1.98786165756023,1.24227897843469
-0.438514561433212,-0.600098125923726,0.0683031838465514,0.801071988450818,0.248428454715626,-1.516497662525,2.30667445600653
-0.660714710812196,-0.352472948162644,0.0439170912229976,0.576350896679933,-0.32461295362468,0.222347733109814,1.7850493484431
-1.04080132815574,0.317422935762241,0.0638850349928301,-0.525586079950458,-0.104572254768828,1.91615610617288,0.582491696164732
-1.02349504931944,0.392958051419578,-0.0754634416318066,-1.07387656259065,0.368300510558106,2.55924429962765,-0.00507285695460247
-0.569861444495552,-0.368731066181337,-0.473147510337897,0.0252340518602583,0.459008032805058,1.17237946336565,1.13903515725257
-0.381657149550612,-0.856941773691978,-0.395007561469722,0.710521937640465,0.490669196885756,-0.503781461517175,2.20581881306481
-0.847570031748607,-0.164629823908766,-0.118772165253048,0.324628933127394,0.36979532081336,-0.9897993935487,1.70848753437373
-1.28606957746613,0.514389366203182,0.354415611357039,-0.302094003103607,-0.262176267739425,-0.230068350168531,0.00453590351129085
-1.22026501830831,0.469498257552346,0.617817359725582,-0.322719158778189,-1.03067510132933,0.662413677073079,-2.07330669181391
-0.702343965652481,0.000324103490261463,0.210862556178302,0.0161323874601726,-0.514465742428398,-0.0781233362241831,-2.92134202512158
-0.136358531561628,-0.366506861443265,-0.472423411556592,0.220216266852425,0.676738056960928,-1.88914174136091,-1.81130770502857
0.191165151260074,-0.520396077732315,-0.649186288585991,0.221718590568955,0.375112014480035,-1.80209843911299,-0.701340738116622
0.175036384736179,-0.348701024856925,-0.235126035412221,-0.314673351843491,-0.704343319666574,-0.139851437629308,-0.544980273719004
-0.071144365155511,0.216486161053992,-0.00755513884769124,-0.965642605694419,-1.20181669122491,1.03501022047851,-0.260658840397447
-0.155569248960863,0.468395269152833,-0.0728846251309811,-1.12153725907742,-0.806451437919689,0.700002885003148,0.76368562266471
0.12592529841998,0.00155195489580878,-0.167165822358213,-0.557079977204686,-0.378937928894048,-0.248922633439513,1.69442606066622
0.413326676242148,-0.490181347252357,-0.278631754624744,0.195966179473641,-0.218880026227401,-0.834267222897026,1.86112822774849
0.4213550863995,-0.48873626833676,-0.372541211144556,0.589342972134896,-0.067244830068578,-0.911851641386675,1.20191390048496
0.198191951483396,-0.127447570104091,-0.217633540153545,0.330889015213406,0.259280708600459,-0.678412790592879,0.140756195855694
-0.0762932303677836,0.257396383297411,0.156911184544797,-0.198349339140432,0.515279133384947,-0.157773527697385,-1.08731965589866
-0.277609765809138,0.47088090999019,0.485331059931299,-0.337806012951622,0.283423021436665,0.773225502523993,-2.42223141179897
-0.281790119580533,0.380237724300441,0.505389939729278,0.227316895887231,-0.242781272156473,1.46575223376069,-2.91316748989951
-0.0718729261621455,0.0257520075693646,0.376855093612394,0.72254782315217,0.148109622221556,0.644108441994059,-1.49461846914362
0.121824427027619,-0.13019237921772,0.125960867809199,0.756170199240539,1.2049732969045,-0.845083189081082,0.847286459537945
0.179384820155779,0.016445296730393,-0.0606977024303224,0.66363156065804,1.19060626511826,-0.930415911642714,2.8290700494859
0.23788616390061,0.0565460362736598,0.294394901690665,0.300009332785465,-0.213333032930309,1.23681226166029,2.62610700467369
0.262551041045193,0.34521482137562,0.434200835925228,-0.543480029572617,-0.528741604495711,2.81611195068936,1.18547431085924
0.544551946946402,0.388164608129615,-0.184981436400284,-0.572723390364526,0.681074811343552,1.33506588672727,0.952821570758561
1.09110019184711,-0.366216088428303,-0.441069930270025,0.338192155040223,0.83422979491655,-0.187878480543292,1.03412495244694
1.23394009926107,-0.66210810902355,-0.223158624510659,0.80949338571867,0.236380483936524,-0.793323073275304,0.633771934140714
0.755395899163556,0.102957554496684,0.149512662137085,0.175693004755971,-0.167850523671698,-0.67796138431407,-0.292486292807948
0.28209994009869,0.840214598486762,0.549675484781291,-0.609264783985828,-0.538478144588796,-0.185974466555305,-1.52702207711689
0.44213307061125,0.580421263695593,0.53274917374868,-0.315096580550879,-0.959212039403193,-0.081155240700806,-2.3435603158177
0.952593231559187,-0.15149742832086,0.0879427338919025,0.285504441685754,-0.418768966348266,-1.15416210531845,-1.73938309110404
1.20698556155492,-0.430839439644576,-0.411827885627626,0.380195343571327,0.393858585272176,-1.86462199933396,-0.845050341941729
