-5.41008065978221,0,-2.10332882915738
-5.40995643077615,0,-2.1055873899622
-5.40970587690687,0,-2.11010552791566
-5.40932479552343,0,-2.1168852714555
-5.4088068552658,0,-2.12592965252456
-5.40814356308804,0,-2.13724269346368
-5.40732422009758,0,-2.15082938911329
-5.40633586605233,0,-2.1666956837539
-5.40516321232495,0,-2.1848484424115
-5.40378856313341,0,-2.20529541594889
-5.40219172474351,0,-2.22804519922534
-5.40034990247162,0,-2.25310718151335
-5.39823758519396,0,-2.28049148819027
-5.39582641713809,0,-2.31020891258474
-5.39308505675174,0,-2.34227083669042
-5.3899790224936,0,-2.37668913927986
-5.38647052546411,0,-2.41347608975772
-5.382518288896,0,-2.4526442258837
-5.37807735466008,0,-2.49420621327285
-5.37309887711679,0,-2.53817468434499
-5.36752990486648,0,-2.58456205414819
-5.36131315122734,0,-2.63338031022684
-5.35438675460894,0,-2.68464077344746
-5.34668403036002,0,-2.73835382644191
-5.33813321616127,0,-2.79452860608641
-5.32865721361715,0,-2.8531726562177
-5.31817332938605,0,-2.91429153660842
-5.30659301998394,0,-2.97788838410189
-5.29382164531269,0,-3.04396342176274
-5.27975823700592,0,-3.1125134119623
-5.26429528885819,0,-3.18353104951795
-5.2473185779037,0,-3.25700429138185
-5.2287070261355,0,-3.33291561996899
-5.20833261438663,0,-3.41124123807648
-5.18606036150773,0,-3.491950194529
-5.16174838363069,0,-3.57500344124549
-5.13524804994992,0,-3.66035282441819
-5.10640425300566,0,-3.74794001498403
-5.07505581281936,0,-3.8376953865995
-5.04103603528485,0,-3.92953685294282
-5.00417344580855,0,-4.02336868037911
-4.96429271913645,0,-4.11908029682445
-4.92121582539893,0,-4.21654512298042
-4.87476341041661,0,-4.31561945787616
-4.82475642500313,0,-4.41614145667567
-4.7710180131355,0,-4.51793024472802
-4.71337566222992,0,-4.62078521751059
-4.65166361020304,0,-4.72448558099273
-4.58572549345055,0,-4.8287901904865
-4.51541720740367,0,-4.93343774762595
-4.44060993717579,0,-5.03814741404721
-4.36119330044938,0,-5.14261989594431
-4.27707852889526,0,-5.24653904533259
-4.18820159904108,0,-5.34957401110045
-4.09452620983849,0,-5.45138195556649
-3.99604649362979,0,-5.55161133044708
-3.89278934127712,0,-5.64990568049968
-3.7848162223127,0,-5.74590791478233
-3.67222438826073,0,-5.83926495612164
-3.55514736247343,0,-5.92963265112611
-3.43375464296577,0,-6.01668079832335
-3.30825057509299,0,-6.10009813320567
-3.17887238692357,0,-6.17959709836343
-3.04588741948937,0,-6.25491822615117
-2.90958962384398,0,-6.32583397132781
-2.77029543386467,0,-6.39215185169087
-2.6283391549242,0,-6.45371678468278
-2.48406803134585,0,-6.51041254511702
-2.33783716814134,0,-6.56216231066573
-2.19000448412134,0,-6.60892830430304
-2.04092586433581,0,-6.65071058325147
-1.89095066119763,0,-6.68754505925213
-1.74041766759605,0,-6.71950086296064
-1.58965165432244,0,-6.74667718459069
-1.4389605308853,0,-6.76919973311322
-1.28863315582617,0,-6.78721695772233
-1.13893779214589,0,-6.80089616892783
-0.990121177072803,0,-6.81041968401899
-0.842408154234132,0,-6.81598110450701
-0.69600180083153,0,-6.81778181327808
-0.55108397267016,0,-6.81602775823857
-0.407816185437666,0,-6.81092656863496
-0.26634075077957,0,-6.80268503110108
-0.126782089606895,0,-6.79150693561579
0.0107518482277655,0,-6.77759128741592
0.146168120144406,0,-6.76113086969477
0.279387335512562,0,-6.7423111335875
0.410342251298624,0,-6.72130938629303
0.538976451308826,0,-6.69829424488325
0.665243132372866,0,-6.67342532201706
0.78910401242038,0,-6.64685311000093
0.910528368067633,0,-6.61871903102149
1.02949220312994,0,-6.58915562355833
1.14597754440977,0,-6.55828683765427
1.25997185713244,0,-6.52622841462126
1.37146756942946,0,-6.4930883296951
1.48046169320341,0,-6.45896727898078
1.58695552744015,0,-6.42395919465854
1.69095442945675,0,-6.38815177479882
1.7924676395831,0,-6.35162701624374
1.8915081452748,0,-6.31446174086027
1.98809257155525,0,-6.27672810707981
2.0822410859001,0,-6.23849410004293
2.17397730713094,0,-6.19982399490343
2.26332820949997,0,-6.16077878894763
2.3503240148548,0,-6.12141659918336
2.43499806750503,0,-6.08179302297193
2.51738668810804,0,-6.04196146013052
2.59752900449644,0,-6.00197339573042
2.67546675883546,0,-5.96187864355794
2.7512440917881,0,-5.92172555088638
2.8249073054521,0,-5.88156116582102
2.89650460769877,0,-5.84143136901571
2.96608584118588,0,-5.8013809720122
3.03370220073985,0,-5.76145378481465
3.09940594302164,0,-5.72169265558092
3.16325009242772,0,-5.68213948548906
3.22528814705968,0,-5.64283522192793
3.28557378835258,0,-5.6038198331728
3.34416059761515,0,-5.5651322676513
3.40110178233209,0,-5.52681040079429
3.45644991463928,0,-5.48889097231342
3.51025668392885,0,-5.4514095165644
3.56257266509344,0,-5.41440028845501
3.61344710349265,0,-5.37789618714753
3.66292771733153,0,-5.34192867959707
3.71106051778863,0,-5.30652772576328
3.75788964692409,0,-5.27172170713934
3.80345723313929,0,-5.23753736005943
3.84780326374779,0,-5.20399971507559
3.89096547405223,0,-5.17113204353643
3.9329792522,0,-5.13895581235223
3.97387755901026,0,-5.10749064779299
4.01369086192042,0,-5.07675430903571
4.05244708219065,0,-5.04676267205402
4.09017155452358,0,-5.01752972432606
4.12688699830209,0,-4.98906757072465
4.16261349971469,0,-4.96138645084689
4.19736850412403,0,-4.93449476793853
4.23116681813397,0,-4.90839912947119
4.26402062092259,0,-4.88310439933864
4.29593948452734,0,-4.85861376155065
4.32693040289176,0,-4.83492879521996
4.35699782960699,0,-4.81204956055832
4.38614372440154,0,-4.78997469552031
4.41436760854636,0,-4.76870152265791
4.441666629445,0,-4.74822616567194
4.46803563476653,0,-4.72854367506728
4.49346725654846,0,-4.70964816223499
4.51795200574305,0,-4.69153294119424
4.5414783777005,0,-4.67419067712849
4.56403296907106,0,-4.65761354074331
4.58560060656261,0,-4.6417933673561
4.60616448790726,0,-4.62672181950309
4.62570633526661,0,-4.61239055171618
4.64420656114059,0,-4.59879137598672
4.66164444663737,0,-4.58591642629784
4.67799833171461,0,-4.57375832047866
4.69324581671687,0,-4.56231031751921
4.70736397421818,0,-4.55156646839237
4.72032956983773,0,-4.54152175836799
4.73211929034284,0,-4.53217223878266
4.74270997699739,0,-4.5235151462565
4.75207886177181,0,-4.51554900743144
4.7602038037157,0,-4.50827372745132
4.76706352252505,0,-4.5016906606144
4.77263782612606,0,-4.4958026619042
4.77690782896302,0,-4.49061411844107
4.77985615762926,0,-4.48613096028682
4.78146714052712,0,-4.48236065046699
4.78172697838865,0,-4.4793121545346
4.78062389273321,0,-4.47699589046879
4.77814824967503,0,-4.47542366016138
4.77429265691239,0,-4.47460856417443
4.76905203221479,0,-4.47456490183346
4.76242364225685,0,-4.47530805903573
4.75440711120568,0,-4.47685438638681
4.74500439903025,0,-4.47922107042114
4.73421975004429,0,-4.48242600070646
4.72205961269841,0,-4.48648763557709
4.7085325320844,0,-4.49142486908907
4.69364901699129,0,-4.49725690154957
4.67742138364911,0,-4.50400311565248
4.65986357850632,0,-4.51168295986658
4.64099098251066,0,-4.52031584028527
4.62082019940275,0,-4.52992102167347
4.59936883049387,0,-4.54051753795342
4.5766552382937,0,-4.5521241118696
4.55269830119101,0,-4.56475908307773
4.52751716118439,0,-4.57844034342371
4.50113096642396,0,-4.59318527772444
4.47355861007462,0,-4.60901070794026
4.44481846676071,0,-4.62593283824286
4.41492812761672,0,-4.64396719813653
4.38390413476424,0,-4.66312858048535
4.35176171587686,0,-4.68343097103634
4.31851451939737,0,-4.70488746580839
4.28417435095103,0,-4.72751017254003
4.24875091156933,0,-4.75131009225694
4.21225153851442,0,-4.77629697693531
4.17468094978846,0,-4.80247915920444
4.13604099383464,0,-4.82986335005787
4.09633040649544,0,-4.85845440063731
4.05554457799176,0,-4.88825502433147
4.01367533352239,0,-4.91926547570847
3.9707107320474,0,-4.95148318319833
3.92663488889492,0,-4.98490233298422
3.8814278289929,0,-5.01951340227521
3.83506537873992,0,-5.05530264104856
3.78751910574648,0,-5.09225150249505
3.73875631684587,0,-5.13033602380483
3.6887401258267,0,-5.16952616061914
3.63742960320661,0,-5.20978508046303
3.58478002097155,0,-5.25106842277931
3.53074320546645,0,-5.29332353580388
3.4752680114598,0,-5.33648870344899
3.41830092973588,0,-5.38049237856837
3.35978683931467,0,-5.42525244242727
3.29966991348428,0,-5.47067551383297
3.23789468618,0,-5.51665633511734
3.17440728178382,0,-5.56307726589582
3.10915680707761,0,-5.60980791911655
3.04209689879322,0,-5.65670497717432
2.97318741390397,0,-5.70361222855661
2.90239624245467,0,-5.75036086730446
2.82970121433114,0,-5.79677009811762
2.75509206199494,0,-5.84264808873571
2.67857239103073,0,-5.88779330772469
2.60016159970602,0,-5.931996279374
2.51989667816456,0,-5.97504177744197
2.43783380815245,0,-6.01671146543178
2.35404967636764,0,-6.05678697259777
2.26864240993482,0,-6.09505337199076
2.18173204261344,0,-6.13130300010007
2.09346042663296,0,-6.16533952827394
2.00399051877797,0,-6.19698216611427
1.91350499125313,0,-6.22606984921854
1.82220414784514,0,-6.25246524132953
1.73030316276415,0,-6.27605836769529
1.63802870087178,0,-6.29676969544001
1.54561502024345,0,-6.31455249022198
1.45329969686851,0,-6.32939430706385
1.36131914228942,0,-6.34131751567808
1.26990410421984,0,-6.35037881356531
1.17927534502867,0,-6.35666773867143
1.08963968259092,0,-6.36030425155758
1.0011865535056,0,-6.36143550898141
0.914085222941208,0,-6.36023199157128
0.828482722490157,0,-6.35688317463149
0.744502551994482,0,-6.35159294180531
0.662244137719266,0,-6.34457493707831
0.58178300105687,0,-6.33604803374637
0.503171561550671,0,-6.32623207280874
0.42644047660182,0,-6.3153439914404
0.351600407834118,0,-6.30359442822321
0.278644099969072,0,-6.2911848585773
0.20754866090625,0,-6.27830528348125
0.138277939971014,0,-6.2651324684687
0.0707849134190333,0,-6.25182870870685
0.00501400083299497,0,-6.23854107981986
-0.059096748236428,0,-6.2254011227463
-0.121613642178329,0,-6.21252490380511
-0.182605539404376,0,-6.20001338765551
-0.242142260396197,0,-6.18795306030364
-0.300293223477116,0,-6.17641674108445
-0.357126298173216,0,-6.16546452604168
-0.412706862455787,0,-6.15514480982936
-0.467097044957638,0,-6.14549533874318
-0.52035513035191,0,-6.13654425342557
-0.572535105278112,0,-6.12831108593064
-0.623686323200424,0,-6.12080768201377
-0.673853269016759,0,-6.11403902562133
-0.723075407687636,0,-6.10800394853859
-0.771387105192475,0,-6.10269571397621
-0.818817614337173,0,-6.09810246851746
-0.865391121965326,0,-6.09420756228745
-0.911126857665744,0,-6.09098974240658
-0.956039266897535,0,-6.08842322970717
-1.00013825342639,0,-6.08647769325987
-1.04342949701234,0,-6.08511814140409
-1.08591485240444,0,-6.08430475162659
-1.12759283492472,0,-6.08399266470682
-1.1684591963398,0,-6.08413177097434
-1.20850759241865,0,-6.08466651823159
-1.24773034066404,0,-6.08553577181702
-1.2861192632867,0,-6.08667275734768
-1.3236666066713,0,-6.08800511580957
-1.36036602447115,0,-6.08945509876977
-1.39621360718614,0,-6.09093992846973
-1.43120893677429,0,-6.09237234332361
-1.46535614070211,0,-6.09366134379954
-1.49866491608371,0,-6.09471314674796
-1.53115149146895,0,-6.09543234796356
-1.5628394917394,0,-6.09572328322566
-1.59376067080554,0,-6.09549156748563
-1.62395547771357,0,-6.09464578064769
-1.65347342466254,0,-6.09309925708424
-1.6823732304957,0,-6.09077192536289
-1.71072272050076,0,-6.08759213549314
-1.73859847265628,0,-6.0834984042255
-1.76608521138305,0,-6.07844100540614
-1.79327496174308,0,-6.07238333277674
-1.8202659890192,0,-6.06530296729039
-1.8471615597252,0,-6.05719238996946
-1.87406856934886,0,-6.0480592941048
-1.9010960886406,0,-6.03792646630824
-1.92835388338225,0,-6.02683122337971
-1.95595096197551,0,-6.01482440975511
-1.98399420090383,0,-6.0019689770921
-2.01258709051002,0,-5.98833818215008
-2.04182863322925,0,-5.97401345069386
-2.07181241423047,0,-5.95908196329315
-2.10262585121677,0,-5.9436340236463
-2.13434961675477,0,-5.92776027186727
-2.16705721368031,0,-5.91154880477607
-2.20081467247793,0,-5.89508226352706
-2.23568032955331,0,-5.87843494682706
-2.27170463743291,0,-5.86167000637429
-2.30892995252879,0,-5.8448367806306
-2.34739024360963,0,-5.82796832399907
-2.38711066496791,0,-5.81107919097808
-2.4281069429465,0,-5.79416353863161
-2.4703845334355,0,-5.77719361515557
-2.5139375215161,0,-5.76011870653948
-2.55874725272738,0,-5.74286461618616
-2.60478070822846,0,-5.7253337525737
-2.6519886627222,0,-5.70740589629196
-2.70030369315886,0,-5.68893970882109
-2.74963813616096,0,-5.66977503023248
-2.7998821205211,0,-5.64973599094369
-2.85090182538469,0,-5.62863493359515
-2.90253813202744,0,-5.60627710546547
-2.95460584472559,0,-5.58246604067696
-3.00689365165691,0,-5.5570095065316
-3.05916497819729,0,-5.52972584215414
-3.11115985137133,0,-5.50045047344284
-3.16259784569751,0,-5.46904235008145
-3.2131821188019,0,-5.43539002255013
-3.2626044732358,0,-5.39941706441067
-3.31055130404591,0,-5.361086551997
-3.35671021665629,0,-5.32040434320448
-3.40077703456506,0,-5.27742095040769
-3.44246286948097,0,-5.23223187775285
-3.48150090491897,0,-5.18497638487559
-3.51765255241796,0,-5.13583473904446
-3.55071267810456,0,-5.08502411526626
-3.58051366264548,0,-5.03279338804469
-3.60692814212224,0,-4.97941711986316
-3.62987037081166,0,-4.92518908398437
-3.64929623828926,0,-4.87041566106625
-3.6652020529134,0,-4.81540942299766
-3.67762226454422,0,-4.76048316935282
-3.68662633776587,0,-4.70594462004878
-3.69231500285083,0,-4.65209190062784
-3.6948161079548,0,-4.5992098915198
-3.69428027702309,0,-4.54756745520727
-3.69087654874433,0,-4.49741550873601
-3.68478813748526,0,-4.44898587472227
-3.67620842154729,0,-4.40249082151434
-3.66533723028483,0,-4.35812319099423
-3.65237747151385,0,-4.31605700863653
-3.63753211518409,0,-4.27644847272349
-3.62100152875889,0,-4.23943722605299
-3.60298114395788,0,-4.20514782237526
-3.58365942303795,0,-4.1736913098213
-3.56321608509424,0,-4.1451668637504
-3.54182054844699,0,-4.1196634110501
-3.5196305435988,0,-4.09726119651271
-3.49679085214336,0,-4.07803324921476
-3.47343213010459,0,-4.06204671270863
-3.44966977926589,0,-4.04936400728985
-3.4256028369279,0,-4.0400437957225
-3.40131286303124,0,-4.03414172579024
-3.37686281349594,0,-4.03171092419313
-3.35229589972031,0,-4.0328022170331
-3.32763444614289,0,-4.03746405291391
-3.30287877022225,0,-4.04574210607679
-3.27800612166814,0,-4.05767853957915
-3.25296972971814,0,-4.073310912853
-3.22769801808063,0,-4.09267072452059
-3.20209405619478,0,-4.11578159042062
-3.17603532202055,0,-4.14265706853271
-3.14937385503648,0,-4.17329815676408
-3.12193687795822,0,-4.20769050600857
-3.09352796151635,0,-4.24580140888815
-3.06392879826218,0,-4.28757664332131
-3.03290163883698,0,-4.33293726857787
-3.00019242768705,0,-4.38177648876672
-2.9655346552524,0,-4.43395671378345
-2.92865392073922,0,-4.48930695973561
-2.88927317428081,0,-4.54762073901707
-2.84711858014842,0,-4.60865459390204
-2.80192591415765,0,-4.67212742624444
-2.75344737890403,0,-4.73772076907662
-2.70145869028755,0,-4.80508013299382
-2.64576625835688,0,-4.87381754040807
-2.58621425547843,0,-4.94351533308151
-2.52269133634601,0,-5.01373130168355
-2.45513674922861,0,-5.08400513938441
-2.38354555881923,0,-5.15386616398512
-2.30797269172635,0,-5.22284218490664
-2.22853552042252,0,-5.29046931398514
-2.14541472500981,0,-5.35630243579222
-2.05885321870311,0,-5.41992596966824
-1.96915299523194,0,-5.48096447959354
-1.87666985460867,0,-5.53909262891158
-1.78180608453887,0,-5.59404394492517
-1.68500131066683,0,-5.64561786280676
-1.58672186835932,0,-5.69368456572611
-1.48744917727184,0,-5.73818723085658
-1.3876677016369,0,-5.7791414256657
-1.28785313917158,0,-5.81663156643125
-1.18846148827485,0,-5.85080453689244
-1.08991959093108,0,-5.88186075153253
-0.992617638648057,0,-5.91004311634236
-0.896903969505589,0,-5.93562447284119
-0.803082291437552,0,-5.9588941956212
-0.711411260724614,0,-5.9801446428111
-0.622106148260933,0,-5.9996581327668
-0.535342161651132,0,-6.0176950460521
-0.451258876788638,0,-6.03448354204703
-0.369965179766584,0,-6.05021125034876
-0.291544131968214,0,-6.06501916504781
-0.216057242722911,0,-6.0789978491489
-0.143547752726344,0,-6.0921859563497
-0.0740426808325734,0,-6.10457100161695
-0.00755354883551668,0,-6.11609225802725
0.0559241431271807,0,-6.12664561788495
0.11641247738767,0,-6.13609022121671
0.173953389541451,0,-6.14425661439839
0.228611244362877,0,-6.1509561487171
0.280475272811512,0,-6.1559912612187
0.329661429893217,0,-6.15916620326457
0.376313281549304,0,-6.1602977079874
0.420601620150229,0,-6.15922503388708
0.46272263586615,0,-6.15581880738694
0.502894622208726,0,-6.14998812789921
0.541353349670873,0,-6.14168550145924
0.57834637990825,0,-6.13090932738614
0.614126694074861,0,-6.11770385819189
0.648946058847102,0,-6.10215675879622
0.68304854819033,0,-6.08439457758486
0.716664584306687,0,-6.06457658456159
0.750005771926974,0,-6.04288751652947
0.783260694720153,0,-6.01952979344904
0.816591739210095,0,-5.99471574142763
0.850132924418174,0,-5.96866028980458
0.883988653019254,0,-5.94157451776889
0.918233264839281,0,-5.91366032337231
0.952911263976655,0,-5.88510638465941
0.988038101337343,0,-5.85608548518899
1.02360141778217,0,-5.82675318787061
1.05956268174725,0,-5.79724776356146
1.09585918203092,0,-5.76769121552155
1.13240635575897,0,-5.73819118901908
1.16910043968847,0,-5.70884351882918
1.20582142873474,0,-5.67973514782227
1.24243631010115,0,-5.65094714853497
1.27880251797779,0,-5.62255759672833
1.31477152722848,0,-5.59464408013921
1.35019248012256,0,-5.5672856739472
1.3849157228647,0,-5.54056427246892
1.4187961220146,0,-5.51456522881283
1.45169603658649,0,-5.48937731492401
1.4834878393525,0,-5.46509206827647
1.51405590848032,0,-5.44180263417215
1.5432980446225,0,-5.4196022414491
1.57112630480962,0,-5.39858246338864
1.59746727890525,0,-5.37883141538256
1.62226186353586,0,-5.36043202846055
1.64546460993334,0,-5.3434605159629
1.66704273485745,0,-5.32798512276177
1.68697488770122,0,-5.31406521573569
1.70524976299954,0,-5.30175074355179
1.72186463751079,0,-5.29108206546954
1.73682389684457,0,-5.28209012441417
1.75013760035715,0,-5.27479691986735
1.76182011666748,0,-5.2692162214976
1.7718888472773,0,-5.26535445478223
1.78036304361586,0,-5.26321168475889
1.78726271413743,0,-5.26278262296446
1.79260761321244,0,-5.26405758503684
1.79641630241188,0,-5.26702333189515
1.79870527699589,0,-5.27166373548951
1.79948815531305,0,-5.27796022050271
1.79877493552989,0,-5.28589194579479
1.79657133164739,0,-5.29543570346728
1.7928782080994,0,-5.3065655287429
1.78769113839683,0,-5.31925202982778
1.78100011746813,0,-5.33346146282705
1.77278945896415,0,-5.34915459180303
1.76303790754743,0,-5.3662853873567
1.75171899207643,0,-5.38479962790978
1.73880163891133,0,-5.40463347556529
1.72425105581367,0,-5.42571210266919
1.70802988672699,0,-5.44794844590142
1.69009962678424,0,-5.47124216207695
1.67042227581839,0,-5.49547885423563
1.64896219797223,0,-5.52052962857855
1.62568814509163,0,-5.54625103293897
1.60057539268634,0,-5.57248541627512
1.57360792949987,0,-5.59906173653525
1.54478063523989,0,-5.62579683140774
1.51410137589351,0,-5.65249715300783
1.48159294246315,0,-5.67896095342831
1.44729475719449,0,-5.70498089320587
1.41126427183359,0,-5.73034702908743
1.37357798565503,0,-5.75485012112932
1.33433201750603,0,-5.77828518247748
1.29364217642808,0,-5.8004551788239
1.25164348990418,0,-5.82117476951663
1.20848916749494,0,-5.84027396992671
1.16434900020753,0,-5.85760160645685
1.11940722150806,0,-5.87302843304969
1.07385988301538,0,-5.88644978255495
1.02791182469187,0,-5.89778763872365
0.98177334353674,0,-5.90699203510313
0.935656684073183,0,-5.91404171504656
0.889772486216949,0,-5.91894402086411
0.844326329880618,0,-5.92173401747035
0.799515510175156,0,-5.9224728938073
0.755526162551157,0,-5.92124572072507
0.712530834881262,0,-5.91815867395754
0.670686575355013,0,-5.91333585299172
0.630133573727287,0,-5.906915839507
0.590994361733127,0,-5.89904814216955
0.553373549012669,0,-5.88988966841481
0.517358045887019,0,-5.87960134978315
0.483017705334034,0,-5.86834502732407
0.450406304319062,0,-5.8562806797772
0.419562779285023,0,-5.84356405190163
0.39051263151226,0,-5.83034471545067
0.363269424168828,0,-5.81676457247105
0.337836302859949,0,-5.80295679095653
0.314207483934982,0,-5.78904514703437
0.292369668369582,0,-5.77514373599849
0.272303352536047,0,-5.76135700646881
0.253984019678035,0,-5.74778006734764
0.237383206760066,0,-5.73449921551344
0.222469450175478,0,-5.72159263273436
0.209209120409941,0,-5.70913120250794
0.19756716020182,0,-5.6971794009035
0.187507743186064,0,-5.68579621955213
0.178994870717623,0,-5.6750360833374
0.17199292385567,0,-5.66494972982167
0.166467185678679,0,-5.65558502180849
0.162384346507262,0,-5.6469876685672
0.15971300152131,0,-5.63920183505541
0.158424146910548,0,-5.63227062193255
0.158491677283584,0,-5.62623640225306
0.159892883717292,0,-5.62114100347738
0.162608948642045,0,-5.61702572587815
0.166625430768049,0,-5.61393119060872
0.171932730463538,0,-5.61189701272517
0.178526523366794,0,-5.61096129642473
0.186408147503738,0,-5.6111599518251
0.1955849267421,0,-5.61252583493144
0.206070411007645,0,-5.61508771521708
0.217884511318071,0,-5.61886907869032
0.231053505410496,0,-5.62388677864486
0.245609887677667,0,-5.63014955168462
0.26159203550536,0,-5.63765642321517
0.279043663239529,0,-5.64639503445788
0.298013035328722,0,-5.65633993209827
0.318551912194013,0,-5.66745087169066
0.340714206636795,0,-5.67967119646261
0.364554335660416,0,-5.69292636351947
0.390125262924971,0,-5.70712269872405
0.417476240956477,0,-5.72214646857826
0.446650279671048,0,-5.73786336096253
0.477681388317104,0,-5.75411846523234
0.51059166065045,0,-5.77073683465582
0.54538829656636,0,-5.78752469949875
0.582060675541635,0,-5.80427137669375
0.620577615721814,0,-5.82075189210439
0.660884964780359,0,-5.83673029487176
0.702903672345037,0,-5.85196360206513
0.746528486851395,0,-5.86620626857679
0.791627400963013,0,-5.87921503534719
0.838041939111155,0,-5.89075397245985
0.885588339466184,0,-5.9005995063323
0.934059633313964,0,-5.9085452056586
0.983228571128843,0,-5.91440610154159
1.03285129124251,0,-5.91802233467757
1.08267157891873,0,-5.91926195617898
1.13242552564961,0,-5.91802275655166
1.18184637452814,0,-5.91423305575933
1.23066933014799,0,-5.90785145120084
1.27863612135276,0,-5.89886558407209
1.32549913107639,0,-5.88729004222974
1.37102494645788,0,-5.87316356426265
1.41499722997606,0,-5.85654574126977
1.45721886338481,0,-5.83751342785036
1.49751336556057,0,-5.81615707193992
1.53572562848541,0,-5.7925771560543
1.57172204915867,0,-5.76688091330756
1.60539015742783,0,-5.73917944418427
1.63663785026071,0,-5.70958531868797
1.66539234289293,0,-5.6782107071114
1.69159893860879,0,-5.64516604457918
1.71521970423122,0,-5.61055920209796
1.73623212041,0,-5.5744951115486
1.7546277569796,0,-5.53707577440899
1.77041100600518,0,-5.49840057380913
1.78359789004879,0,-5.45856680606457
1.79421495145168,0,-5.41767035004642
1.80229822027662,0,-5.37580639940278
1.80789225377682,0,-5.33307019249232
1.81104923834085,0,-5.2895576867333
1.8118281451143,0,-5.24536613683531
1.81029393217529,0,-5.20059454914605
1.8065167885351,0,-5.15534399636118
1.80057141774988,0,-5.10971778754126
1.79253636111388,0,-5.06382149736702
1.78249336196888,0,-5.01776286562614
1.77052677347559,0,-4.97165158300426
1.7567230122462,0,-4.92559898243071
1.74117005963232,0,-4.87971765669322
1.72395701135816,0,-4.83412102304902
1.70517367477605,0,-4.78892285442754
1.6849102114901,0,-4.74423679485744
1.66325682161319,0,-4.70017587425678
1.64030346462794,0,-4.65685203496515
1.6161396108089,0,-4.61437567958606
1.59085401648827,0,-4.57285524701482
1.56453451613311,0,-4.53239682106615
1.53726782424485,0,-4.49310377395838
1.50913934046882,0,-4.45507644509266
1.48023295197798,0,-4.41841185409249
1.45063082813117,0,-4.38320344593007
1.42041320355864,0,-4.34954086513851
1.38965814715575,0,-4.31750975556634
1.35844131592601,0,-4.28719158184494
1.326835694166,0,-4.25866346868601
1.29491132008108,0,-4.231998054283
1.26273500351287,0,-4.20726335443975
1.23037003999068,0,-4.1845226345732
1.19787592772436,0,-4.16383428741742
1.16530809536446,0,-4.14525171507029
1.13271764928899,0,-4.1288232149438
1.10015114975753,0,-4.11459187016447
1.06765042542858,0,-4.10259544597477
1.03525243540661,0,-4.09286629465007
1.00298918713129,0,-4.0854312723018
0.970887717035969,0,-4.08031167161543
0.938970139012549,0,-4.07752317500178
0.907253763394282,0,-4.07707583276016
0.875751286513933,0,-4.07897407061624
0.8444710480549,0,-4.08321673038297
0.813417350553779,0,-4.08979714650224
0.782590832712803,0,-4.09870325989426
0.751988885812794,0,-4.10991776893343
0.72160610063422,0,-4.12341831557626
0.691434731012656,0,-4.13917770279847
0.661465159546168,0,-4.1571641376757
0.631686351054808,0,-4.17734149278849
0.60208628013283,0,-4.19966957725869
0.572652320452109,0,-4.22410440772601
0.543371585251942,0,-4.25059846901922
0.514231210542931,0,-4.27910095420779
0.485218574806574,0,-4.30955797414706
0.456321451235713,0,-4.34191272753825
0.427528090697328,0,-4.37610562387422
0.398827235495656,0,-4.41207435337639
0.37020806558894,0,-4.44975390008013
0.341660080120396,0,-4.48907649652373
0.31317291795181,0,-4.52997152096856
0.284736121359078,0,-4.57236534066021
0.256338847215731,0,-4.61618110727536
0.227969529932018,0,-4.66133851334017
0.199615500232512,0,-4.70775352101234
0.171262563658632,0,-4.7553380771577
0.142894542595919,0,-4.8039998310884
0.11449278577358,0,-4.85364187362068
0.0860356496837399,0,-4.90416251819866
0.0574979573242113,0,-4.95545514663103
0.0288504411612305,0,-5.00740814337731
5.91792815421432e-05,0,-5.05990494313092
-0.0289149636492702,0,-5.11282421645165
-0.0581168758543826,0,-5.16604021711906
-0.0875977000691052,0,-5.21942331237651
-0.11741527544416,0,-5.27284071294624
-0.147634494496176,0,-5.32615741325341
-0.178327547220543,0,-5.37923734339015
-0.209574023075184,0,-5.43194472279633
-0.241460841968694,0,-5.48414559146556
-0.274081988204636,0,-5.53570947804539
-0.307538026988299,0,-5.58651114622345
-0.341935391798016,0,-5.63643234244531
-0.377385442505029,0,-5.68536345087836
-0.414003307973756,0,-5.73320494751316
-0.451906541850255,0,-5.77986853638305
-0.491213634721453,0,-5.82527784892151
-0.532042437809204,0,-5.86936859381714
-0.574508560723,0,-5.91208805996447
-0.618723806567456,0,-5.953393898909
-0.664794700404602,0,-5.99325214430087
-0.712821150993848,0,-6.03163446235574
-0.762895261126589,0,-6.06851466691814
-0.815100270039599,0,-6.10386457334227
-0.869509574667521,0,-6.13764930555433
-0.926185738172346,0,-6.16982220970388
-0.985179358419022,0,-6.20031956595009
-1.04652764076409,0,-6.22905532786273
-1.11025250422709,0,-6.25591615720624
-1.17635805372712,0,-6.28075706010402
-1.24482727934829,0,-6.30339796648983
-1.31561790127781,0,-6.32362162356524
-1.38865736856441,0,-6.34117318815612
-1.46383713972526,0,-6.35576189255056
-1.54100651665706,0,-6.36706511273319
-1.61996645707447,0,-6.37473507714014
-1.7004639353301,0,-6.37840831218689
-1.7821875328277,0,-6.3777177285247
-1.86476499176467,0,-6.37230701877223
-1.94776343718367,0,-6.36184678270107
-2.03069284801267,0,-6.34605154794891
-2.11301313645661,0,-6.32469664796214
-2.19414489113849,0,-6.29763379018613
-2.27348348349997,0,-6.26480412787663
-2.35041587354551,0,-6.2262477579183
-2.42433913194096,0,-6.18210880638691
-2.49467947110595,0,-6.13263561335834
-2.56091048672113,0,-6.0781759477568
-2.62256937045228,0,-6.01916761589267
-2.67927005615095,0,-5.95612521328613
-2.73071257203028,0,-5.88962405600187
-2.77668823975779,0,-5.82028248169659
-2.81708073181753,0,-5.74874372357957
-2.85186332110135,0,-5.67565844848053
-2.88109289724462,0,-5.60166884692478
-2.90490146784394,0,-5.52739491029392
-2.92348591247994,0,-5.45342326805568
-2.93709672945312,0,-5.38029871852293
-2.94602643192151,0,-5.30851838987885
-2.95059813510855,0,-5.23852832303272
-2.95115474965305,0,-5.17072217385549
-2.94804907308605,0,-5.10544168314037
-2.94163496147816,0,-5.04297854899929
-2.93225967143217,0,-4.98357734853755
-2.92025739021332,0,-4.92743918465334
-2.90594391803875,0,-4.8747257724184
-2.88961242925175,0,-4.82556372223691
-2.87153021562834,0,-4.78004882002477
-2.85193630269599,0,-4.73825014552512
-2.83103982619014,0,-4.70021390713403
-2.80901905845979,0,-4.66596690454928
-2.78602098193216,0,-4.63551955897887
-2.76216131716077,0,-4.6088684746885
-2.73752492529932,0,-4.58599851567044
-2.7121665180974,0,-4.56688439763392
-2.68611162193663,0,-4.55149180886107
-2.65935775541544,0,-4.53977808426165
-2.63187579207933,0,-4.53169246569467
-2.60361149072093,0,-4.52717598876129
-2.57448718496303,0,-4.52616104221001
-2.54440363137719,0,-4.52857065115696
-2.51324202101537,0,-4.53431753975975
-2.48086616281467,0,-4.54330303295157
-2.44712484877494,0,-4.55541586041219
-2.41185441002952,0,-4.57053092909614
-2.37488146988445,0,-4.58850813322768
-2.3360258945851,0,-4.60919127248081
-2.29510393503595,0,-4.63240714976918
-2.25193154308996,0,-4.65796491926826
-2.20632783460129,0,-4.68565575251714
-2.15811865861252,0,-4.71525288520789
-2.10714021842506,0,-4.74651209910732
-2.05324267667605,0,-4.77917268210757
-1.99629366391007,0,-4.81295889448527
-1.93618159963738,0,-4.84758195115109
-1.87281872774062,0,-4.88274250841867
-1.80614376551959,0,-4.91813362043725
-1.73612406865578,0,-4.95344410613689
-1.66275722359062,0,-4.98836224389325
-1.58607199440198,0,-5.02257968992027
-1.50612857277997,0,-5.05579549946815
-1.42301810605123,0,-5.08772011888421
-1.33686150770292,0,-5.11807921271263
-1.24780758540925,0,-5.14661719388802
-1.15603055086699,0,-5.17310033661939
-1.06172700158973,0,-5.19731936993436
-0.965112485330948,0,-5.21909147359509
-0.866417771706102,0,-5.23826162530415
-0.765884962248533,0,-5.25470327668885
-0.663763569646076,0,-5.26831836345196
-0.560306689957879,0,-5.27903668054545
-0.455767379352216,0,-5.28681467494002
-0.350395330746084,0,-5.29163372570135
-0.244433927150356,0,-5.29349799331256
-0.138117728930759,0,-5.29243192759202
-0.0316704327930872,0,-5.28847752655657
0.0746966779529142,0,-5.28169143779247
0.180785788713806,0,-5.2721419900478
0.286413125524706,0,-5.25990623661024
0.391409066222862,0,-5.24506708431817
0.495617822709257,0,-5.22771057345615
0.598896732919715,0,-5.20792336492026
0.701115205840535,0,-5.18579048244131
0.802153365940902,0,-5.16139334977134
0.90190044526851,0,-5.13480815591383
1.00025297276797,0,-5.10610457592838
1.09711281179413,0,-5.07534487062333
1.19238509897482,0,-5.04258338542987
1.28597614114159,0,-5.00786646656274
1.37779133244672,0,-4.97123281059052
1.46773316119784,0,-4.93271426086928
1.55569938512276,0,-4.89233705979938
1.64158146391136,0,-4.85012355824311
1.7252633474649,0,-4.80609437136886
1.80662072506632,0,-4.76027095257362
1.88552084176903,0,-4.7126785334348
1.96182298041761,0,-4.66334934825737
2.0353796877762,0,-4.6123260284259
2.10603878912194,0,-4.55966501771518
2.17364618712681,0,-4.50543982973257
2.23804938039706,0,-4.44974394856949
2.29910157033657,0,-4.39269316940239
2.35666616061872,0,-4.33442719180203
2.41062140176184,0,-4.27511031675256
2.46086490406213,0,-4.21493115690331
2.50731774268963,0,-4.15410134232125
2.54992791154882,0,-4.092853281613
2.58867294418116,0,-4.03143710983403
2.6235616018047,0,-3.97011700997894
2.65463461828852,0,-3.90916712688016
2.68196457634479,0,-3.84886729819494
2.70565505719641,0,-3.78949880855909
2.72583924984623,0,-3.73134033538885
2.74267822263411,0,-3.67466420589762
2.75635904980163,0,-3.6197330329134
2.76709295289429,0,-3.56679674951519
2.77511356606075,0,-3.51609002525572
2.78067537098283,0,-3.46783002383393
2.78405227622955,0,-3.42221445572117
2.78553624173895,0,-3.37941988989483
2.78543577633856,0,-3.33960031516501
2.78407407000793,0,-3.30288598009193
2.78178647022906,0,-3.2693825848253
2.77891698362002,0,-3.23917093838098
2.77581349422036,0,-3.21230721704425
2.77282145556375,0,-3.18882394711297
2.77027595251077,0,-3.1687317722378
2.76849225201887,0,-3.15202194392652
2.76775526490063,0,-3.13866930179546
2.76830869160129,0,-3.1286353209552
2.77034495944743,0,-3.12187065580676
2.77399728485715,0,-3.11831657315577
2.77933521541679,0,-3.11790479913047
2.78636475817152,0,-3.12055561427545
2.79503368063167,0,-3.12617446486444
2.80524185552113,0,-3.13464780409598
2.81685574564774,0,-3.14583920004068
2.82972545053785,0,-3.15958683838256
2.84370230067774,0,-3.17570336145502
2.85865487530854,0,-3.19397855540292
2.87448155476165,0,-3.21418482910668
2.89111824826055,0,-3.2360848647181
2.90854065555802,0,-3.25944039905101
2.92676118489732,0,-3.28402091226495
2.94582131927986,0,-3.30961108129061
2.96578068971654,0,-3.33601615655087
2.98670432601976,0,-3.36306484919915
3.00864952168175,0,-3.39060976393238
3.03165352613671,0,-3.41852578673595
3.05572294591342,0,-3.44670708057046
3.08082537642794,0,-3.47506343840706
3.10688346178245,0,-3.50351670894475
3.13377132964029,0,-3.53199788280904
3.16131318698946,0,-3.56044524961287
3.18928378721079,0,-3.58880384842219
3.21741047499603,0,-3.61702626481196
3.24537656378842,0,-3.64507469273419
3.27282587979855,0,-3.67292408251047
3.29936839727361,0,-3.70056613171579
3.32458697280156,0,-3.7280138325764
3.34804524437091,0,-3.75530625597933
3.36929677730737,0,-3.7825132197991
3.38789550016743,0,-3.80973945602088
3.40340737054578,0,-3.83712786339487
3.41542304444745,0,-3.86486142437887
3.42357110852237,0,-3.8931633961664
3.42753120430343,0,-3.92229547401147
3.42704617509078,0,-3.95255378040266
3.42193225307718,0,-3.98426274910104
3.41208632140986,0,-4.0177672217745
3.39748945128258,0,-4.05342331339946
3.37820620762281,0,-4.09158878159357
3.35437958077324,0,-4.13261371504997
3.32622175605893,0,-4.17683232025952
3.29400120117693,0,-4.22455644357734
3.25802668183975,0,-4.27607124760445
3.21862879696457,0,-4.33163320316773
3.17613948241798,0,-4.39147028805504
3.1308697219216,0,-4.45578400882555
3.08308549633988,0,-4.52475256912098
3.03298187669285,0,-4.59853417010729
2.98065520391749,0,-4.67726902167306
2.92607358259334,0,-4.76107816849615
2.86904652088328,0,-4.85005674944536
2.80919551520711,0,-4.94425895022396
2.74592866666033,0,-5.04367190809039
2.67842385175951,0,-5.14817647623029
2.6056262032374,0,-5.25749431543218
2.52626619164704,0,-5.37112333202846
2.43890392738907,0,-5.48826676934023
2.34200312787494,0,-5.60776464814924
2.23403463608384,0,-5.72803886886553
2.11360500878956,0,-5.84706435455492
1.97960132121145,0,-5.96237776403071
1.83133962001631,0,-6.07113265739897
1.66870165902162,0,-6.17020587765805
1.49224267318537,0,-6.25635442126534
1.30325227189578,0,-6.32641494776852
1.10375217396907,0,-6.37752924445097
0.896420251890003,0,-6.40736962116783
0.684441350921901,0,-6.41433161449963
0.471300166911143,0,-6.39766193947844
0.260545302901467,0,-6.35750002145269
0.0555603312567673,0,-6.29482963086077
-0.14062619562336,0,-6.211356390898
-0.325472439538626,0,-6.10933967433001
-0.496992722468694,0,-5.99140992444288
-0.653772985806274,0,-5.8603963311985
-0.794946651227061,0,-5.71917976813215
-0.92014579042161,0,-5.57057642804297
-1.0294396751788,0,-5.41725108105077
-1.12326888849139,0,-5.26165564420696
-1.2023797149322,0,-5.10598798086789
-1.26776110130943,0,-4.95216645767618
-1.32058511007998,0,-4.80181689963725
-1.36215122988134,0,-4.65626965366332
-1.39383484524142,0,-4.51656523951396
-1.41704032268646,0,-4.38346747239626
-1.43315933970523,0,-4.25748303697211
-1.44353514501715,0,-4.13888638653573
-1.44943334633079,0,-4.02774865465115
-1.45201958674277,0,-3.92396910422339
-1.45234414241754,0,-3.82730757187286
-1.45133311736988,0,-3.73741642493358
-1.44978558781224,0,-3.65387072971205
-1.44837580382569,0,-3.57619560251341
-1.44765941298355,0,-3.50389003652183
-1.44808263060686,0,-3.43644682449309
-1.44999333016795,0,-3.37336849381068
-1.45365314156698,0,-3.31417941320534
-1.45924979861244,0,-3.25843440826805
-1.46690914626492,0,-3.20572433526403
-1.47670638419267,0,-3.15567911661227
-1.48867627294713,0,-3.10796874791519
-1.50282215518582,0,-3.06230275830326
-1.51912374403537,0,-3.01842855532154
-1.53754370443048,0,-2.9761290231395
-1.55803310374761,0,-2.93521967674698
-1.58053583903903,0,-2.89554561087737
-1.60499216376313,0,-2.8569784244093
-1.63134144101703,0,-2.81941325093176
-1.65952424634828,0,-2.78276598469842
-1.68948393408241,0,-2.74697075813519
-1.72116776895647,0,-2.71197770164367
-1.75452771132098,0,-2.67775099762163
-1.78952093040245,0,-2.6442672272682
-1.82611010684927,0,-2.61151399975183
-1.86426357346247,0,-2.5794888476891
-1.90395533186765,0,-2.54819836973957
-1.9451649729975,0,-2.51765759973655
-1.98787752061015,0,-2.48788958154886
-2.0320832095998,0,-2.45892512933021
-2.07777720446724,0,-2.43080275358981
-2.12495925791183,0,-2.40356873432578
-2.17363330499409,0,-2.37727732309039
-2.22380698462838,0,-2.35199105615145
-2.27549107725137,0,-2.32778116077623
-2.32869884535057,0,-2.3047280360371
-2.38344526212773,0,-2.28292178840723
-2.4397461129348,0,-2.2624628008039
-2.49761695428574,0,-2.24346231170999
-2.55707191625543,0,-2.22604297866111
-2.61812233595545,0,-2.21033939786352
-2.68077521254316,0,-2.19649854917535
-2.74503147785586,0,-2.1846801333332
-2.81088408121165,0,-2.17505676634541
-2.87831589207278,0,-2.16781399460575
-2.9472974299638,0,-2.16315009368859
-3.01778443705941,0,-2.1612756141046
-3.08971531494683,0,-2.1624126385899
-3.16300845294818,0,-2.16679371774532
-3.23755948079215,0,-2.17466045390155
-3.31323848314112,0,-2.18626170671346
-3.3898872174014,0,-2.20185139783155
-3.46731637941955,0,-2.22168589563523
-3.54530296435023,0,-2.24602096398579
-3.62358777267201,0,-2.27510826085678
-3.70187311479682,0,-2.30919137324266
-3.77982077301187,0,-2.34850137389047
-3.85705028789833,0,-2.39325188346151
-3.93313764935956,0,-2.44363361952473
-4.00761449148982,0,-2.49980841277227
-4.07996791711562,0,-2.56190267329027
-4.14964111289525,0,-2.63000029881228
-4.21603495941936,0,-2.70413503686506
-4.27851089130192,0,-2.78428234882671
-4.33639531580445,0,-2.870350882138
-4.38898594751862,0,-2.96217374324466
-4.43556044867136,0,-3.05949988292977
-4.47538776166053,0,-3.16198605840333
-4.50774245888975,0,-3.26919001653954
-4.53192228801515,0,-3.38056573225081
-4.54726883398474,0,-3.49546170205474
-4.55319084088144,0,-3.61312338554892
-4.54918925083218,0,-3.73270084450989
-4.53488247800852,0,-3.85326238948972
-4.51002994259657,0,-3.97381457015923
-4.4745515771388,0,-4.09332815358583
-4.42854102210453,0,-4.21076891245791
-4.37227063565298,0,-4.32513125160569
-4.30618724181542,0,-4.43547212850997
-4.23089859976302,0,-4.5409425343676
-4.14715167186873,0,-4.640814064368
-4.05580465924409,0,-4.73449875987656
-3.95779528515385,0,-4.8215612854437
-3.85410788337528,0,-4.90172340103
-3.74574155489211,0,-4.97486142588175
-3.63368113336435,0,-5.04099786581541
-3.51887210405358,0,-5.10028857956105
-3.40220007549812,0,-5.15300684659551
-3.28447497628624,0,-5.19952555111283
-3.16641985673088,0,-5.24029849310785
-3.04866399799886,0,-5.275841634346
-2.93173993490434,0,-5.30671491360655
-2.81608394892892,0,-5.33350512885912
-2.70203955981337,0,-5.35681027671042
-2.58986352365792,0,-5.37722564867035
-2.47973382947088,0,-5.39533189751361
-2.37175917776632,0,-5.41168519785842
-2.26598942996116,0,-5.4268095315012
-2.16242654091358,0,-5.44119103359675
-2.06103553085204,0,-5.45527424718287
-1.96175511519463,0,-5.46946005835876
-1.8645076860156,0,-5.48410502891357
-1.76920841979771,0,-5.49952181100276
-1.67577336479901,0,-5.51598032010182
-1.58412643106147,0,-5.53370935562488
-1.4942052619903,0,-5.55289838900018
-1.40596600611446,0,-5.57369928144372
-1.31938703094175,0,-5.59622774303523
-1.23447162936447,0,-5.62056439666019
-1.15124976562773,0,-5.64675536185207
-1.06977889575033,0,-5.67481232281604
-0.990143879872931,0,-5.7047120914346
-0.912455984478917,0,-5.73639572030366
-0.836850953702699,0,-5.76976726389018
-0.763486113751849,0,-5.80469232901523
-0.692536465620319,0,-5.84099660009568
-0.624189721862654,0,-5.87846457023295
-0.558640256833707,0,-5.9168387553016
-0.496081970561899,0,-5.95581971163858
-0.436700118518739,0,-5.99506721304931
-0.380662236382334,0,-6.03420296073535
-0.328108391528094,0,-6.07281518840117
-0.279141117981356,0,-6.11046547021761
-0.233815528668398,0,-6.14669792820459
-0.192130229240797,0,-6.18105085979195
-0.154019754558036,0,-6.21307056854662
-0.119349280524704,0,-6.24232690025269
-0.0879123016923151,0,-6.26842970012049
-0.0594317932258371,0,-6.29104516700269
-0.0335651014913717,0,-6.30991094270203
-0.00991246433843546,0,-6.32484878107474
0.0119712946882753,0,-6.33577380533741
0.0325626623475616,0,-6.34269965757426
0.0523538957554395,0,-6.34573921414385
0.0718371080115921,0,-6.34510091218064
0.0914890141283975,0,-6.34108104215218
0.111757260942451,0,-6.33405257319108
0.133049106180696,0,-6.32445118881007
0.155723033573629,0,-6.31275924411007
0.180083702958254,0,-6.29948834624658
0.20638043081814,0,-6.2851612374372
0.234809165661634,0,-6.27029363882271
0.265517659042681,0,-6.25537669183201
0.298613249471442,0,-6.24086059796728
0.334172406429942,0,-6.22713999316483
0.372250973527818,0,-6.21454149164284
0.41289395266865,0,-6.20331370135866
0.456143717832014,0,-6.19361986531669
0.502045740831612,0,-6.18553314232046
0.550651221624196,0,-6.17903442809081
0.602016385998,0,-6.17401254621753
0.656198578149563,0,-6.17026661162465
0.713249578742522,0,-6.16751038209296
0.773206787851219,0,-6.16537845568771
0.836083021866548,0,-6.16343423140098
0.901855702279582,0,-6.16117961421177
0.970456193341411,0,-6.1580665008855
1.04176000708491,0,-6.15351011455473
1.11557856158348,0,-6.14690424772905
1.19165316016343,0,-6.13763840683024
1.26965184655319,0,-6.1251167104198
1.34916975801154,0,-6.10877816962276
1.42973350809492,0,-6.08811768081394
1.51080994390872,0,-6.06270672042073
1.5918193133824,0,-6.03221241242326
1.67215245021293,0,-5.99641342814948
1.75119108456355,0,-5.95521116809242
1.82832990675213,0,-5.9086349331911
1.90299866396929,0,-5.85684032426764
1.97468245982986,0,-5.80010083923484
2.04293860450475,0,-5.73879342521854
2.10740880358416,0,-5.67337941670287
2.16782607916787,0,-5.60438271085649
2.22401645172505,0,-5.5323671319923
2.27589594927309,0,-5.4579147414255
2.32346386981916,0,-5.38160644667515
2.36679338092858,0,-5.30400577182639
2.40602052330019,0,-5.22564617406955
2.44133254749539,0,-5.14702190020206
2.47295631383957,0,-5.06858210165484
2.50114727424745,0,-4.9907277659871
2.52617936407085,0,-4.91381095653966
2.54833597870314,0,-4.83813585292932
2.56790209811002,0,-4.76396112742639
2.58515754973257,0,-4.69150325535707
2.60037135978246,0,-4.62094042711309
2.61379712724742,0,-4.55241679621678
2.62566935664885,0,-4.4860468573417
2.63620069812474,0,-4.42191979806337
2.64558006072658,0,-4.36010370783532
2.65397158128383,0,-4.3006495575908
2.66151444150625,0,-4.24359488440678
2.66832352551399,0,-4.18896712934542
2.67449089541986,0,-4.13678658503119
2.68008803299927,0,-4.08706891544287
2.6851687532123,0,-4.03982721686093
2.68977264640843,0,-3.99507359879082
2.69392885955362,0,-3.95282027894545
2.69765999321639,0,-3.9130802073385
2.70098587949069,0,-3.87586725952201
2.70392702167121,0,-3.84119606450478
2.70650751867522,0,-3.80908155449459
2.70875735933919,0,-3.77953833725341
2.71071404299581,0,-3.75257999505519
2.71242355102389,0,-3.72821840680298
2.71394074896012,0,-3.7064631738592
2.71532933376363,0,-3.68732120917584
2.71666145406338,0,-3.67079652746862
2.71801712483026,0,-3.65689025504454
2.71948353656835,0,-3.64560086389684
2.72115432833533,0,-3.63692462690047
2.72312885869921,0,-3.63085628923527
2.72551147283123,0,-3.62738995449675
2.72841072950469,0,-3.62652019071541
2.73193851968242,0,-3.62824336970582
2.73620897868277,0,-3.6325592604724
2.74133706650682,0,-3.63947290100454
2.74743666626651,0,-3.64899676919607
2.75461803063033,0,-3.66115325842939
2.76298439481911,0,-3.67597743130819
2.77262757875989,0,-3.69351997049648
2.78362243033184,0,-3.71385016407717
2.79602002814875,0,-3.7370586533982
2.80983967757238,0,-3.7632595406656
2.82505990401839,0,-3.79259132006959
2.84160886744714,0,-3.82521599318191
2.85935486638216,0,-3.86131570260271
2.87809782131529,0,-3.90108631559031
2.89756276090568,0,-3.94472764286598
2.91739631483616,0,-3.99243037789916
2.93716700620555,0,-4.04436032455857
2.95636974770008,0,-4.10064093398613
2.97443445393314,0,-4.16133546933266
2.99073820413303,0,-4.22643017009256
3.00462004414428,0,-4.29581958232647
3.0153973836979,0,-4.36929482598629
3.02238303902762,0,-4.44653510902504
3.02490224637367,0,-4.52710240079384
3.02230934634051,0,-4.6104389428767
3.01400422202081,0,-4.69586725205875
2.99944888597937,0,-4.78259245840833
2.97818478956707,0,-4.86970718810064
2.94985142060342,0,-4.95619968790335
2.91420651435527,0,-5.04096641299034
2.87114768573989,0,-5.12283074099867
2.82073448060975,0,-5.20056965971877
2.76320879100028,0,-5.27294998028961
2.69901045868956,0,-5.33877462633332
2.62878404549661,0,-5.39693772870974
2.55337265258816,0,-5.44648478409933
2.4737957652285,0,-5.48667159924411
2.39121050217577,0,-5.51701408899404
2.30685890125456,0,-5.53732117427616
2.22200695979751,0,-5.54770542495181
2.13788292176315,0,-5.54857015025869
2.05562209694485,0,-5.54057599718269
1.97622350384235,0,-5.52459330460421
1.90052074154057,0,-5.50164764215277
1.82916677770142,0,-5.4728652251255
1.76263050791646,0,-5.43942298565496
1.70120218795509,0,-5.40250588579479
1.64500495459387,0,-5.36327222578843
1.59401026085111,0,-5.32282650987784
1.54805581250201,0,-5.28219887315743
1.50686526783576,0,-5.24232998776215
1.47006942448959,0,-5.20406055937467
1.43722881802102,0,-5.16812482118292
1.40785760058409,0,-5.13514769798232
1.38144829800529,0,-5.10564545717991
1.35749664184622,0,-5.08002964062826
1.335525258859,0,-5.0586138879335
1.31510471291681,0,-5.04162297987674
1.2958703560499,0,-5.02920315579389
1.27753371326182,0,-5.02143260934926
1.25988766226906,0,-5.01833112872985
1.24280534871669,0,-5.01986813641912
1.22623343680088,0,-5.02596884011573
1.21018080014069,0,-5.0365187178567
1.19470404818115,0,-5.05136700452782
1.17989137822144,0,-5.07033012667618
1.16584620850227,0,-5.09319609271158
1.1526719529074,0,-5.11973067175038
1.14045918093017,0,-5.14968580476548
1.12927626174689,0,-5.18281013239236
1.11916437650776,0,-5.21886087035255
1.1101374437818,0,-5.25761562588783
1.10218700521638,0,-5.29888226832759
1.09529148060021,0,-5.34250479507076
1.08942851366822,0,-5.3883633853965
1.08458854142046,0,-5.4363675283478
1.08078739075407,0,-5.48644213390293
1.07807574077193,0,-5.53850765751635
1.07654368490562,0,-5.59245621507287
1.07631927539444,0,-5.64812622953766
1.07756066989335,0,-5.70527825872703
1.08044217582228,0,-5.76357437259867
1.08513501211914,0,-5.82256293305156
1.09178395694801,0,-5.88167005395089
1.10048124927981,0,-5.9401985297275
1.11123921764996,0,-5.99733471244468
1.12396319737163,0,-6.05216372372711
1.13842645881015,0,-6.10369346932339
1.15424918715182,0,-6.15088804860771
1.17088405603095,0,-6.19271108726916
1.18761152636827,0,-6.22817896209673
1.20354839346198,0,-6.25642253976285
1.21767282784235,0,-6.27675381399534
1.22886768682627,0,-6.28873101677515
1.23598095801228,0,-6.29221329635606
1.23789823513985,0,-6.2873952205625
1.23361834734923,0,-6.27481331272347
1.22232132001543,0,-6.255321651953
1.20341889476423,0,-6.230039873642
1.17658168815388,0,-6.2002823455322
1.1417421741471,0,-6.16747988665686
1.09907704087482,0,-6.13310461432372
1.04897476599828,0,-6.09860533766641
0.991994299116317,0,-6.06535702167888
0.928819230807706,0,-6.0346245821836
0.860209735325783,0,-6.00753923606662
0.786952691981675,0,-5.98508473072073
0.709809205977891,0,-5.9680905525874
0.629458523323459,0,-5.9572291432179
0.546438222491134,0,-5.95301384817594
0.461082657246691,0,-5.95579368538824
0.373464835532162,0,-5.96574033743777
0.283350745157267,0,-5.98282278030096
0.190178408729877,0,-6.00676665844126
0.0930748649063233,0,-6.03699962462785
-0.00907897403669955,0,-6.0725900192927
-0.117533644866793,0,-6.11219250896695
-0.233515766622476,0,-6.15401762279049
-0.358051421521042,0,-6.1958401850501
-0.491793112212809,0,-6.23505460906345
-0.634873614201925,0,-6.26877585668117
-0.786803071580408,0,-6.29397756774057
-0.946417176652926,0,-6.30765588710674
-1.11187821062426,0,-6.30700833917856
-1.28072885229198,0,-6.2896187090897
-1.44999953674678,0,-6.25363776786353
-1.6163698228569,0,-6.1979442463987
-1.77637853365216,0,-6.12226294406947
-1.92666525588088,0,-6.02721323651899
-2.06421157436762,0,-5.91426803515609
-2.18654291358694,0,-5.7856219044682
-2.29185806755684,0,-5.64399061011438
-2.37907234385007,0,-5.49238108836459
-2.44778258094338,0,-5.33387274708089
-2.49817783735727,0,-5.17143944932056
-2.53092378557197,0,-5.0078245176337
-2.54704401650204,0,-4.84546665856478
-2.54781279108124,0,-4.68646659169942
-2.53466559401162,0,-4.53258198096753
-2.50912815482057,0,-4.38523974573804
-2.47276156667504,0,-4.24555775935075
-2.42712008292354,0,-4.11437091203434
-2.37371831490181,0,-3.99225888458833
-2.31400528184749,0,-3.87957458814516
-2.24934368291804,0,-3.77647313208319
-2.18099363919118,0,-3.68294151620137
-2.11010084965654,0,-3.59882914827556
-2.03768953253111,0,-3.52387891300486
-1.96466063814024,0,-3.45775802060224
-1.89179562887336,0,-3.40008740313732
-1.81976568954693,0,-3.35046814585963
-1.74914567278298,0,-3.30850343222285
-1.68043153930932,0,-3.27381476606282
-1.61405965225018,0,-3.2460517571668
-1.55042611306359,0,-3.22489540610113
-1.48990440844068,0,-3.21005546940005
-1.43285993721161,0,-3.20126301300793
-1.37966043000863,0,-3.19825959859666
-1.33068177464447,0,-3.20078467243504
-1.28630923804949,0,-3.20856266050557
-1.2469344738139,0,-3.22129106357533
-1.21294899016198,0,-3.23863054898266
-1.1847349151963,0,-3.2601977072199
-1.16265393947305,0,-3.2855608284174
-1.1470352585035,0,-3.31423879434883
-1.13816321063083,0,-3.34570300237313
-1.13626515361212,0,-3.37938215060369
-1.14150000174223,0,-3.4146697080372
-1.15394780965994,0,-3.45093392932136
-1.17360087224306,0,-3.48753028189818
-1.200356996798,0,-3.52381605068017
-1.23401581221782,0,-3.55916661117058
-1.27427907086992,0,-3.59299242217646
-1.32075572453943,0,-3.62475528974806
-1.3729720360773,0,-3.65398208967877
-1.43038618221817,0,-3.68027412227698
-1.49240592074742,0,-3.70331073974519
-1.55840722875751,0,-3.72284678986362
-1.62775161413383,0,-3.73870453494481
-1.69980014538218,0,-3.75076171234788
-1.77392302657195,0,-3.75893802147505
-1.84950452063482,0,-3.76318241597576
-1.92594392571468,0,-3.76346318367559
-2.00265393482857,0,-3.75976206850003
-2.07905796925912,0,-3.75207283128697
-2.15458798443649,0,-3.74040384304644
-2.22868388619948,0,-3.72478368585442
-2.30079518093407,0,-3.70526837561146
-2.37038493643478,0,-3.68194873659762
-2.43693565844938,0,-3.6549566232081
-2.49995636795216,0,-3.62446903450398
-2.55899003226985,0,-3.59070961212176
-2.61362055052933,0,-3.55394745550835
-2.6634786742944,0,-3.51449354986851
-2.70824649087706,0,-3.47269533355104
-2.74766034281335,0,-3.42893002318014
-2.78151225255817,0,-3.38359728943739
-2.80965004213856,0,-3.33711177543248
-2.8319763833416,0,-3.28989581772563
-2.84844700215904,0,-3.24237260346667
-2.85906821641819,0,-3.19495989778224
-2.86389393183412,0,-3.14806441109251
-2.86302217713205,0,-3.10207684309391
-2.85659123325772,0,-3.05736762907225
-2.84477540704913,0,-3.01428341358429
-2.82778051218287,0,-2.97314427645463
-2.80583914240902,0,-2.93424172996211
-2.77920584581339,0,-2.89783749146254
-2.74815232696626,0,-2.86416301341522
-2.71296281161531,0,-2.83341972612174
-2.67392970424078,0,-2.80577992176551
-2.63134965318829,0,-2.78138818569379
-2.58552011408562,0,-2.7603632653791
-2.53673647374294,0,-2.74280026067085
-2.48528976777081,0,-2.7287730207391
-2.43146499916698,0,-2.71833664208923
-2.37554004448246,0,-2.71152997576958
-2.31778511993019,0,-2.70837806744821
-2.25846277166431,0,-2.70889446834783
-2.19782835093722,0,-2.71308336537179
-2.13613093346402,0,-2.72094148313218
-2.07361463998659,0,-2.73245970811535
-2.01052030846087,0,-2.74762437645279
-1.94708745463105,0,-2.76641815392004
-1.88355643520144,0,-2.78882042371217
-1.82017069626055,0,-2.81480708936635
-1.75717895108112,0,-2.84434970260871
-1.69483709025598,0,-2.87741384418029
-1.63340958982842,0,-2.91395672376427
-1.57317015797865,0,-2.95392402488188
-1.51440135787725,0,-2.99724610169031
-1.45739297497126,0,-3.04383373444484
-1.40243897383539,0,-3.09357376396706
-1.34983302470249,0,-3.14632504420843
-1.29986277919495,0,-3.20191526184509
-1.2528033306735,0,-3.26013925186517
-1.20891057440776,0,-3.3207594622081
-1.16841542301183,0,-3.3835091644528
-1.13151994546672,0,-3.44809886106834
-1.09839639592035,0,-3.51422611877138
-1.06918973133926,0,-3.58158880802508
-1.04402360510106,0,-3.64990151522104
-1.02300906184362,0,-3.71891477452477
-1.00625438474996,0,-3.78843676379882
-0.993873883576252,0,-3.85835719395254
-0.985992921800723,0,-3.9286732098691
-0.982746152762575,0,-3.99951708410748
-0.984265719270056,0,-4.07118515259665
-0.990656061362383,0,-4.1441666066954
-1.00195211149084,0,-4.21916918521638
-1.01805843430789,0,-4.29713631757112
-1.03866901782654,0,-4.37924692232656
-1.06317188775959,0,-4.46688558164462
-1.0905501157487,0,-4.56156905468257
-1.11930026359714,0,-4.66481818353901
-1.14739713780278,0,-4.77797534853929
-1.17233336633688,0,-4.90198678148955
-1.19124788339144,0,-5.03718961080298
-1.20113028538645,0,-5.18315290644765
-1.19906035920227,0,-5.33860999448194
-1.18243046706744,0,-5.50148859911769
-1.14911069240639,0,-5.66901233658807
-1.09754498519078,0,-5.83782960304684
-1.02679491513374,0,-6.0041303216219
-0.936564065968296,0,-6.16373105549864
-0.827237964871953,0,-6.31213441999728
-0.69996454161123,0,-6.4445929705465
-0.556780217325334,0,-6.55622813459489
-0.40075509948098,0,-6.64226642172976
-0.236087397308825,0,-6.69844347799253
-0.068037494659237,0,-6.72156819898484
0.0974018599060325,0,-6.71012753800568
0.254106617178153,0,-6.66470415185034
0.396541039184943,0,-6.58798906479717
0.520345992088645,0,-6.48435079158392
0.62261517779648,0,-6.35914449767355
0.701853004796975,0,-6.21802604113863
0.757736820286397,0,-6.06644807150632
0.79082389916705,0,-5.90937710933195
0.802293114567956,0,-5.75118272135561
0.793754569008049,0,-5.59562711166239
0.767124857427343,0,-5.44589613672075
0.724550153207356,0,-5.30463419384154
0.668355175109447,0,-5.17396415867874
0.600996989027841,0,-5.05548795712497
0.525006380807497,0,-4.95027482077539
0.442906606301939,0,-4.85885314195652
0.357110082051859,0,-4.78122617129516
0.269806061089974,0,-4.71692857906263
0.182861642734915,0,-4.66512924061271
0.0977593085337383,0,-4.62476944245032
0.0155851720203171,0,-4.59471270884338
-0.0629323459247583,0,-4.57387895574133
-0.137346484235097,0,-4.56134217744097
-0.207398017071985,0,-4.55638242365544
-0.272921737863036,0,-4.55849345352086
-0.333767908777461,0,-4.56735396854517
-0.389748046258348,0,-4.58277295175711
-0.44061020518475,0,-4.60462033585201
-0.486045096028497,0,-4.63275472436187
-0.525719708002107,0,-4.66696053628635
-0.559329021385016,0,-4.70690648162175
-0.586650183282659,0,-4.75213368760041
-0.607580591184864,0,-4.80207413039376
-0.622145218951896,0,-4.85609024249664
-0.630469462777109,0,-4.91351937124167
-0.632726976896163,0,-4.97370645129429
-0.629080409044993,0,-5.03601497024579
-0.619632823554679,0,-5.09981577639395
-0.604400794260758,0,-5.16446041578343
-0.583311713899247,0,-5.22924819990261
-0.556221872262186,0,-5.29339505369061
-0.522949472101451,0,-5.35600966388277
-0.483316979684016,0,-5.41608031709341
-0.437198426484644,0,-5.47247474069942
-0.384568240576134,0,-5.52395502393242
-0.325548277341864,0,-5.56920964538285
-0.260448897352234,0,-5.60690396502208
-0.189798657193734,0,-5.63574853823625
-0.114356332355888,0,-5.6545809738248
-0.0350997177471382,0,-5.66245233925418
0.0468112084479455,0,-5.6587049802226
0.130093843993904,0,-5.6430274096141
0.213416519237581,0,-5.6154753178264
0.295473584039361,0,-5.57645530248875
0.375049740492297,0,-5.52667676355148
0.451065304981393,0,-5.46708391990748
0.522599849801492,0,-5.39878188443673
0.58889680999701,0,-5.32296846215754
0.649354654144409,0,-5.24087878505113
0.703510950755687,0,-5.15374521736446
0.751024810907032,0,-5.06277146768042
0.791661621279996,0,-4.96911786440874
0.825282329876836,0,-4.87389402554389
0.851838116551581,0,-4.77815523887808
0.871370150302642,0,-4.68289939185046
0.884013278690778,0,-4.58906202041056
0.8900018683992,0,-4.49750787334363
0.889675598645272,0,-4.40901826982033
0.883482806663774,0,-4.32427444230694
0.871979017944995,0,-4.24383797581405
0.855818586525151,0,-4.16813032793489
0.835737940437039,0,-4.09741416397621
0.812529783859793,0,-4.03177975374162
0.787008739369308,0,-3.97113979769984
0.75997025559357,0,-3.91523560696246
0.732145988178547,0,-3.86365642961
0.704159986276015,0,-3.81587193879314
0.676490513114025,0,-3.77127578929076
0.649441922940781,0,-3.72923626608285
0.623129721716014,0,-3.6891489716236
0.597480123237865,0,-3.65048651647199
0.572243635468448,0,-3.61284111088863
0.547020918412648,0,-3.5759572821409
0.521298447574112,0,-3.53975314876692
0.494491178063796,0,-3.50432955633741
0.465989136623195,0,-3.46996704486353
0.435204558218593,0,-3.43711133128008
0.401615986836902,0,-3.40634887511132
0.364805963240585,0,-3.37837502420359
0.324489699029311,0,-3.3539579175104
0.2805333921872,0,-3.33390149505299
0.232962252479909,0,-3.3190105663951
0.181959505275275,0,-3.31006006668984
0.127858385853428,0,-3.30776964503853
0.0711293734425839,0,-3.31278382826579
0.0123647474889585,0,-3.32565733173466
-0.0477378565611083,0,-3.34684468677115
-0.10839170524317,0,-3.37669318617758
-0.168736323504028,0,-3.4154381482352
-0.227851634161991,0,-3.4631995989757
-0.284770879815992,0,-3.51997962192211
-0.338492564969289,0,-3.58565979334257
-0.387991835241508,0,-3.65999829599427
-0.432231847412663,0,-3.74262648486213
-0.470175790032609,0,-3.83304487245308
-0.50080029171621,0,-3.93061872115385
-0.52311099363872,0,-4.0345736885725
-0.536161041091969,0,-4.14399227602094
-0.539073128976352,0,-4.2578121748828
-0.531065469314589,0,-4.37482796221348
-0.511481585630487,0,-4.49369790351508
-0.479823148984212,0,-4.6129577747575
-0.435784174232849,0,-4.73104348071027
-0.379283900528583,0,-4.84632368196765
-0.310494804335863,0,-4.95714256499033
-0.229861742210316,0,-5.06187135170812
-0.138108501818254,0,-5.15896540170959
-0.036229217952519,0,-5.24702225379195
0.0745359325892138,0,-5.3248351909932
0.192739047585318,0,-5.39143724951111
0.316773118402397,0,-5.44613203535537
0.444926114939162,0,-5.48850987599184
0.575435715378294,0,-5.51845008441612
0.706540892118412,0,-5.53611183606086
0.836528190935854,0,-5.54191698602502
0.963772241581781,0,-5.53652803875462
1.0867713858233,0,-5.5208236297594
1.20418004781914,0,-5.49587261307405
1.31483951159298,0,-5.46290650299341
1.41780814189854,0,-5.42328889174501
1.51239091069564,0,-5.37847981520076
1.59816659201474,0,-5.32999308469319
1.67500949781423,0,-5.27934548268766
1.74310157646575,0,-5.2279984122222
1.80293051472611,0,-5.17729483616954
1.85527044372123,0,-5.12839664019273
1.90114390130529,0,-5.08222927056075
1.94176642997343,0,-5.03944108362036
1.97847792319077,0,-5.00038403157294
2.01266689914637,0,-4.96512019412353
2.04569483987123,0,-4.93345560880194
2.07882748839283,0,-4.90499929962442
2.11317873167007,0,-4.87924176823761
2.14967072645646,0,-4.85564392855568
2.18901157605369,0,-4.83372514380759
2.23168946831567,0,-4.81313846738897
2.27798011944549,0,-4.79372307046112
2.3279630420592,0,-4.77552813033406
2.38154185283724,0,-4.75880807121924
2.4384645340542,0,-4.74399419533987
2.49834091261662,0,-4.7316508246913
2.56065611414258,0,-4.72242451620688
2.62477997271445,0,-4.7169932664964
2.68997314432327,0,-4.71602001971634
2.75539101568284,0,-4.72011227412881
2.82008657127482,0,-4.72978773015751
2.88301335531279,0,-4.74544486132626
2.9430296857587,0,-4.76733688866783
2.99890543751071,0,-4.79554771207179
3.04933304815806,0,-4.82996877250918
3.09294488440747,0,-4.87027655534709
3.12833962447728,0,-4.91591153663323
3.15412061667415,0,-4.96606086809953
3.16894885328434,0,-5.01964893644902
3.1716116856841,0,-5.07534179813438
3.16110515935275,0,-5.13157263261975
3.13672278754919,0,-5.18659458378655
3.09813772887326,0,-5.23856344742633
3.04546116849765,0,-5.28564534012272
2.97926046009534,0,-5.32613555425249
2.90052813526459,0,-5.35856821094037
2.81060547388708,0,-5.38179616433038
2.7110766209019,0,-5.39502802104328
2.6036555727067,0,-5.39782091320498
2.49008661334385,0,-5.39003834901608
2.37207128872419,0,-5.3717880845067
2.25122613343342,0,-5.34335499547915
2.12906847968301,0,-5.30514045353597
2.00702389059202,0,-5.25761530241545
1.88644746537869,0,-5.20128984421988
1.7686512813772,0,-5.13670174035395
1.654930631785,0,-5.0644210707515
1.54658212918633,0,-4.98507034254494
1.44490739961964,0,-4.89935546166975
1.35119762738043,0,-4.80810145029838
1.26669731170677,0,-4.71228451461959
1.19255042887713,0,-4.61305109422751
1.12973782018824,0,-4.51171612778686
1.07901889235194,0,-4.40973761176507
1.04089109022131,0,-4.30867159824818
1.01557581700512,0,-4.21011829103948
1.00303085729946,0,-4.11567261352823
1.00298052007653,0,-4.02688987712153
1.01494959096688,0,-3.9452700841086
1.03828780319346,0,-3.87225618438268
1.07217721751958,0,-3.80923576435767
1.1156230103068,0,-3.75753430865995
1.16743554850704,0,-3.7183915401043
1.22621573892287,0,-3.69291896251542
1.29035520015073,0,-3.68204412665863
1.35805813895206,0,-3.68645258256787
1.42738479263114,0,-3.70653994979777
1.49630969460302,0,-3.74238360340806
1.56278428639502,0,-3.79373755142104
1.62479355011403,0,-3.8600476953175
1.6803996438844,0,-3.94048014600962
1.72777019404657,0,-4.03395371098906
1.76519314834355,0,-4.13916877793909
1.79108290562816,0,-4.25462748996159
1.80398367503121,0,-4.37864319026494
1.80257609101739,0,-4.50933990583971
1.78569253103187,0,-4.64464496472202
1.75234564444035,0,-4.78227987008753
1.70177324852004,0,-4.91975652079338
1.63350058704025,0,-5.05438777678873
1.54741742030368,0,-5.18332272066678
1.44386218453464,0,-5.3036165922552
1.32369905104323,0,-5.41234160514858
1.18836818855907,0,-5.5067364083135
1.03988841997966,0,-5.58437954140417
0.880798114653207,0,-5.64335991371893
0.71403467462751,0,-5.68241167827653
0.542770232888978,0,-5.70098689561882
0.370232933242119,0,-5.69925593154978
0.199543675772259,0,-5.67804491058142
0.0335884309194112,0,-5.63873274030446
-0.125067591000307,0,-5.58313295910537
-0.27422889834328,0,-5.51337989334718
-0.412092330232829,0,-5.43182941037553
-0.537254082282575,0,-5.34097632894392
-0.648708996580887,0,-5.24338538965955
-0.74584608008399,0,-5.14163072444486
-0.828440782273755,0,-5.03823918062978
-0.896642277516858,0,-4.93563464948938
-0.950953060406906,0,-4.83608285090639
-0.992198475317068,0,-4.74163815819786
-1.02148506525226,0,-4.65409551842644
-1.04014839436286,0,-4.57495104425981
-1.04969275563545,0,-4.50537437465799
-1.05172644550198,0,-4.44619462870351
-1.04789676570527,0,-4.39790011690317
-1.03982855101769,0,-4.36065041302852
-1.02906902705857,0,-4.33429833674648
-1.01704054964527,0,-4.31841906164787
-1.00500166342519,0,-4.31234390545747
-0.994016226288091,0,-4.3151971341716
-0.984930163474277,0,-4.32593497557933
-0.97835562498412,0,-4.34338667431655
-0.974662669158651,0,-4.36629764893943
-0.973978808541843,0,-4.39337464054811
-0.97619665722152,0,-4.42333236248318
-0.980989531383558,0,-4.45494086716796
-0.987834408058155,0,-4.4870729123541
-0.996041502285454,0,-4.51875113700829
-1.00479020046181,0,-4.54919565194251
-1.01317225566898,0,-4.57787316116124
-1.02024464771135,0,-4.60454811115952
-1.02509548215548,0,-4.6293337430226
-1.02692555319437,0,-4.652735967996
-1.02514466895367,0,-4.67567675486567
-1.01947545136017,0,-4.69947922165127
-1.01004980488394,0,-4.72579811187665
-0.997478148311724,0,-4.75648958334686
-0.982872580068927,0,-4.79343123124169
-0.96781364159836,0,-4.83831967838729
-0.954263342545032,0,-4.89248050332188
-0.944439003204936,0,-4.95672030620075
-0.940668605407851,0,-5.03123697255193
-0.945247661787097,0,-5.11558890705057
-0.960312240622521,0,-5.20871286526364
-0.987735778818122,0,-5.30897485890055
-1.02905087585258,0,-5.41423841981809
-1.08539232149282,0,-5.52193738468395
-1.15745431362198,0,-5.62914483340554
-1.24545309430299,0,-5.73263514090023
-1.3490861439087,0,-5.82894208085219
-1.46748105905626,0,-5.91442253110154
-1.59913222410899,0,-5.98534221759768
-1.74183263346413,0,-6.03800554167862
-1.89262235944654,0,-6.06895194130901
-2.04779169686291,0,-6.07522972347605
-2.202986943245,0,-6.05472841479491
-2.35345461581004,0,-6.00650543097266
-2.4944146290755,0,-5.93100534944583
-2.62148813527307,0,-5.83007728984201
-2.73106424298078,0,-5.70676400129421
-2.82050934291592,0,-5.56492919086234
-2.88819257077798,0,-5.40884380250838
-2.93337031770032,0,-5.24283850078715
-2.95600264935884,0,-5.07107497819816
-2.95656546354068,0,-4.89743631959603
-2.93589693702857,0,-4.72550862508539
-2.89509435644187,0,-4.558620090323
-2.8354644554229,0,-4.39990829660315
-2.75852520103101,0,-4.25239216707519
-2.66605504350051,0,-4.11902736786916
-2.56018227544821,0,-4.0027223961226
-2.44349852454951,0,-3.90629013293786
-2.31916519056458,0,-3.83231261845085
-2.19096420237523,0,-3.78291357377471
-2.06323747911584,0,-3.75946795178349
-1.94067938007433,0,-3.76232056134872
-1.8279976464802,0,-3.79060920564643
-1.72951799333329,0,-3.84226484814746
-1.64883557544687,0,-3.91419592575948
-1.58859236676083,0,-4.00259628852938
-1.55040323168529,0,-4.10328743867577
-1.53490400642279,0,-4.21202182215992
-1.541874089028,0,-4.32471055910331
-1.5703898327118,0,-4.43757068259381
-1.61897882301127,0,-4.5472038956485
-1.68575813421727,0,-4.65062380567385
-1.76854832248008,0,-4.74524769111396
-1.86495986279947,0,-4.82886644865723
-1.97245166710083,0,-4.89960431348993
-2.08836353941626,0,-4.95587859264895
-2.20992667129841,0,-4.99636878981033
-2.33425895494776,0,-5.02000374647331
-2.45835519293965,0,-5.02597421192867
-2.57908606068998,0,-5.01377566494779
-2.69322295873203,0,-4.98328097324821
-2.79750633180168,0,-4.93483353658693
-2.88876903236135,0,-4.86933954912562
-2.9641110079919,0,-4.78832716904312
-3.02109901768413,0,-4.69393865630161
-3.05794526976469,0,-4.58883601185605
-3.07361596016949,0,-4.47602935419771
-3.06784108258667,0,-4.358666049071
-3.04103071260982,0,-4.23983047076546
-2.99413082292595,0,-4.12239383394853
-2.92846072948441,0,-4.0089304724377
-2.84556610504054,0,-3.90169566201804
-2.7471062503173,0,-3.80264868043121
-2.63478099896152,0,-3.71350299215741
-2.51029495131929,0,-3.63578890658802
-2.37535425403404,0,-3.57091861547469
-2.2316918725593,0,-3.52024667096627
-2.08111919498842,0,-3.48511954944904
-1.92560295528198,0,-3.46690538102095
-1.767364538784,0,-3.46698900646767
-1.60899034590505,0,-3.48670935288
-1.45352330156601,0,-3.52721072614792
-1.30447749992799,0,-3.58918942759491
-1.16569632974019,0,-3.67255995343457
-1.04099793303831,0,-3.77614377585212
-0.933654957140524,0,-3.89754946007369
-0.845895832792275,0,-4.0333720589536
-0.778655990359337,0,-4.17966807242205
-0.731671705976333,0,-4.33249651674272
-0.7038141568419,0,-4.48831278051882
-0.693478912323191,0,-4.64413424375407
-0.698897556932078,0,-4.79752180811001
-0.718328220680298,0,-4.94646407248523
-0.750139423232879,0,-5.08923383835111
-0.792819018717306,0,-5.2242552148351
-0.84493608648079,0,-5.3499969589891
-0.905074426914568,0,-5.46489714695877
-0.97174924646856,0,-5.56732212971671
-1.04331582877072,0,-5.65556496871055
-1.11788084096079,0,-5.72789197512821
-1.19323299893542,0,-5.78264721417561
-1.26681803733542,0,-5.81841940533619
-1.3357877259483,0,-5.83425900493433
-1.3971447406098,0,-5.8299055532433
-1.44797714706876,0,-5.80595839931905
-1.485734425899,0,-5.76392079147397
-1.50846678961059,0,-5.70608444121138
-1.51495785515931,0,-5.63528464507714
-1.50472632624011,0,-5.55460390101558
-1.47792336084121,0,-5.46710522561263
-1.43517790246159,0,-5.37564323472013
-1.37743779717089,0,-5.28276124955353
-1.30583509796971,0,-5.1906575843889
-1.22158511585135,0,-5.10119679870061
-1.12591723015989,0,-5.01594509874287
-1.02003097501021,0,-4.93621587184988
-0.905070832107316,0,-4.86311730102293
-0.782115053582487,0,-4.79759759220284
-0.652176041573066,0,-4.74048440404686
-0.516211093224485,0,-4.69251419453834
-0.375141649598904,0,-4.65434582926074
-0.229876169988676,0,-4.62655346497264
-0.0813278015387631,0,-4.60959923002319
0.069582980266915,0,-4.60379673816787
0.221944500598674,0,-4.60928626453999
0.374880352490448,0,-4.62604172507939
0.527568023536427,0,-4.65391422041862
0.679233302994031,0,-4.69269589373866
0.829116940186135,0,-4.74217677428787
0.976423875302874,0,-4.80217283176195
1.1202710920198,0,-4.87251858884797
1.25964684161688,0,-4.95303087417074
1.39338665800159,0,-5.04345567608597
1.52016529650694,0,-5.14340847240106
1.63850071830823,0,-5.25231365525371
1.74676635289437,0,-5.36934394062905
1.84321009726204,0,-5.49335750395775
1.92598204303633,0,-5.62282947972623
1.9931774212584,0,-5.75577569945895
2.04290655356952,0,-5.88967095054861
2.0734089359835,0,-6.02137326134264
2.08323120888379,0,-6.14708161577086
2.07148211888054,0,-6.2623764796487
2.03815113141447,0,-6.36241137949013
1.98442418671375,0,-6.44231474833896
1.91286746757881,0,-6.49779129109586
1.82733608247142,0,-6.52578233874222
1.73255991884885,0,-6.5249410290378
1.63352992491068,0,-6.49572370098121
1.53491351350131,0,-6.44009359300775
1.44067614238554,0,-6.36101413894998
1.35394649827293,0,-6.26194242227006
1.27705864725471,0,-6.14644817046273
1.2116795915668,0,-6.01798443839567
1.15895389610362,0,-5.87978052821333
1.11962898398649,0,-5.7348137643852
1.09414747814912,0,-5.58582297289493
1.08270531887656,0,-5.43533713512225
1.08528066026759,0,-5.28570149937662
1.10164274588836,0,-5.139090148924
1.13135369336735,0,-4.99750066778424
1.1737781165262,0,-4.86273478481294
1.2281125328826,0,-4.73637777161212
1.29343625446002,0,-4.61979441659736
1.36877053664303,0,-4.51415488989871
1.45312160990857,0,-4.42048835374911
1.54548510789725,0,-4.33974267031738
1.64480650924651,0,-4.27281750324292
1.74991617157092,0,-4.22054512359005
1.85947387785277,0,-4.18361753527419
1.97195506822275,0,-4.16248761115704
2.08568903346047,0,-4.15728780463254
2.19893159442489,0,-4.16780134175961
2.30993915808217,0,-4.19349291250715
2.41701593014881,0,-4.23357755915931
2.51852441170428,0,-4.2870943254208
2.61286706967108,0,-4.35295748593216
2.69845552728461,0,-4.42997321155751
2.77368319110777,0,-4.5168228547468
2.83691298739398,0,-4.61202124113971
2.88648817331929,0,-4.7138606325702
2.92077255686079,0,-4.82035167855173
2.93822602468742,0,-4.92917441130019
2.93751965439614,0,-5.03765613173218
2.91768874279073,0,-5.1427974807813
2.87830928299222,0,-5.24136876929218
2.8196647782161,0,-5.33008918210539
2.74285393960733,0,-5.40587723553812
2.64979034953432,0,-5.46612715227229
2.54307298656319,0,-5.50894149062096
2.42575300963523,0,-5.53325658469822
2.30105999498395,0,-5.53883608657834
2.1721564746277,0,-5.52615559879541
2.0419647526546,0,-5.49622979785321
1.91307574553153,0,-5.45043337126302
1.78772524193309,0,-5.39034926335863
1.66781402580719,0,-5.31765750472079
1.55495018948728,0,-5.23406395203785
1.45049808682967,0,-5.14126176038589
1.35562444264201,0,-5.04091698593985
1.27133651008373,0,-4.93467069963908
1.19850977984579,0,-4.8241516054242
1.13790409105062,0,-4.71099453487381
1.09016762313499,0,-4.59686104283023
1.05582859031282,0,-4.48345864038774
1.03527483581717,0,-4.37255505658373
1.02872223572697,0,-4.2659834609901
1.03617424314373,0,-4.16563411850582
1.0573773647007,0,-4.07342819196365
1.09178063321596,0,-3.99127150650533
1.13850966468851,0,-3.92099091535279
1.19636489197454,0,-3.86426244854862
1.26384732755397,0,-3.82254494182327
1.33920604216062,0,-3.79703127441085
1.42049515982463,0,-3.78862179257594
1.50562844639668,0,-3.79791601005897
1.59242492820391,0,-3.8252144232213
1.67864479310691,0,-3.87052309909649
1.76201801120388,0,-3.93355690398271
1.84026858370196,0,-4.01374004696595
1.91113650797942,0,-4.11020392134365
1.97239872050095,0,-4.22178229521403
2.02189005983284,0,-4.34700342359781
2.05752579149831,0,-4.4840782351715
2.07732834798708,0,-4.63088381744796
2.07946248013139,0,-4.78494233468401
2.06228472034717,0,-4.94339764009427
2.02441441073991,0,-5.10299561484656
1.96483352634602,0,-5.26007997450588
1.88301932961179,0,-5.41062251643814
1.7791050988218,0,-5.5503133184697
1.6540480883937,0,-5.67473697617675
1.50976287902051,0,-5.77964768281278
1.34916272632945,0,-5.86132339034981
1.17605842115732,0,-5.9169346803669
0.994904057353522,0,-5.94483292633695
0.810438096354362,0,-5.94467433887958
0.62730970322448,0,-5.91735429801319
0.449776364233977,0,-5.86479513608917
0.281516695935629,0,-5.78966809223594
0.125554353644643,0,-5.69512396383292
-0.0157395363833218,0,-5.58457553775651
-0.140603092421823,0,-5.46154277611187
-0.247828451394265,0,-5.32955163546576
-0.336711189983609,0,-5.1920697889951
-0.407010690704446,0,-5.05246281306495
-0.458920976987145,0,-4.9139581870073
-0.493047843124816,0,-4.77960911861367
-0.510386638126771,0,-4.65225460627449
-0.512295186059791,0,-4.5344758934507
-0.50045766784993,0,-4.42855238567244
-0.476837591069876,0,-4.33642194809667
-0.443620870984532,0,-4.25965094551522
-0.403152901583273,0,-4.19941814453387
-0.357875398254111,0,-4.15651374179233
-0.310268827458387,0,-4.13135103042089
-0.262803996983805,0,-4.12398496007145
-0.217902469354676,0,-4.13413069426325
-0.177901561220092,0,-4.16117718298191
-0.145017884379408,0,-4.2041952400683
-0.121304934454292,0,-4.26194456944711
-0.108604585010509,0,-4.33288696857646
-0.108497209764904,0,-4.41521195168616
-0.122257883211802,0,-4.50687684189012
-0.15082540124068,0,-4.60565831861834
-0.194787451544175,0,-4.70920896723001
-0.254381104934223,0,-4.81511171009243
-0.329504646610749,0,-4.92092663960249
-0.419735323664339,0,-5.02422746331983
-0.524347604124677,0,-5.12262741557496
-0.642327411818118,0,-5.21379660092448
-0.772379041092618,0,-5.29547434196613
-0.912922914802448,0,-5.36548145772444
-1.06208418272317,0,-5.42173870760531
-1.21767472117458,0,-5.46229887628692
-1.37717478140195,0,-5.4854007103589
-1.53772546303158,0,-5.48955210130547
-1.69614861267079,0,-5.47364582404939
-1.8490142522492,0,-5.43710192004326
-1.99277282726799,0,-5.38001615080624
-2.12395573922707,0,-5.30327784444942
-2.23942259498623,0,-5.20861260446926
-2.33660685722094,0,-5.09851674363146
-2.4137002845855,0,-4.97608258493128
-2.46973246440033,0,-4.8447521303575
-2.50453808873622,0,-4.70805847108316
-2.51863988371785,0,-4.56940845663815
-2.51309143607446,0,-4.43193496611865
-2.48931973689103,0,-4.29842017306339
-2.44899200281916,0,-4.17127438637911
-2.39391586563913,0,-4.05255004018048
-2.32597161698387,0,-3.94397293589053
-2.24707024424247,0,-3.84697811461611
-2.15912976024263,0,-3.7627428280878
-2.06406296580449,0,-3.69221290260716
-1.9637710683707,0,-3.6361213220139
-1.86013891927548,0,-3.59499943976945
-1.75502885090216,0,-3.56918223278082
-1.65027123221585,0,-3.55880967138553
-1.54765102200791,0,-3.5638266683729
-1.448890821345,0,-3.58398407014769
-1.35563203242032,0,-3.61884252718026
-1.26941623063572,0,-3.66777969637306
-1.19166814845349,0,-3.72999948695393
-1.12367975830656,0,-3.80454115056405
-1.06659317614223,0,-3.89028717647191
-1.02138051539388,0,-3.9859718063871
-0.988821806817183,0,-4.0901940429345
-0.969485336311151,0,-4.20143805905798
-0.963715478952164,0,-4.31810052473871
-0.971630957551445,0,-4.43852116747016
-0.993133213479005,0,-4.56101169804925
-1.02792202186686,0,-4.68387899936425
-1.07551423079711,0,-4.80544019316717
-1.13526132377045,0,-4.92402902330839
-1.20636195330314,0,-5.03799455726583
-1.28786634316984,0,-5.14569448849847
-1.37867036356205,0,-5.24548645850265
-1.47749818094483,0,-5.33572199475853
-1.58287388420758,0,-5.41474902415803
-1.69308477399029,0,-5.48093044782319
-1.80614254275246,0,-5.53268754096689
-1.91975362832829,0,-5.56857686565247
-2.03131597103807,0,-5.58740595186893
-2.13796374012305,0,-5.58838375698062
-2.23667939036972,0,-5.57128588147644
-2.32447811510174,0,-5.53659569658446
-2.39864285154181,0,-5.48557205013073
-2.45695920070946,0,-5.42020536964177
-2.49788834439039,0,-5.34305918062004
-2.52063456169163,0,-5.25703612726512
-2.52510299514283,0,-5.16513076810108
-2.51177860339854,0,-5.07022413191387
-2.48157112837558,0,-4.9749480107304
-2.43566398859442,0,-4.88161961674407
-2.37538895709044,0,-4.79223128565468
-2.30213387214963,0,-4.70847592727354
-2.21728181485003,0,-4.63179190061897
-2.12217679608763,0,-4.56341596067225
-2.01811095683544,0,-4.50443701212703
-1.90632960874557,0,-4.45584553258166
-1.78805165191842,0,-4.41857361766093
-1.66450288209199,0,-4.39351917466473
-1.53695757347316,0,-4.38154607473657
-1.40677926960717,0,-4.38345229779445
-1.27544634308776,0,-4.39990322575338
-1.14454552664565,0,-4.43133901286378
-1.01572254288965,0,-4.47788041356245
-0.890594992451165,0,-4.53926710707882
-0.770651913868861,0,-4.61485579971536
-0.657173578692273,0,-4.70368168267097
-0.551196192497513,0,-4.80456018687763
-0.453525494579099,0,-4.91619348145637
-0.364785087700824,0,-5.03725248654293
-0.285478654093813,0,-5.16642128489685
-0.216048745327943,0,-5.30240516607473
-0.156922291911887,0,-5.44391075976688
-0.108539346250756,0,-5.58960766243361
-0.0713650329554589,0,-5.73807875712722
-0.0458855170464162,0,-5.88776366888585
-0.0325879210987073,0,-6.0368979081119
-0.0319223141564722,0,-6.18344990858024
-0.0442417510579335,0,-6.32505988331348
-0.0697145714393239,0,-6.45898891710639
-0.108203157902511,0,-6.58209483790716
-0.15910782808661,0,-6.69086324764659
-0.22118771941859,0,-6.78153454609492
-0.292395932521072,0,-6.85037055399896
-0.369799329050751,0,-6.89407819779453
-0.449671172649528,0,-6.91033613052165
-0.52780895882334,0,-6.89827221461889
-0.600027148506715,0,-6.85869280643601
-0.662665928107421,0,-6.79394706277845
-0.712941044727697,0,-6.70748679525467
-0.749055243656954,0,-6.6033128401529
-0.770110705116567,0,-6.48549294739344
-0.775918603432104,0,-6.35784086957379
-0.766790994432673,0,-6.22375540294069
-0.743362645534238,0,-6.08617495574455
-0.706458353975005,0,-5.94759895764324
-0.657003759805639,0,-5.81013949964519
-0.59597115108176,0,-5.67558029849539
-0.52435069162542,0,-5.54543025999694
-0.443138138621162,0,-5.42096552072263
-0.35333088519692,0,-5.30325839645078
-0.255925029906779,0,-5.19319548245251
-0.151907935860947,0,-5.0914905647355
-0.0422441714062549,0,-4.99870011619846
0.0721423940712809,0,-4.91524834723643
0.190382993564771,0,-4.8414640451199
0.311665959941955,0,-4.77762384779362
0.435220730149352,0,-4.7239896146859
0.560285755825263,0,-4.6808254002733
0.686070412902426,0,-4.64838456049989
0.811725385930396,0,-4.62686840570001
0.936333585468023,0,-4.61636973171945
1.05892499729766,0,-4.6168213860219
1.17850826654028,0,-4.62796776149424
1.29410502984443,0,-4.64936671541983
1.4047734470987,0,-4.68041657247738
1.50961389523277,0,-4.7203942178476
1.60775795469756,0,-4.76848901692244
1.69834748830681,0,-4.82382192686048
1.78051232928133,0,-4.88544580595697
1.85335393716637,0,-4.9523283562109
1.91594029113817,0,-5.02332221388504
1.9673156839008,0,-5.09712799417828
2.00652837475092,0,-5.17225681366466
2.03267882551151,0,-5.24699999736301
2.04499046092532,0,-5.31941572925634
2.04290220518912,0,-5.38734475898498
2.0261762029123,0,-5.44846807645557
1.99500506642435,0,-5.50041564061502
1.95009339479243,0,-5.54092391302942
1.89268432823065,0,-5.56802165044317
1.82451038013033,0,-5.58020531726174
1.74766971680303,0,-5.57655959574425
1.66445495837699,0,-5.55679255673084
1.57717655296339,0,-5.52118360515207
1.48801877498204,0,-5.47046921799071
1.39894855380728,0,-5.40570331582431
1.31167777153762,0,-5.32812452413178
1.22766722600435,0,-5.23904952484077
1.14815672520068,0,-5.13979882083995
1.07420775726277,0,-5.03165286625016
1.00674922432583,0,-4.91583289166043
0.946620525895181,0,-4.79350030220418
0.894608934376158,0,-4.66576958880612
0.851479651755154,0,-4.53373116314788
0.817997383961765,0,-4.39848182971224
0.794937913355736,0,-4.26116146172536
0.78308707112504,0,-4.12299460749789
0.783222756900464,0,-3.98533478544261
0.796073583792428,0,-3.84970637876298
0.822246780310408,0,-3.71783352944472
0.862121583938958,0,-3.59163779612112
0.915717314611592,0,-3.47318119177437
0.982568416792415,0,-3.36453873717928
1.06165937071003,0,-3.26761359035155
1.1514652274321,0,-3.18394799808598
1.25009758900961,0,-3.11460063347953
1.35550132297436,0,-3.06013075915788
1.46563022454355,0,-3.02067407940095
1.57855799644358,0,-2.99606015980863
1.6925214288118,0,-2.9859243546514
1.80591618196553,0,-2.98979016211276
1.91726869951745,0,-3.00711843027523
2.02520098547059,0,-3.03732978496189
2.12839727638567,0,-3.07980850649109
2.22557650059653,0,-3.13389440671388
2.31547193160501,0,-3.19886697237768
2.39681871180991,0,-3.273924323379
2.46835011957369,0,-3.35815864675059
2.5288040239472,0,-3.45052966468193
2.57694152797868,0,-3.54983828394649
2.61157997109165,0,-3.65470374350121
2.63164180170372,0,-3.76354910508008
2.63621887132071,0,-3.87460133869277
2.62464817337692,0,-3.98591270090772
2.59659032462435,0,-4.09540850912958
2.55209759177414,0,-4.20096199387565
2.49165638379584,0,-4.30049004985542
2.41619209147323,0,-4.3920565764518
2.32703224068442,0,-4.47396606484789
2.22583443296299,0,-4.54483171557682
2.11449396397478,0,-4.60360939063872
1.99504887003132,0,-4.64959793581407
1.86959714781222,0,-4.68241388574761
1.74023451065573,0,-4.70195197406872
1.6090144718035,0,-4.70834233952322
1.4779278515098,0,-4.70191247881168
1.34889648934731,0,-4.68315861147449
1.22377547517059,0,-4.65272829705411
1.10435876047533,0,-4.61141424716801
0.992383887661665,0,-4.56015820288187
0.889532360348493,0,-4.50006321155209
0.797422685779955,0,-4.43241232342078
0.717593318980952,0,-4.35869134871328
0.651472719793442,0,-4.28061260155755
0.600333750099271,0,-4.20013525790118
0.565230193642734,0,-4.11947592198528
0.546915102394052,0,-4.04110042235423
0.545744962430738,0,-3.96768569157798
0.561580830381373,0,-3.90204088779437
0.593706314010481,0,-3.84698251381441
0.640788277258332,0,-3.80517084218894
0.700903165256993,0,-3.77893178128572
0.771636255323628,0,-3.77010097669961
0.850237598082385,0,-3.77992560039861
0.933799371108136,0,-3.8090415112979
1.01941590413665,0,-3.85751841023168
1.10430013833679,0,-3.92494711354058
1.18584926248543,0,-4.01053864647555
1.2616673378961,0,-4.11321198322634
1.32955945292668,0,-4.2316584803093
1.38751178539367,0,-4.36438038465078
1.43366853479609,0,-4.50970609106103
1.46631296372932,0,-4.6657866692421
1.48385719979348,0,-4.83057811257045
1.48484430502945,0,-5.00181317853733
1.46796616991606,0,-5.1769665787692
1.43210155243662,0,-5.35321831588006
1.3763793768307,0,-5.5274226796014
1.30027215834271,0,-5.69609512916178
1.20372141895036,0,-5.85543568631926
1.0872889175763,0,-6.00141359864873
0.952312687284926,0,-6.12993905379887
0.801027014116013,0,-6.23713581232693
0.636589868588365,0,-6.319697231577
0.462966538862007,0,-6.37526208089571
0.284656771867563,0,-6.40271018710084
0.106313767446023,0,-6.4022843875941
-0.0676500132624855,0,-6.37550384800338
-0.233376180330178,0,-6.32491107204253
-0.387743459968351,0,-6.25374186115339
-0.528424710835391,0,-6.1656043111053
-0.653854686244944,0,-6.06421802395893
-0.763150882534878,0,-5.95322733234552
-0.85601934645385,0,-5.83607884759173
-0.932663159500745,0,-5.71594518618517
-0.993700138332542,0,-5.59567766760593
-1.04008964801316,0,-5.47777551900302
-1.07306549794206,0,-5.36436433564709
-1.09407136945669,0,-5.25718082554257
-1.10469605307628,0,-5.15756385677038
-1.10660725375691,0,-5.06645358778081
-1.10148441095276,0,-4.98440116165675
-1.09095257358039,0,-4.91159125529795
-1.07652063274431,0,-4.84787885574665
-1.05952794992368,0,-4.79284016790028
-1.04110347101622,0,-4.74583577055107
-1.02214071059745,0,-4.70608233404473
-1.0032905791753,0,-4.67272775604276
-0.984972131762685,0,-4.6449238158817
-0.967399315211917,0,-4.62189062084766
-0.950620119275711,0,-4.6029682120319
-0.934563537781818,0,-4.58765244376039
-0.919089553248392,0,-4.57561420922076
-0.904037859195147,0,-4.56670281693165
-0.889271954105576,0,-4.56093554614141
-0.874716275401,0,-4.55847606188262
-0.860384971845325,0,-4.55960456585505
-0.846401649694928,0,-4.56468248330764
-0.833009989771577,0,-4.57411429742734
-0.820575585119736,0,-4.5883089212001
-0.809579747391177,0,-4.60764274548317
-0.800606388192893,0,-4.63242618586518
-0.794323371886561,0,-4.66287514150008
-0.791459913561113,0,-4.69908828435612
-0.792781626102179,0,-4.74103056430009
-0.799064699627662,0,-4.78852281206971
-0.81107045352374,0,-4.84123691130134
-0.829521184654175,0,-4.89869573046216
-0.855077896563271,0,-4.96027686302466
-0.888320173704969,0,-5.02521920234489
-0.92972818411674,0,-5.09263144786328
-0.979666559398494,0,-5.16150177437817
-1.03836970848498,0,-5.23070807966617
-1.10592796632267,0,-5.2990284554301
-1.18227386189036,0,-5.36515181440484
-1.26716772822579,0,-5.42768897561063
-1.36018190846214,0,-5.48518498909329
-1.46068300477653,0,-5.53613409578657
-1.56781207780396,0,-5.57899946900388
-1.68046357700939,0,-5.61224071426916
-1.79726522801353,0,-5.63435283743797
-1.91656322089296,0,-5.64392065018444
-2.03641970505314,0,-5.63969172240707
-2.15463217087663,0,-5.62066815689582
-2.26878538532176,0,-5.58621195087579
-2.37634405801454,0,-5.53615079934889
-2.47478652437032,0,-5.47086318262444
-2.56176686058441,0,-5.3913179956742
-2.63527939979881,0,-5.29904956369957
-2.69379298824451,0,-5.19606450016715
-2.73632802673709,0,-5.08469668993733
-2.76246588454995,0,-4.96744091178059
-2.77229934400241,0,-4.84679748817993
-2.76634538597929,0,-4.7251508757259
-2.74544426109406,0,-4.60469104966523
-2.71066378084438,0,-4.48737468221241
-2.66321987633337,0,-4.37491656461725
-2.60441740815674,0,-4.26880002668472
-2.53561045841574,0,-4.1702962882617
-2.45817876026836,0,-4.08048491391717
-2.37351575159569,0,-4.00026981460393
-2.2830232481067,0,-3.93038727428118
-2.18810752646441,0,-3.87140444522508
-2.09017169736515,0,-3.82370894364125
-1.99059995860342,0,-3.78749270264096
-1.89073108045418,0,-3.76273580415768
-1.79182147781296,0,-3.74919782634023
-1.6950020421349,0,-3.74642426658911
-1.60123638819955,0,-3.75377311607906
-1.51128981484873,0,-3.77046192459834
-1.42571704890539,0,-3.79563013842377
-1.34487289961688,0,-3.82840716512458
-1.26894470644178,0,-3.86797510395607
-1.19800082073882,0,-3.91361667483476
-1.13204671200465,0,-3.96474258534255
-1.07107994674941,0,-4.02089683246702
-1.01513664807333,0,-4.08174197346817
-0.964324166973906,0,-4.14702868276487
-0.91883685974883,0,-4.21655506417043
-0.878953809175243,0,-4.29012163030533
-0.845019179696176,0,-4.36748793054201
-0.81740790832167,0,-4.44833653891997
-0.79648164957155,0,-4.53224923556879
-0.782541925662439,0,-4.618698381372
-0.775788479325728,0,-4.70705363261221
-0.77629004010716,0,-4.79660079229208
-0.783971803591881,0,-4.88656681921109
-0.798619573042672,0,-4.9761439450549
-0.819896222775498,0,-5.06450698551465
-0.847363457373993,0,-5.15082078450004
-0.880501514431457,0,-5.23423810585698
-0.918721161126957,0,-5.31389099943563
-0.961365049525937,0,-5.38888013447923
-1.00769820446457,0,-5.45826693316905
-1.056889581217,0,-5.52107305715763
-1.10798825431112,0,-5.57629136895885
-1.15989920519809,0,-5.62291204668722
-1.21136516073908,0,-5.65996677737536
-1.2609624320964,0,-5.6865922174184
-1.30711952569484,0,-5.70211040178674
-1.34816609335287,0,-5.70611817791945
-1.3824150486523,0,-5.6985710097799
-1.4082720000902,0,-5.67984149556649
-1.42435573582506,0,-5.65073363302645
-1.42960623010197,0,-5.61244264589816
-1.42335743761445,0,-5.56646490084116
-1.40536186998722,0,-5.51447646205971
-1.37576799451734,0,-5.45820534768043
-1.33506299042218,0,-5.39931949657195
-1.28399808299329,0,-5.33934324819577
-1.2235118525408,0,-5.27960523159402
-1.15466168985726,0,-5.2212136948733
-1.07856808445958,0,-5.16505235593168
-0.99637239483532,0,-5.11178981904729
-0.909206478273128,0,-5.06189702258808
-0.818171635059741,0,-5.01566895758881
-0.724324168729967,0,-4.97324845057581
-0.628665023834959,0,-4.93465095085145
-0.532131176538534,0,-4.89979000928169
-0.435586643278951,0,-4.86850353355829
-0.339811198397315,0,-4.84058096678107
-0.245485298401222,0,-4.81579121875728
-0.153170461254422,0,-4.79391043271279
-0.0632855323981882,0,-4.7747475470751
0.023919199848367,0,-4.75816438864131
0.108386512876624,0,-4.74408623638541
0.190270746906782,0,-4.73249903351879
0.26994546908395,0,-4.72343104592842
0.347996414877553,0,-4.71691954165075
0.425197651297802,0,-4.71296620119872
0.502471116937018,0,-4.71148747521785
0.580831728510859,0,-4.71226730564374
0.661321783901268,0,-4.71491939966542
0.74493941346046,0,-4.71886490920414
0.832566467555902,0,-4.72332936618023
0.924901574363973,0,-4.72736039588073
1.0224041027597,0,-4.72986527952926
1.12525423741876,0,-4.72966502944827
1.23333312957855,0,-4.72555951821473
1.34622508886454,0,-4.71639670750027
1.46324124144982,0,-4.70113850290155
1.58346145267406,0,-4.67891642332308
1.70578916699113,0,-4.64907204614789
1.82901263722444,0,-4.61117969782021
1.95186601694993,0,-4.56505153148963
2.07308485998992,0,-4.51072739195751
2.19145233015294,0,-4.44845331581733
2.30583438715554,0,-4.37865302737233
2.4152039558649,0,-4.30189649628035
2.51865534442978,0,-4.21886879824946
2.61541087505364,0,-4.13034147279699
2.70482189188428,0,-4.03714755169247
2.78636614926263,0,-3.9401605927291
2.85964320932639,0,-3.84027745956217
2.92436901683932,0,-3.73840423817025
2.98037036112802,0,-3.63544453710186
3.02757953589508,0,-3.53228943219024
3.06602919724984,0,-3.42980843712956
3.09584721107295,0,-3.32884106486087
3.11725117392442,0,-3.23018875288221
3.13054227958796,0,-3.1346071256768
3.13609827060929,0,-3.04279873240983
3.13436533812571,0,-2.9554065079793
3.12584898574642,0,-2.87300824986636
3.11110402433246,0,-2.79611238243921
3.09072398753791,0,-2.725155205608
3.06533033412922,0,-2.66049971535959
3.03556182448853,0,-2.60243596275524
3.00206442851933,0,-2.55118280712142
2.96548205230647,0,-2.50689083457759
2.92644827793275,0,-2.46964616324508
2.88557921187945,0,-2.43947484236057
2.84346744665285,0,-2.41634756904537
2.80067706726838,0,-2.40018448520249
2.7577395836506,0,-2.39085986848834
2.71515064237675,0,-2.38820658694151
2.6733673641331,0,-2.39202023993369
2.63280616282759,0,-2.40206295411948
2.59384092407918,0,-2.41806683951719
2.55680145056698,0,-2.43973713689346
2.52197211586897,0,-2.46675510357665
2.48959070410298,0,-2.49878069182374
2.45984744782487,0,-2.53545507360812
2.43288430987593,0,-2.5764030602949
2.40879458547119,0,-2.62123545758741
2.38762292856825,0,-2.66955138812326
2.36936593156369,0,-2.72094060913936
2.35397340972772,0,-2.77498585373366
2.3413505610449,0,-2.83126523423762
2.33136118650168,0,-2.88935476733442
2.32383216140752,0,-2.9488311141066
2.31855933827238,0,-3.00927467405821
2.31531502640432,0,-3.07027322836227
2.31385712115929,0,-3.13142638982664
2.31393983554563,0,-3.19235117812915
2.31532581140317,0,-3.2526890878679
2.3177991568176,0,-3.31211503846643
2.32117868081749,0,-3.37034856812076
2.32533029601069,0,-3.42716753235958
2.3301772642347,0,-3.48242436112154
2.33570670833651,0,-3.536064587707
2.34197065590144,0,-3.58814687196582
2.34907988628875,0,-3.63886311089144
2.35718910593653,0,-3.68855652212286
2.36647256551369,0,-3.73773491827279
2.37709020903575,0,-3.78707593180481
2.38914578185871,0,-3.8374208874135
2.40263987995055,0,-3.88975450299312
2.41742244424025,0,-3.94516870167912
2.43315036835862,0,-4.00481050195411
2.44925636354357,0,-4.06981607803388
2.46493473165444,0,-4.14123539294317
2.47914807808969,0,-4.21995391755588
2.49065630388302,0,-4.30661935316413
2.49806581252924,0,-4.40158142864798
2.4998934607678,0,-4.50485136472386
2.49463730817451,0,-4.61608452721357
2.48084552383467,0,-4.73458575375613
2.45717624571142,0,-4.85933294297614
2.42244437285934,0,-4.98901193429752
2.37565517251385,0,-5.12205523894745
2.31602797091014,0,-5.25667880985845
2.24301515559154,0,-5.39091407842319
2.15632194149052,0,-5.52263597011219
2.05593106494968,0,-5.64959071344168
1.94213420678503,0,-5.76942949654608
1.81556887179857,0,-5.87975516636036
1.67725589119183,0,-5.97818894851805
1.52862895228616,0,-6.06246210527621
1.37154431493906,0,-6.13053292075042
1.2082575633875,0,-6.18072218714748
1.04135673633759,0,-6.21185152959111
0.873648718927525,0,-6.22336142255416
0.708007389163594,0,-6.21538382468875
0.547203721580449,0,-6.1887509996957
0.393744437857299,0,-6.14493626689842
0.24974343649041,0,-6.08593858627421
0.116840306069527,0,-6.01413412107368
-0.00383231624343361,0,-5.93212038086644
-0.111640673312072,0,-5.8425732679895
-0.206413857499681,0,-5.74812847868706
-0.288392363562128,0,-5.65129038002453
-0.358170772492727,0,-5.55436592995774
-0.416640390276843,0,-5.45941871680963
-0.46493449068531,0,-5.36823798275176
-0.504376663435212,0,-5.28231855756634
-0.536431627520531,0,-5.20284917258294
-0.562657508551101,0,-5.13070816627512
-0.584658743307138,0,-5.06646688334395
-0.604039248136502,0,-5.01040198528427
-0.622356099448667,0,-4.96251834938781
-0.641074581446235,0,-4.92258414422594
-0.661525926726654,0,-4.89017893028696
-0.684869290185391,0,-4.86475417173962
-0.712059377163006,0,-4.84570339974226
-0.743820706217331,0,-4.83243669448999
-0.780628875924662,0,-4.82445168677551
-0.822698703091949,0,-4.82139168960166
-0.869979011811861,0,-4.82308165907196
-0.922154328780842,0,-4.82953496077998
-0.978654610873532,0,-4.84092828186271
-1.03867489058361,0,-4.85754764378777
-1.1012067295346,0,-4.87971395107187
-1.16508218183163,0,-4.90770036459082
-1.22902866554285,0,-4.94165492533566
-1.29173040033411,0,-4.98153995350419
-1.35188994248272,0,-5.02709536449861
-1.40828279392432,0,-5.07782744941048
-1.45979947295466,0,-5.13301945392269
-1.50547241967568,0,-5.19175683884075
-1.5444886695638,0,-5.25295913029358
-1.5761922240679,0,-5.31541163305683
-1.60008167479863,0,-5.37779319026426
-1.61580865313887,0,-5.43869958175864
-1.623181303621,0,-5.49666514895624
-1.62217465493056,0,-5.5501872024486
-1.61294693462537,0,-5.59775834167322
-1.59585797389815,0,-5.63791075109821
-1.57148341853056,0,-5.6692737200602
-1.54061726674999,0,-5.69064130755506
-1.50425615050814,0,-5.70104218804052
-1.46356221216449,0,-5.6998000195379
-1.41980680432096,0,-5.68657214883753
-1.3743027289165,0,-5.66135811712076
-1.32833603499503,0,-5.62447628636889
-1.28310811095657,0,-5.5765142677807
-1.23969531890666,0,-5.51826380486408
-1.19902853063032,0,-5.45065192418339
-1.16189063408942,0,-5.3746780440886
-1.12892753677318,0,-5.29136299883857
-1.10066748052317,0,-5.20171224246036
-1.07754402951115,0,-5.10669278964147
-1.05991919933534,0,-5.00722193489037
