-2.67172699564881,0,-6.3192285903323
-2.6717270799242,0,-6.31922853585718
-2.67062837823382,0,-6.3199384623701
-2.66843068330157,0,-6.321356866751
-2.66513358682131,0,-6.32348074295799
-2.66073649513366,0,-6.32630558067435
-2.65523864310938,0,-6.32982536958789
-2.64863911346867,0,-6.33403260469348
-2.64093686123273,0,-6.33891829290324
-2.63213074306595,0,-6.34447196122846
-2.62221955139093,0,-6.35068166673413
-2.61120205305345,0,-6.35753400854591
-2.59907703246305,0,-6.36501414210513
-2.58584333903897,0,-6.37310579593399
-2.57149993874438,0,-6.38179129120328
-2.55604596949211,0,-6.39105156439075
-2.53948080017128,0,-6.40086619332967
-2.52180409301101,0,-6.41121342695324
-2.50301586896167,0,-6.42207021904102
-2.48311657573572,0,-6.43341226626997
-2.46210715811227,0,-6.44521405086208
-2.43998913007061,0,-6.45744888810358
-2.41676464827659,0,-6.47008897898911
-2.3924365864075,0,-6.48310546821378
-2.36700860976263,0,-6.4964685076997
-2.34048524956998,0,-6.51014732580057
-2.31287197636667,0,-6.52411030227714
-2.28417527180132,0,-6.53832504907941
-2.25440269818151,0,-6.55275849690825
-2.22356296507174,0,-6.56737698745955
-2.19166599223526,0,-6.58214637117991
-2.1587229682097,0,-6.59703211028413
-2.12474640381163,0,-6.61199938670308
-2.08975017988018,0,-6.62701321454684
-2.0537495885951,0,-6.64203855658377
-2.01676136774053,0,-6.6570404441531
-1.97880372733266,0,-6.67198409984833
-1.93989636808755,0,-6.68683506223266
-1.90006049127414,0,-6.70155931177833
-1.85931879957629,0,-6.71612339715998
-1.81769548867634,0,-6.73049456098063
-1.77521622936936,0,-6.74464086396827
-1.73190814012068,0,-6.75853130665391
-1.68779975008838,0,-6.77213594752819
-1.64292095274457,0,-6.78542601667557
-1.59730295034294,0,-6.79837402390196
-1.55097818959293,0,-6.81095386040507
-1.50398028901047,0,-6.82314089308543
-1.4563439585197,0,-6.8349120506604
-1.40810491197691,0,-6.84624590082194
-1.35929977337516,0,-6.85712271777071
-1.3099659775641,0,-6.86752453956243
-1.26014166638214,0,-6.87743521481527
-1.20986558114656,0,-6.88684043844756
-1.15917695248061,0,-6.89572777624057
-1.10811538847363,0,-6.90408667814935
-1.0567207621718,0,-6.9119084804132
-1.00503309938251,0,-6.91918639664283
-0.953092467745542,0,-6.92591549818333
-0.900938867980476,0,-6.93209268416559
-0.84861212816255,0,-6.93771664176491
-0.796151801810953,0,-6.94278779727969
-0.743597070495456,0,-6.94730825872609
-0.690986651581519,0,-6.95128175071363
-0.63835871164258,0,-6.95471354242267
-0.58575078597311,0,-6.95761036954562
-0.533199704539355,0,-6.95998035108105
-0.480741524608359,0,-6.9618329018829
-0.428411470201732,0,-6.96317864186663
-0.376243878430342,0,-6.96402930276139
-0.324272152681145,0,-6.96439763327328
-0.272528722548918,0,-6.96429730348982
-0.221045010334785,0,-6.96374280931301
-0.169851403870749,0,-6.96274937765704
-0.11897723537564,0,-6.9613328730904
-0.0684507660030292,0,-6.95950970654052
-0.0182991757059816,0,-6.95729674661467
0.0314514419833038,0,-6.95471123402483
0.0807760806790383,0,-6.95177069953692
0.129650817802716,0,-6.94849288579881
0.178052807611919,0,-6.94489567333645
0.22596027102529,0,-6.94099701094493
0.273352482661448,0,-6.93681485064167
0.320209755493878,0,-6.93236708729307
0.366513423503624,0,-6.92767150297375
0.412245822687661,0,-6.92274571606978
0.457390270754236,0,-6.91760713509418
0.501931045807593,0,-6.91227291714376
0.545853364294381,0,-6.90675993089256
0.589143358453211,0,-6.90108472398677
0.63178805347793,0,-6.89526349468075
0.673775344574733,0,-6.88931206753207
0.715093974063727,0,-6.88324587295559
0.755733508647406,0,-6.87707993042275
0.795684316941914,0,-6.87082883508099
0.834937547342476,0,-6.86450674756053
0.873485106271899,0,-6.85812738673055
0.911319636840839,0,-6.85170402516411
0.948434497930826,0,-6.84524948707045
0.984823743695593,0,-6.83877614845506
1.02048210346331,0,-6.83229593927062
1.05540496201172,0,-6.82582034732701
1.08958834017973,0,-6.81936042373411
1.12302887577301,0,-6.81292678965841
1.15572380471701,0,-6.80652964418256
1.18767094240832,0,-6.80017877306558
1.21886866521522,0,-6.7938835582114
1.24931589207893,0,-6.78765298766331
1.27901206616951,0,-6.78149566595273
1.30795713655412,0,-6.77541982464176
1.33615153983946,0,-6.76943333291038
1.3635961817558,0,-6.76354370805075
1.39029241865571,0,-6.75775812574304
1.41624203890705,0,-6.75208342999896
1.44144724416592,0,-6.74652614267131
1.46591063052249,0,-6.74109247243972
1.48963516951856,0,-6.7357883231948
1.51262418904254,0,-6.73061930175454
1.53488135411348,0,-6.72559072485861
1.55641064757157,0,-6.72070762539763
1.57721635069756,0,-6.71597475784547
1.59730302378854,0,-6.71139660287398
1.61667548672153,0,-6.70697737113965
1.63533879953988,0,-6.70272100624235
1.65329824310019,0,-6.69863118686589
1.67055929982011,0,-6.69471132811991
1.68712763456841,0,-6.69096458211126
1.70300907574021,0,-6.68739383778206
1.71820959656014,0,-6.68400172005949
1.73273529665667,0,-6.68079058837015
1.74659238394943,0,-6.67776253457888
1.7597871568908,0,-6.67491938041895
1.77232598710105,0,-6.67226267448621
1.78421530243469,0,-6.66979368887601
1.79546157051334,0,-6.66751341554631
1.80607128275807,0,-6.66542256249543
1.81605093895164,0,-6.66352154984664
1.82540703235812,0,-6.66181050593541
1.83414603542499,0,-6.66028926349803
1.84227438608993,0,-6.65895735606254
1.8497984747118,0,-6.65781401464465
1.8567246316431,0,-6.65685816485241
1.8630591154585,0,-6.65608842450348
1.8688081018521,0,-6.65550310185894
1.8739776732142,0,-6.65510019457613
1.87857380889665,0,-6.65487738948131
1.88260237617437,0,-6.6548320632603
1.88606912190977,0,-6.65496128416188
1.88897966492586,0,-6.65526181480403
1.8913394890935,0,-6.6557301161682
1.89315393713756,0,-6.65636235286045
1.89442820516726,0,-6.65715439971104
1.89516733793558,0,-6.65810184977602
1.89537622483342,0,-6.65920002379507
1.89505959662401,0,-6.66044398114976
1.89422202292405,0,-6.66182853235511
1.89286791043796,0,-6.66334825310492
1.89100150195215,0,-6.6649974998787
1.88862687609599,0,-6.66677042710316
1.88574794787634,0,-6.66866100584704
1.88236846999155,0,-6.67066304401159
1.87849203493019,0,-6.67277020796318
1.87412207785792,0,-6.67497604553742
1.86926188029427,0,-6.67727401032672
1.86391457457827,0,-6.67965748714612
1.85808314911864,0,-6.68211981855445
1.85177045442015,0,-6.68465433229102
1.84497920987347,0,-6.68725436947118
1.8377120112902,0,-6.68991331336833
1.82997133915911,0,-6.69262461859498
1.82175956759311,0,-6.6953818404821
1.8130789739293,0,-6.69817866444408
1.80393174893749,0,-6.70100893510643
1.79432000758487,0,-6.70386668496579
1.78424580029652,0,-6.70674616234608
1.77371112464425,0,-6.70964185841198
1.76271793738871,0,-6.71254853300069
1.75126816679287,0,-6.71546123903564
1.73936372511838,0,-6.71837534529205
1.72700652121135,0,-6.72128655729218
1.71419847307926,0,-6.72419093612079
1.70094152035756,0,-6.727084914965
1.68723763656272,0,-6.72996531320055
1.67308884102805,0,-6.73282934786577
1.65849721041987,0,-6.73567464238651
1.64346488973436,0,-6.73849923243879
1.62799410268044,0,-6.74130156886109
1.61208716136003,0,-6.74408051755404
1.59574647516521,0,-6.74683535633211
1.57897455882154,0,-6.74956576871861
1.56177403951765,0,-6.75227183470183
1.54414766307421,0,-6.75495401849597
1.52609829911827,0,-6.7576131533751
1.50762894524428,0,-6.76025042367194
1.48874273015769,0,-6.76286734405438
1.46944291581331,0,-6.76546573621255
1.44973289857606,0,-6.76804770310633
1.42961620944805,0,-6.77061560093843
1.40909651342116,0,-6.77317200903073
1.38817760802957,0,-6.77571969779202
1.36686342119101,0,-6.77826159497351
1.34515800843864,0,-6.78080075041405
1.32306554965786,0,-6.7833402994817
1.30059034545326,0,-6.78588342541994
1.27773681328035,0,-6.7884333208081
1.25450948348467,0,-6.79099314834512
1.23091299539725,0,-6.79356600116445
1.2069520936401,0,-6.79615486288623
1.18263162479827,0,-6.7987625676107
1.15795653461633,0,-6.80139176005455
1.13293186587654,0,-6.80404485603017
1.10756275711365,0,-6.80672400346613
1.08185444231727,0,-6.80943104416661
1.05581225176693,0,-6.81216747650712
1.02944161413724,0,-6.81493441926514
1.00274806000142,0,-6.81773257678578
0.975737226850327,0,-6.82056220568548
0.948414865731118,0,-6.82342308330046
0.920786849595228,0,-6.82631447809109
0.892859183428827,0,-6.82923512221837
0.864638016220675,0,-6.8321831865146
0.836129654802265,0,-6.83515625807584
0.807340579573241,0,-6.83815132070967
0.77827746210137,0,-6.8411647384769
0.748947184560897,0,-6.8441922425705
0.719356860945831,0,-6.84722892177818
0.689513859965905,0,-6.85026921677643
0.659425829502439,0,-6.85330691850366
0.629100722469673,0,-6.8563351708561
0.598546823894165,0,-6.85934647794445
0.567772778991094,0,-6.86233271613833
0.536787621982035,0,-6.86528515111175
0.505600805364401,0,-6.86819446008371
0.47422222930881,0,-6.87105075942348
0.44266227082762,0,-6.87384363776108
0.410931812326566,0,-6.87656219470715
0.379042269122387,0,-6.87919508524539
0.347005615483496,0,-6.88173056981228
0.31483440872885,0,-6.88415657002489
0.282541810903136,0,-6.88646072995702
0.250141607535235,0,-6.88863048279795
0.21764822298234,0,-6.89065312265617
0.185076731865253,0,-6.89251588119469
0.15244286611192,0,-6.89420600870443
0.119763017146982,0,-6.8957108591398
0.0870542327957342,0,-6.89701797855712
0.0543342085117225,0,-6.89811519631347
0.0216212725885831,0,-6.89899071830262
-0.0110656349213486,0,-6.89963322142847
-0.0437069897869911,0,-6.90003194844633
-0.0762827178006093,0,-6.900176802241
-0.108772235635162,0,-6.90005843856056
-0.141154498292187,0,-6.89966835618704
-0.17340805297194,0,-6.89899898350375
-0.205511099090165,0,-6.89804376041347
-0.237441554056999,0,-6.89679721457536
-0.269177124325735,0,-6.89525503096161
-0.300695381114971,0,-6.89341411378757
-0.331973840110037,0,-6.89127263994265
-0.362990044361124,0,-6.88883010314181
-0.393721649519002,0,-6.88608734812862
-0.424146510486912,0,-6.88304659438796
-0.454242768521433,0,-6.87971144896786
-0.483988937787338,0,-6.87608690816204
-0.51336399036301,0,-6.87217934796399
-0.54234743870433,0,-6.86799650336682
-0.570919414606247,0,-6.86354743674527
-0.599060743751683,0,-6.858842495715
-0.626753015005941,0,-6.85389326101361
-0.653978643699468,0,-6.848712485086
-0.680720928240496,0,-6.84331402217886
-0.706964099508942,0,-6.83771275085371
-0.732693362601211,0,-6.83192448991207
-0.757894930618922,0,-6.82596590878886
-0.782556050320024,0,-6.81985443351034
-0.806665019575091,0,-6.81360814933058
-0.830211196691995,0,-6.8072457011562
-0.853185001785784,0,-6.80078619284435
-0.875577910475503,0,-6.7942490864151
-0.897382440283714,0,-6.78765410215905
-0.91859213019633,0,-6.78102112054615
-0.939201513909083,0,-6.77437008675573
-0.959206087342002,0,-6.76772091855257
-0.978602271044518,0,-6.76109341813343
-0.997387368141706,0,-6.75450718846401
-1.01555951848711,0,-6.74798155452201
-1.03311764969068,0,-6.74153548975884
-1.05006142568285,0,-6.735187547993
-1.06639119345829,0,-6.72895580085461
-1.08210792861804,0,-6.72285778081303
-1.0972131802964,0,-6.71691042974048
-1.1117090160222,0,-6.71113005289383
-1.12559796702264,0,-6.70553227813544
-1.13888297443495,0,-6.70013202016177
-1.15156733684554,0,-6.69494344946559
-1.16365465953157,0,-6.68997996572467
-1.17514880573515,0,-6.68525417528456
-1.18605385025729,0,-6.68077787238727
-1.1963740356175,0,-6.67656202378883
-1.2061137309866,0,-6.67261675640757
-1.21527739406447,0,-6.66895134765002
-1.22386953604209,0,-6.6655742180721
-1.23189468975788,0,-6.66249292604961
-1.23935738113247,0,-6.65971416415191
-1.24626210394303,0,-6.65724375693735
-1.25261329797863,0,-6.65508665991584
-1.25841533060107,0,-6.65324695945419
-1.26367248172104,0,-6.65172787343149
-1.26838893218733,0,-6.65053175248531
-1.27256875557623,0,-6.64966008172406
-1.27621591335928,0,-6.64911348281609
-1.2793342534199,0,-6.6488917164017
-1.28192751188182,0,-6.64899368480969
-1.28399931820586,0,-6.6494174350953
-1.28555320350421,0,-6.65016016245099
-1.28659261201429,0,-6.6512182140751
-1.28712091566607,0,-6.65258709361554
-1.28714143166723,0,-6.65426146633686
-1.2866574430201,0,-6.65623516518762
-1.28567222187186,0,-6.65850119797187
-1.28418905558527,0,-6.66105175585292
-1.28221127540083,0,-6.66387822343856
-1.27974228754279,0,-6.66697119071536
-1.27678560660085,0,-6.67032046711375
-1.27334489099622,0,-6.67391509799578
-1.26942398031556,0,-6.67774338386352
-1.26502693426929,0,-6.68179290258583
-1.26015807300168,0,-6.6860505349372
-1.25482201844967,0,-6.69050249373063
-1.24902373641595,0,-6.69513435680946
-1.24276857898987,0,-6.69993110413885
-1.23606232691763,0,-6.70487715920596
-1.22891123149243,0,-6.70995643489895
-1.2213220555055,0,-6.7151523839886
-1.21330211277219,0,-6.72044805428185
-1.20485930572376,0,-6.72582614845502
-1.19600216053663,0,-6.73126908850545
-1.18673985925753,0,-6.73675908468481
-1.17708226837635,0,-6.74227820869561
-1.16703996329958,0,-6.74780847084632
-1.15662424818686,0,-6.75333190077024
-1.14584717063253,0,-6.75883063122149
-1.13472153070347,0,-6.76428698436881
-1.12326088388499,0,-6.76968355991771
-1.11147953753751,0,-6.7750033243048
-1.09939254052929,0,-6.78022970012815
-1.08701566578323,0,-6.78534665490631
-1.07436538555858,0,-6.79033878819921
-1.06145883938003,0,-6.79519141607816
-1.04831379462541,0,-6.79989065190298
-1.03494859988812,0,-6.80442348235282
-1.02138213133786,0,-6.80877783766619
-1.00763373241241,0,-6.81294265507569
-0.993723147280269,0,-6.81690793447481
-0.979670448616653,0,-6.82066478542825
-0.965495960331174,0,-6.82420546473283
-0.951220175970909,0,-6.8275234038516
-0.936863673596041,0,-6.83061322567868
-0.922447027983748,0,-6.833470750242
-0.907990721058234,0,-6.83609298911521
-0.893515051469107,0,-6.83847812848209
-0.879040044246068,0,-6.84062550097587
-0.864585361444835,0,-6.84253554659535
-0.850170214667719,0,-6.84420976317745
-0.835813280293466,0,-6.84565064707634
-0.821532618186255,0,-6.84686162485981
-0.80734559457537,0,-6.84784697697937
-0.793268809707378,0,-6.84861175449982
-0.779318030774584,0,-6.84916169008313
-0.765508130520105,0,-6.84950310450905
-0.751853031814236,0,-6.84964281007904
-0.738365658391962,0,-6.84958801229044
-0.725057891840591,0,-6.84934621118412
-0.711940534832132,0,-6.84892510376087
-0.699023280509778,0,-6.84833248883123
-0.686314687863611,0,-6.84757617561076
-0.673822162868989,0,-6.84666389730025
-0.661551945113091,0,-6.84560323079872
-0.649509099601279,0,-6.84440152359023
-0.637697513415302,0,-6.84306582872323
-0.626119896889538,0,-6.84160284866819
-0.614777788978281,0,-6.8400188886958
-0.603671566505371,0,-6.83831982026776
-0.592800457015346,0,-6.83651105477668
-0.582162554980817,0,-6.83459752781337
-0.571754841161611,0,-6.83258369398113
-0.561573204955095,0,-6.83047353211916
-0.551612469621476,0,-6.82827056064384
-0.54186642031052,0,-6.82597786256878
-0.532327834854681,0,-6.82359811962414
-0.52298851732617,0,-6.82113365476548
-0.513839334380336,0,-6.81858648224317
-0.504870254423289,0,-6.81595836429744
-0.496070389647432,0,-6.81325087345317
-0.487428040973475,0,-6.81046545931337
-0.478930745922046,0,-6.80760351869287
-0.47056532941213,0,-6.80466646789458
-0.462317957448485,0,-6.80165581591036
-0.454174193616933,0,-6.79857323732793
-0.446119058256661,0,-6.79542064374404
-0.438137090124356,0,-6.79220025252157
-0.430212410308052,0,-6.78891465178474
-0.422328788091386,0,-6.7855668606198
-0.414469708413568,0,-6.7821603835376
-0.406618440519075,0,-6.77869925835767
-0.398758107345836,0,-6.77518809678827
-0.390871755163175,0,-6.77163211710104
-0.382942422942715,0,-6.76803716843027
-0.374953210927732,0,-6.76440974636184
-0.366887347860009,0,-6.76075699961411
-0.358728256328401,0,-6.757086727748
-0.350459615720026,0,-6.75340736997565
-0.342065422282872,0,-6.74972798526197
-0.333530045846868,0,-6.74605822403075
-0.324838282798111,0,-6.7424082918929
-0.315975404956475,0,-6.73878890590952
-0.306927204068965,0,-6.73521124398379
-0.29768003169802,0,-6.73168688804294
-0.288220834354001,0,-6.72822776172548
-0.278537183792417,0,-6.72484606332688
-0.268617302467425,0,-6.7215541947825
-0.258450084202326,0,-6.71836468747712
-0.248025110203449,0,-6.71529012566964
-0.237332660604995,0,-6.71234306830861
-0.226363721787856,0,-6.70953596999092
-0.215109989764405,0,-6.70688110178488
-0.203563869963009,0,-6.70439047259907
-0.19171847378027,0,-6.70207575173391
-0.179567612295437,0,-6.69994819320343
-0.167105787560206,0,-6.69801856236249
-0.154328181888113,0,-6.69629706532081
-0.141230645571495,0,-6.69479328157121
-0.127809683450866,0,-6.69351610020554
-0.114062440752028,0,-6.69247366004011
-0.0999866885908604,0,-6.69167329392284
-0.0855808095253247,0,-6.69112147744769
-0.0708437835092153,0,-6.69082378225897
-0.0557751745733727,0,-6.69078483408876
-0.0403751185280835,0,-6.69100827563552
-0.0246443119458756,0,-6.69149673436062
-0.00858400264743386,0,-6.6922517952522
0.00780401812450526,0,-6.69327397858283
0.0245174216971848,0,-6.69456272266719
0.0415533460188615,0,-6.69611637161009
0.058908397701113,0,-6.69793216802164
0.0765786520235052,0,-6.70000625066591
0.0945596509098754,0,-6.70233365700059
0.112846398922716,0,-6.70490833055908
0.131433357358114,0,-6.70772313312062
0.150314436558376,0,-6.71076986161008
0.169482986592389,0,-6.71403926966477
0.188931786485058,0,-6.717521093802
0.208653032206419,0,-6.72120408411658
0.228638323658274,0,-6.72507603943264
0.248878650921085,0,-6.7291238468277
0.269364380046425,0,-6.73333352543954
0.290085238700185,0,-6.73769027445671
0.311030301979007,0,-6.74217852518253
0.332187978736548,0,-6.7467819970487
0.353545998767247,0,-6.75148375743879
0.37509140120295,0,-6.75626628516388
0.396810524481783,0,-6.76111153741202
0.418688998248836,0,-6.76600101997006
0.440711737544412,0,-6.77091586049194
0.462862939627365,0,-6.77583688455997
0.485126083768434,0,-6.78074469425738
0.507483934331112,0,-6.78561974894035
0.529918547435526,0,-6.79044244786713
0.552411281473694,0,-6.79519321431064
0.574942811712757,0,-6.79985258075053
0.597493149185963,0,-6.80440127471071
0.620041664029882,0,-6.80882030478059
0.642567113380498,0,-6.81309104633266
0.665047673891061,0,-6.81719532642674
0.687460978881193,0,-6.8211155073733
0.709784160070473,0,-6.82483456841454
0.731993893791257,0,-6.82833618497428
0.754066451515597,0,-6.8316048049262
0.775977754470905,0,-6.83462572133479
0.7977034320593,0,-6.83738514113605
0.819218883737713,0,-6.83987024924454
0.840499343960692,0,-6.84206926760095
0.861519949736823,0,-6.84397150870941
0.882255810303784,0,-6.84556742325592
0.902682078387362,0,-6.8468486414487
0.922774022477298,0,-6.84780800777637
0.942507099528445,0,-6.84843960894098
0.961857027480113,0,-6.84873879478786
0.980799856980146,0,-6.8487021921226
0.999312041703554,0,-6.84832771137604
1.01737050666838,0,-6.84761454614871
1.03495271397395,0,-6.84656316573675
1.05203672541803,0,-6.84517530080878
1.06860126148957,0,-6.84345392246814
1.08462575628082,0,-6.84140321499449
1.10009040791734,0,-6.83902854261251
1.11497622416332,0,-6.83633641068311
1.12926506292397,0,-6.83333442175176
1.1429396674325,0,-6.83003122692068
1.15598369597781,0,-6.82643647303497
1.16838174609614,0,-6.82256074618775
1.1801193732173,0,-6.81841551205666
1.19118310381965,0,-6.81401305358286
1.20156044320896,0,-6.80936640649594
1.21123987809214,0,-6.8044892931731
1.22021087416785,0,-6.79939605530098
1.22846386900085,0,-6.7941015857829
1.23599026048573,0,-6.78862126030554
1.24278239123801,0,-6.78297086894683
1.24883352927629,0,-6.77716654817308
1.25413784537831,0,-6.77122471353853
1.25869038750726,0,-6.76516199336526
1.26248705271165,0,-6.75899516364718
1.26552455690406,0,-6.75274108438855
1.26780040292127,0,-6.74641663755635
1.26931284726047,0,-6.74003866679681
1.27006086587581,0,-6.73362391904016
1.27004411940472,0,-6.72718898809422
1.26926291817685,0,-6.7207502603073
1.26771818733954,0,-6.71432386236356
1.26541143241326,0,-6.70792561125972
1.26234470556871,0,-6.70157096650109
1.25852057289541,0,-6.69527498454635
1.25394208290853,0,-6.68905227552471
1.24861273651858,0,-6.68291696224615
1.24253645866573,0,-6.67688264152358
1.23571757179866,0,-6.6709623478271
1.22816077135623,0,-6.66516851929226
1.21987110338911,0,-6.65951296610816
1.21085394443803,0,-6.65400684131548
1.20111498376583,0,-6.64866061405007
1.19066020802053,0,-6.64348404527326
1.17949588838859,0,-6.63848616603635
1.16762857027841,0,-6.63367525833235
1.15506506555661,0,-6.62905883859403
1.14181244734149,0,-6.62464364390241
1.12787804734071,0,-6.62043562097409
1.11326945570229,0,-6.61643991800003
1.09799452333064,0,-6.61266087941009
1.08206136660167,0,-6.60910204363965
1.06547837439301,0,-6.60576614397394
1.04825421732795,0,-6.60265511254416
1.03039785911322,0,-6.59977008754599
1.01191856983293,0,-6.59711142374582
0.992825941043108,0,-6.59467870633253
0.973129902492828,0,-6.59247076816381
0.952840740280926,0,-6.59048571044416
0.931969116239433,0,-6.58872092685829
0.910526088318585,0,-6.58717313116788
0.888523131732227,0,-6.58583838826156
0.865972160607692,0,-6.58471214862782
0.84288554987078,0,-6.58378928619817
0.819276157084616,0,-6.58306413948338
0.795157343951086,0,-6.58253055589941
0.770542997175787,0,-6.58218193915116
0.745447548392195,0,-6.58201129951263
0.719885992838037,0,-6.58201130681049
0.693873906477276,0,-6.58217434588612
0.667427461264881,0,-6.58249257427753
0.640563438258764,0,-6.58295798182919
0.613299238294068,0,-6.58356245190376
0.585652889949718,0,-6.58429782383641
0.557643054555745,0,-6.58515595623945
0.529289028012494,0,-6.58612879073371
0.500610739219149,0,-6.58720841565321
0.471628744939465,0,-6.58838712924235
0.442364220966391,0,-6.58965750184009
0.412838949484638,0,-6.5910124365246
0.383075302570594,0,-6.59244522767428
0.353096221811956,0,-6.59394961688866
0.322925194074551,0,-6.59551984570452
0.292586223490436,0,-6.59715070454063
0.26210379978877,0,-6.59883757730813
0.231502863138523,0,-6.60057648113329
0.200808765718838,0,-6.60236410065681
0.170047230277989,0,-6.60419781639665
0.139244305984442,0,-6.60607572669303
0.108426321912594,0,-6.60799666279149
0.0776198385402358,0,-6.60996019666569
0.0468515976638246,0,-6.61196664123339
0.0161484711602479,0,-6.61401704267856
-0.01446259096098,0,-6.6161131646576
-0.0449546127639989,0,-6.61825746423945
-0.075300644401928,0,-6.62045305950633
-0.105473813502826,0,-6.62270368882306
-0.135447375508645,0,-6.62501366186904
-0.165194762580173,0,-6.62738780261529
-0.194689630721472,0,-6.62983138452005
-0.223905904827387,0,-6.63235005830848
-0.252817821416702,0,-6.63494977279432
-0.281399968880614,0,-6.63763668929326
-0.309627325150269,0,-6.64041709026739
-0.337475292766702,0,-6.64329728292738
-0.364919731419844,0,-6.64628349860258
-0.391936988108485,0,-6.64938178876841
-0.418503925157832,0,-6.65259791869398
-0.44459794641327,0,-6.65593725974085
-0.470197022005627,0,-6.65940468140465
-0.495279712151943,0,-6.66300444424503
-0.519825190513876,0,-6.66674009489496
-0.543813267680778,0,-6.67061436437739
-0.567224415373921,0,-6.67462907098496
-0.590039791979899,0,-6.67878502899603
-0.612241270012943,0,-6.68308196450719
-0.633811466076462,0,-6.68751843965735
-0.654733773842388,0,-6.69209178650067
-0.67499240049212,0,-6.69679805175338
-0.69457240696546,0,-6.70163195359217
-0.713459752244426,0,-6.70658685161689
-0.731641341758737,0,-6.71165473100675
-0.749105079841355,0,-6.7168262017953
-0.76583992598866,0,-6.72209051406305
-0.781835954494491,0,-6.72743558969706
-0.797084416834756,0,-6.73284807119221
-0.811577805985006,0,-6.73831338776896
-0.825309921662792,0,-6.74381583885747
-0.838275935306596,0,-6.74933869474819
-0.850472453439758,0,-6.75486431393719
-0.861897577928296,0,-6.76037427640313
-0.872550961532538,0,-6.76584953174685
-0.882433857080277,0,-6.77127056080931
-0.89154915855972,0,-6.77661754906725
-0.899901432448333,0,-6.78187056979587
-0.907496937662482,0,-6.7870097746946
-0.914343632634319,0,-6.7920155894058
-0.920451168196663,0,-6.79686891112688
-0.925830865181661,0,-6.80155130533636
-0.930495675910501,0,-6.80604519853167
-0.93446012906304,0,-6.8103340638211
-0.937740257759194,0,-6.81440259623066
-0.940353511048344,0,-6.81823687468258
-0.942318649376843,0,-6.82182450777828
-0.943655624974484,0,-6.82515476077232
-0.944385448455557,0,-6.8282186614507
-0.944530043256284,0,-6.83100908301895
-0.94411208981623,0,-6.83352080255161
-0.943154861646939,0,-6.83575053404128
-0.941682055608339,0,-6.83769693559825
-0.939717618827208,0,-6.83936059087302
-0.937285574739333,0,-6.84074396528927
-0.934409850718246,0,-6.84185133816609
-0.931114109671312,0,-6.84268871226301
-0.927421587843978,0,-6.84326370268524
-0.923354940882355,0,-6.84358540743073
-0.918936099972183,0,-6.84366426213707
-0.914186139608635,0,-6.84351188179088
-0.909125158266734,0,-6.84314089229311
-0.903772172946993,0,-6.84256475483279
-0.898145028275257,0,-6.84179758601108
-0.892260320548375,0,-6.84085397658443
-0.886133336846276,0,-6.83974881156558
-0.879778009082584,0,-6.83849709424338
-0.873206882644834,0,-6.83711377646467
-0.866431099084835,0,-6.83561359727381
-0.859460392161665,0,-6.83401093173538
-0.852303096414479,0,-6.83231965148272
-0.844966167348801,0,-6.83055299824608
-0.837455212256732,0,-6.82872347132693
-0.829774530655541,0,-6.82684272970483
-0.821927163317562,0,-6.8249215091957
-0.813914948873353,0,-6.82296955482966
-0.805738586996183,0,-6.82099556838542
-0.797397707215229,0,-6.81900717080997
-0.788890942453871,0,-6.8170108790671
-0.78021600644492,0,-6.81501209679892
-0.771369774233445,0,-6.81301511804925
-0.762348365037646,0,-6.81102314318741
-0.753147226796888,0,-6.80903830608468
-0.743761221791895,0,-6.80706171153111
-0.734184712774151,0,-6.80509348183784
-0.72441164908896,0,-6.80313281154528
-0.714435652319013,0,-6.80117802915145
-0.704250101012787,0,-6.79922666478205
-0.693848214094759,0,-6.79727552274547
-0.683223132582802,0,-6.79532075794766
-0.672367999262766,0,-6.79335795518238
-0.66127603599183,0,-6.79138221036038
-0.649940618321514,0,-6.7893882127942
-0.638355347148866,0,-6.78737032771201
-0.626514117121081,0,-6.78532267823369
-0.614411181535207,0,-6.78323922610344
-0.602041213491342,0,-6.7811138505348
-0.589399363075072,0,-6.77894042458575
-0.576481310363395,0,-6.77671288854276
-0.563283314068257,0,-6.77442531985325
-0.549802255653246,0,-6.77207199920471
-0.536035678782073,0,-6.76964747240749
-0.521981823982288,0,-6.7671466077944
-0.507639658434121,0,-6.76456464890584
-0.493008900822315,0,-6.76189726228293
-0.478090041218178,0,-6.75914058024301
-0.462884355989473,0,-6.75629123856246
-0.447393917767093,0,-6.75334640903958
-0.431621600529221,0,-6.75030382695662
-0.415571079895492,0,-6.74716181350315
-0.399246828755312,0,-6.74391929326326
-0.382654108385314,0,-6.74057580690655
-0.36579895524066,0,-6.73713151925612
-0.34868816363307,0,-6.73358722293657
-0.331329264534577,0,-6.72994433783057
-0.313730500769792,0,-6.72620490659367
-0.295900798880559,0,-6.7223715864938
-0.277849737964898,0,-6.71844763785411
-0.25958751580688,0,-6.7144369093855
-0.241124912625477,0,-6.71034382069895
-0.222473252778155,0,-6.70617334228686
-0.203644364759226,0,-6.70193097325858
-0.184650539833614,0,-6.69762271710744
-0.165504489643927,0,-6.69325505577617
-0.146219303122634,0,-6.68883492227454
-0.126808403032085,0,-6.68436967208788
-0.107285502443182,0,-6.67986705359903
-0.0876645614491576,0,-6.6753351777284
-0.0679597443944377,0,-6.67078248697946
-0.0481853778802405,0,-6.66621772405856
-0.0283559097888894,0,-6.66164990022053
-0.00848586954804728,0,-6.65708826347444
0.0114101701654297,0,-6.65254226676809
0.0313176301041726,0,-6.64802153625428
0.0512219593556193,0,-6.64353583972909
0.0711086683398299,0,-6.63909505531976
0.0909633597869696,0,-6.63470914048898
0.110771757602253,0,-6.63038810141376
0.130519733545985,0,-6.62614196278876
0.150193331675125,0,-6.62198073809813
0.169778790510573,0,-6.61791440039473
0.189262562910935,0,-6.61395285362203
0.208631333648919,0,-6.61010590451118
0.227872034700561,0,-6.60638323508456
0.246971858270435,0,-6.60279437579592
0.265918267587649,0,-6.59934867933752
0.28469900551795,0,-6.59605529514505
0.303302101046604,0,-6.59292314463241
0.321715873695064,0,-6.58996089718953
0.33992893594178,0,-6.58717694697864
0.357930193723912,0,-6.58457939056557
0.375708845102385,0,-6.58217600542524
0.393254377177567,0,-6.57997422936204
0.410556561347065,0,-6.57798114088787
0.427605447000722,0,-6.57620344060252
0.444391353751161,0,-6.57464743362248
0.460904862300842,0,-6.57331901310579
0.477136804049107,0,-6.57222364492154
0.493078249544766,0,-6.57136635351356
0.508720495891627,0,-6.57075170900822
0.524055053216197,0,-6.5703838156163
0.539073630308549,0,-6.57026630137826
0.553768119548943,0,-6.57040230930134
0.568130581234287,0,-6.57079448993552
0.582153227420355,0,-6.57144499543289
0.595828405397135,0,-6.57235547513228
0.609148580916383,0,-6.57352707270761
0.622106321292048,0,-6.5749604249137
0.634694278495739,0,-6.57665566195856
0.646905172370775,0,-6.57861240952503
0.658731774089664,0,-6.58082979245768
0.670166889980894,0,-6.58330644012308
0.681203345851508,0,-6.58604049344265
0.691833971932417,0,-6.58902961358744
0.702051588573286,0,-6.59227099231269
0.711848992813124,0,-6.59576136389829
0.721218945951227,0,-6.59949701864781
0.730154162241214,0,-6.60347381788418
0.738647298827863,0,-6.60768721036483
0.746690947042608,0,-6.6121322500224
0.754277625168462,0,-6.6168036149201
0.761399772779092,0,-6.62169562729254
0.768049746749617,0,-6.62680227452425
0.774219819028004,0,-6.6321172308995
0.779902176246432,0,-6.63763387993759
0.785088921240742,0,-6.64334533710986
0.789772076534119,0,-6.64924447271599
0.793943589827935,0,-6.65532393468057
0.797595341528379,0,-6.66157617101542
0.800719154322625,0,-6.66799345167919
0.803306804802767,0,-6.67456788955508
0.805350037120038,0,-6.68129146025855
0.806840578636006,0,-6.68815602048241
0.80777015752207,0,-6.69515332458511
0.808130522244075,0,-6.70227503913154
0.807913462855405,0,-6.70951275510292
0.807110834010103,0,-6.71685799750572
0.805714579597583,0,-6.72430223212734
0.803716758893106,0,-6.73183686921032
0.801109574113393,0,-6.73945326384602
0.797885399264994,0,-6.74714271292415
0.794036810174382,0,-6.75489644851533
0.789556615593669,0,-6.76270562761004
0.784437889283992,0,-6.77056131818921
0.778674002990198,0,-6.77845448165787
0.772258660234851,0,-6.78637595173391
0.765185930876933,0,-6.79431640994878
0.757450286399977,0,-6.80226635798379
0.74904663591527,0,-6.81021608713572
0.739970362887153,0,-6.81815564527609
0.730217362608773,0,-6.82607480173998
0.719784080476661,0,-6.83396301065054
0.708667551129815,0,-6.84180937325464
0.696865438532751,0,-6.84960259991114
0.684376077090756,0,-6.85733097243517
0.671198513888274,0,-6.86498230755931
0.657332552136658,0,-6.87254392232241
0.642778795904472,0,-6.88000260224048
0.627538696181156,0,-6.88734457314735
0.611614598292489,0,-6.89455547761693
0.595009790643506,0,-6.90162035689084
0.577728554711064,0,-6.90852363923448
0.559776216144468,0,-6.91524913562961
0.541159196758883,0,-6.92178004368137
0.521885067123848,0,-6.9280989605708
0.501962599359396,0,-6.93418790581956
0.481401819656902,0,-6.94002835455115
0.460214059943373,0,-6.94560128183152
0.438412008008917,0,-6.95088721855119
0.41600975532094,0,-6.95586631917189
0.393022841658846,0,-6.96051844150282
0.369468295621079,0,-6.9648232384967
0.345364669991253,0,-6.96876026186534
0.320732070899974,0,-6.97230907711044
0.2955921796896,0,-6.97544938935189
0.269968266384935,0,-6.9781611791153
0.243885193695339,0,-6.98042484701786
0.217369410525679,0,-6.98222136607141
0.190448934056334,0,-6.98353244011001
0.16315331956684,0,-6.98434066665044
0.13551361732317,0,-6.98462970231593
0.107562316023724,0,-6.98438442880005
0.0793332725010654,0,-6.98359111722612
0.0508616276015965,0,-6.98223758867257
0.0221837084086954,0,-6.98031336859062
-0.00666308276939232,0,-6.97780983284174
-0.0356403919642365,0,-6.97472034313082
-0.0647090487219889,0,-6.97104036970748
-0.0938292116951523,0,-6.96676759935297
-0.122960523224576,0,-6.96190202686121
-0.152062271275444,0,-6.95644602845574
-0.181093556912652,0,-6.95040441585604
-0.210013465359317,0,-6.9437844700087
-0.238781238583228,0,-6.93659595382488
-0.267356447300808,0,-6.92885110360659
-0.295699160280805,0,-6.9205645991915
-0.323770108869804,0,-6.91175351318967
-0.351530844747317,0,-6.90243724001737
-0.378943889046849,0,-6.89263740574369
-0.405972871146842,0,-6.88237776004789
-0.432582655636127,0,-6.87168405183217
-0.45873945618617,0,-6.86058389024093
-0.484410935309765,0,-6.84910659299982
-0.509566289245888,0,-6.83728302410371
-0.534176317475456,0,-6.82514542295144
-0.558213476635767,0,-6.81272722704823
-0.581651918855845,0,-6.80006289037564
-0.604467514775002,0,-6.78718769946828
-0.626637861727463,0,-6.77413758913927
-0.648142277773188,0,-6.76094895966956
-0.668961782426027,0,-6.74765849712362
-0.689079065073229,0,-6.73430299828311
-0.708478442194275,0,-6.72091920150505
-0.727145804572136,0,-6.70754362461932
-0.745068555747367,0,-6.69421241078546
-0.762235542996285,0,-6.68096118303653
-0.7786369821212,0,-6.66782490805239
-0.794264377325856,0,-6.65483776952869
-0.809110437415757,0,-6.64203305134498
-0.82316898951343,0,-6.62944303058734
-0.836434891416514,0,-6.61709888034911
-0.848903943654339,0,-6.60503058211888
-0.860572802219442,0,-6.59326684746764
-0.871438892866389,0,-6.58183504866801
-0.881500327783872,0,-6.57076115781549
-0.890755825359475,0,-6.5600696939757
-0.899204633671089,0,-6.54978367785002
-0.90684645825608,0,-6.53992459343489
-0.913681394630464,0,-6.53051235614537
-0.91970986595585,0,-6.52156528687963
-0.92493256618268,0,-6.51310009151766
-0.929350408934144,0,-6.50513184537172
-0.932964482336692,0,-6.4976739821381
-0.935776009949973,0,-6.4907382869371
-0.937786317900971,0,-6.48433489307017
-0.938996808284197,0,-6.47847228216878
-0.939408938850738,0,-6.47315728745778
-0.939024208973516,0,-6.46839509990597
-0.93784415184469,0,-6.46418927708682
-0.93587033283178,0,-6.46054175462274
-0.933104353891414,0,-6.45745286013643
-0.929547863914127,0,-6.45492132968075
-0.925202574847932,0,-6.45294432666555
-0.920070283423514,0,-6.45151746334366
-0.914152898278262,0,-6.45063482495938
-0.907452472250292,0,-6.4502889967001
-0.899971239586607,0,-6.45047109362486
-0.891711657779811,0,-6.45117079377284
-0.882676453718624,0,-6.45237637467772
-0.872868673805332,0,-6.45407475353142
-0.862291737660334,0,-6.45625153125233
-0.850949495000085,0,-6.45889104071694
-0.838846285239113,0,-6.46197639941127
-0.82598699933213,0,-6.46548956674729
-0.812377143335076,0,-6.46941140627169
-0.798022903129324,0,-6.47372175296712
-0.782931209715359,0,-6.47839948581346
-0.767109804447291,0,-6.48342260573477
-0.750567303547208,0,-6.48876831900716
-0.733313261206713,0,-6.49441312614641
-0.715358230556976,0,-6.50033291622877
-0.696713821768895,0,-6.50650306652504
-0.677392756530984,0,-6.51289854724887
-0.657408918147879,0,-6.51949403113374
-0.63677739650748,0,-6.52626400746165
-0.61551452717958,0,-6.53318290007184
-0.593637923934849,0,-6.54022518878093
-0.571166504011376,0,-6.54736553354826
-0.548120505506271,0,-6.55457890062527
-0.524521496332252,0,-6.56184068983545
-0.500392374254564,0,-6.56912686204628
-0.475757357610619,0,-6.57641406581646
-0.450641966413022,0,-6.58367976213519
-0.425072993644787,0,-6.59090234611568
-0.399078466672792,0,-6.59806126446531
-0.37268759882966,0,-6.60513712753138
-0.345930731342732,0,-6.61211181471614
-0.318839265920203,0,-6.61896857206825
-0.291445588435506,0,-6.62569210089177
-0.263782984278959,0,-6.63226863626775
-0.235885546068049,0,-6.63868601445784
-0.20778807452131,0,-6.64493372825331
-0.179525973402862,0,-6.65100296944567
-0.15113513953289,0,-6.65688665772484
-0.122651848931038,0,-6.6625794554554
-0.0941126402131289,0,-6.66807776793969
-0.0655541963950603,0,-6.67337972894347
-0.0370132262700943,0,-6.67848517143516
-0.00852634651649448,0,-6.68339558366781
0.0198700343385252,0,-6.68811405091261
0.048139829024732,0,-6.69264518332914
0.076247380703192,0,-6.69699503062852
0.104157567298294,0,-6.70117098434808
0.131835900184087,0,-6.7051816687066
0.159248616542743,0,-6.70903682114642
0.186362764845249,0,-6.71274716378948
0.21314628304458,0,-6.71632426713799
0.239568069216323,0,-6.71978040743513
0.265598044527456,0,-6.72312841916627
0.291207208557359,0,-6.72638154422667
0.316367687132585,0,-6.72955327930668
0.341052772965336,0,-6.73265722305185
0.365236959501886,0,-6.73570692454212
0.388895968488741,0,-6.73871573460403
0.412006771848706,0,-6.74169666142252
0.434547608524518,0,-6.74466223185689
0.456497996992794,0,-6.74762435978913
0.477838744175003,0,-6.75059422274489
0.49855195147448,0,-6.75358214792782
0.518621018649409,0,-6.75659750870002
0.538030646191956,0,-6.75964863242441
0.556766836824678,0,-6.7627427204618
0.574816896648367,0,-6.76588578098571
0.592169436382997,0,-6.76908257514482
0.6088143730381,0,-6.772336576964
0.624742932233233,0,-6.77564994723443
0.639947651266808,0,-6.7790235214991
0.654422382905546,0,-6.78245681209453
0.668162299740872,0,-6.78594802406286
0.681163898836226,0,-6.78949408460128
0.693425006274092,0,-6.79309068556954
0.704944781107012,0,-6.79673233843152
0.715723718126161,0,-6.80041244086513
0.72576364878708,0,-6.8041233541383
0.735067739577679,0,-6.80785649021797
0.743640487080352,0,-6.8116024074574
0.751487708969799,0,-6.81535091359617
0.758616530201754,0,-6.81909117470914
0.765035363685453,0,-6.82281182865911
0.770753884793912,0,-6.82650110154386
0.775782999149831,0,-6.83014692558568
0.780134803229084,0,-6.83373705689097
0.783822537445984,0,-6.83725919151287
0.786860531521455,0,-6.84070107827995
0.789264142083308,0,-6.84405062691272
0.791049682602789,0,-6.84729601003396
0.792234345929152,0,-6.85042575779077
0.792836119839626,0,-6.85342884394296
0.792873696171372,0,-6.85629476243175
0.792366374240482,0,-6.85901359362306
0.791333959377009,0,-6.86157605961526
0.789796657510916,0,-6.8639735682102
0.787774966828944,0,-6.86619824536168
0.785289567584769,0,-6.86824295613416
0.782361211183136,0,-6.87010131441962
0.779010609672638,0,-6.87176768186778
0.775258326771733,0,-6.87323715667936
0.771124671519751,0,-6.87450555308842
0.766629595590985,0,-6.8755693725146
0.761792595237864,0,-6.87642576749576
0.756632618741606,0,-6.87707249961272
0.751167980149016,0,-6.87750789269012
0.745416279965519,0,-6.87773078259779
0.739394333360589,0,-6.87774046498786
0.733118106325708,0,-6.87753664228233
0.726602660109956,0,-6.87711937117768
0.719862104146895,0,-6.87648901185786
0.712909557580951,0,-6.87564618000892
0.70575711940366,0,-6.87459170260961
0.698415847121291,0,-6.87332657833707
0.690895743796254,0,-6.87185194327922
0.683205753235614,0,-6.87016904248854
0.675353763040903,0,-6.86827920775102
0.667346615183746,0,-6.86618384178249
0.659190123730948,0,-6.86388440890524
0.650889099309538,0,-6.86138243210581
0.642447379875875,0,-6.85867949623174
0.633867867332255,0,-6.85577725695428
0.625152569518324,0,-6.85267745500776
0.616302647092158,0,-6.84938193511625
0.607318464806223,0,-6.84589266893543
0.598199646675961,0,-6.84221178127382
0.588945134533043,0,-6.83834157881233
0.57955324945103,0,-6.83428458051498
0.570021755528343,0,-6.83004354891616
0.560347925512078,0,-6.82562152148028
0.550528607746571,0,-6.8210218412568
0.540560293933125,0,-6.81624818609578
0.530439187192296,0,-6.81130459574587
0.520161269928049,0,-6.8061954962241
0.509722371004406,0,-6.80092572092494
0.499118231760177,0,-6.79550052802121
0.488344570406416,0,-6.78992561380027
0.477397144374362,0,-6.78420712167243
0.4662718102089,0,-6.77835164668344
0.454964580634037,0,-6.77236623545595
0.443471678451943,0,-6.76625838157493
0.431789586975708,0,-6.76003601651727
0.419915096737263,0,-6.75370749630368
0.40784534825551,0,-6.74728158412161
0.395577870694738,0,-6.74076742922886
0.383110616289084,0,-6.73417454249901
0.370441990454479,0,-6.7275127690106
0.35757087755414,0,-6.72079225811228
0.344496662326726,0,-6.71402343141628
0.331219247026894,0,-6.70721694918157
0.317739064365619,0,-6.70038367554855
0.304057086371658,0,-6.69353464307785
0.290174829325704,0,-6.6866810170286
0.276094354944557,0,-6.67983405978769
0.261818268014089,0,-6.67300509583114
0.247349710686656,0,-6.66620547756393
0.232692353670992,0,-6.65944655234579
0.217850384550894,0,-6.65273963096928
0.202828493472975,0,-6.64609595781335
0.187631856444149,0,-6.63952668285262
0.172266116476505,0,-6.63304283565881
0.156737362811252,0,-6.62665530148933
0.141052108444963,0,-6.62037479951741
0.125217266170863,0,-6.61421186322027
0.10924012333587,0,-6.6081768229069
0.0931283155008571,0,-6.60227979033476
0.0768897991778444,0,-6.59653064533643
0.0605328238036472,0,-6.59093902435163
0.0440659030954897,0,-6.58551431073898
0.0274977859204685,0,-6.58026562672356
0.0108374267978908,0,-6.57520182682181
-0.00590604385845439,0,-6.57033149257401
-0.022723349661767,0,-6.56566292840683
-0.0396050982505419,0,-6.56120415844257
-0.056541811284783,0,-6.55696292406998
-0.0735239543675814,0,-6.55294668209079
-0.0905419668243441,0,-6.54916260325881
-0.107586291275104,0,-6.5456175710317
-0.124647402936922,0,-6.54231818036188
-0.141715838593343,0,-6.53927073635932
-0.158782225166297,0,-6.53648125266753
-0.17583730782281,0,-6.53395544940271
-0.192871977544482,0,-6.53169875051564
-0.209877298082013,0,-6.52971628044615
-0.226844532210308,0,-6.52801285994983
-0.243765167191815,0,-6.52659300098744
-0.26063093934717,0,-6.52546090057745
-0.277433857622826,0,-6.52462043352251
-0.29416622603547,0,-6.52407514393024
-0.310820664862791,0,-6.52382823545859
-0.32739013043977,0,-6.52388256022517
-0.343867933409241,0,-6.52424060632888
-0.360247755265315,0,-6.52490448394106
-0.376523663018506,0,-6.52587590993209
-0.392690121802226,0,-6.52715619100824
-0.40874200523205,0,-6.52874620534272
-0.424674603321912,0,-6.5306463826944
-0.440483627755408,0,-6.53285668301894
-0.456165214305908,0,-6.53537657358838
-0.471715922196445,0,-6.53820500464971
-0.487132730189594,0,-6.54134038366819
-0.502413029198892,0,-6.54478054822041
-0.517554611217268,0,-6.54852273762352
-0.532555654364434,0,-6.5525635634127
-0.547414703864749,0,-6.55689897880819
-0.562130648779711,0,-6.56152424734773
-0.576702694335545,0,-6.56643391089873
-0.591130329706419,0,-6.57162175730867
-0.605413291138085,0,-6.57708078800141
-0.619551520325587,0,-6.58280318588094
-0.633545117992358,0,-6.58878028396346
-0.64739429265713,0,-6.59500253522138
-0.661099304619836,0,-6.6014594841897
-0.674660405248668,0,-6.60813974095385
-0.688077771707948,0,-6.6150309582079
-0.701351437330784,0,-6.62211981214076
-0.714481217912097,0,-6.62939198797403
-0.727466634276456,0,-6.63683217103499
-0.740306831561261,0,-6.64442404430076
-0.753000495749063,0,-6.65215029338993
-0.765545768082527,0,-6.65999262000399
-0.77794015810093,0,-6.66793176482825
-0.790180456146819,0,-6.67594754088771
-0.802262646303745,0,-6.68401887831289
-0.814181820838516,0,-6.69212388140138
-0.825932097331294,0,-6.70023989875898
-0.837506539780541,0,-6.70834360716687
-0.848897085063222,0,-6.71641110964697
-0.860094476209143,0,-6.72441804798412
-0.871088204006808,0,-6.73233972971196
-0.881866458491113,0,-6.74015126928024
-0.892416091865219,0,-6.74782774279745
-0.902722594374467,0,-6.75534435538944
-0.912770084574389,0,-6.76267661983851
-0.922541315313345,0,-6.76980054477682
-0.932017696580212,0,-6.77669283031392
-0.941179336147289,0,-6.78333106859347
-0.950005098668594,0,-6.78969394641251
-0.958472683576878,0,-6.79576144671369
-0.966558721764076,0,-6.80151504549262
-0.974238890637428,0,-6.80693790046414
-0.981488046727876,0,-6.8120150277179
-0.98828037460116,0,-6.81673346257806
-0.994589550400382,0,-6.82108240097308
-1.00038891794799,0,-6.82505331782621
-1.00565167497203,0,-6.82864005929683
-1.01035106671264,0,-6.83183890613283
-1.0144605839257,0,-6.83464860592701
-1.01795416214382,0,-6.83707037269129
-1.02080637899109,0,-6.83910785285321
-1.02299264638199,0,-6.84076705751676
-1.02448939456883,0,-6.84205626158991
-1.0252742452323,0,-6.84298587113655
-1.02532617112796,0,-6.84356826103584
-1.02462564019567,0,-6.84381758570115
-1.02315474249301,0,-6.84374956620313
-1.02089729880913,0,-6.84338125763787
-1.01783895033161,0,-6.84273080096895
-1.01396722925508,0,-6.84181716384368
-1.00927161071672,0,-6.84065987503471
-1.00374354690044,0,-6.83927875719285
-0.997376484553737,0,-6.83769366251881
-0.990165867494495,0,-6.83592421578347
-0.982109125940345,0,-6.83398956885868
-0.973205654664259,0,-6.83190817057846
-0.963456782065191,0,-6.82969755534887
-0.9528657322425,0,-6.8273741534779
-0.941437582082815,0,-6.82495312571904
-0.929179215215315,0,-6.82244822402614
-0.916099274476127,0,-6.8198716800141
-0.902208114256716,0,-6.81723412211898
-0.887517753807678,0,-6.81454452196069
-0.872041832242576,0,-6.81181016993705
-0.855795565650594,0,-6.80903667962535
-0.83879570639555,0,-6.80622802014003
-0.821060504365776,0,-6.80338657519645
-0.802609669656144,0,-6.80051322726322
-0.783464335920866,0,-6.79760746485216
-0.763647023441722,0,-6.79466751069765
-0.743181600817429,0,-6.79169046831852
-0.722093244099829,0,-6.78867248423834
-0.700408392182783,0,-6.78560892296556
-0.678154697289165,0,-6.78249455170681
-0.655360969496861,0,-6.77932373170534
-0.632057114390698,0,-6.7760906130647
-0.608274063116606,0,-6.77278932993535
-0.584043694338527,0,-6.76941419300927
-0.559398747847907,0,-6.76595987638357
-0.534372729839678,0,-6.76242159601715
-0.508999810137377,0,-6.75879527721071
-0.483314711913039,0,-6.75507770878656
-0.457352594695512,0,-6.75126668192494
-0.431148931685372,0,-6.74736111192217
-0.404739382588509,0,-6.74336114146604
-0.378159663338098,0,-6.73926822436829
-0.351445414191949,0,-6.73508518904488
-0.324632067766845,0,-6.73081628138469
-0.297754718602605,0,-6.72646718698883
-0.270847995837089,0,-6.72204503308878
-0.243945940521395,0,-6.71755837075592
-0.217081889015486,0,-6.71301713829203
-0.190288363782857,0,-6.70843260693538
-0.163596972753695,0,-6.70381731022729
-0.137038318255035,0,-6.69918495855594
-0.110641916319467,0,-6.69455034052812
-0.0844361269869716,0,-6.68992921291378
-0.0584480960132042,0,-6.6853381809651
-0.032703708197228,0,-6.68079457093192
-0.00722755234732497,0,-6.67631629658215
0.0179571022807917,0,-6.67192172149205
0.0428283184096737,0,-6.66762951880131
0.0673654925203362,0,-6.66345853003444
0.0915493466132573,0,-6.65942762447929
0.11536191069232,0,-6.6555555604877
0.138786496809157,0,-6.65186084992815
0.161807665579966,0,-6.64836162687879
0.184411186141259,0,-6.6450755215055
0.206583990546068,0,-6.64201953992673
0.228314123619017,0,-6.63920995072803
0.249590689288948,0,-6.63666217865652
0.270403794402984,0,-6.63439070590125
0.290744490998113,0,-6.63240898125133
0.31060471796703,0,-6.63072933732064
0.329977243006199,0,-6.62936291593705
0.348855605677366,0,-6.62831960171537
0.367234062350938,0,-6.62760796376779
0.385107533731985,0,-6.62723520545182
0.402471555598676,0,-6.62720712201448
0.419322233309725,0,-6.62752806596183
0.435656200562904,0,-6.62820091996326
0.451470582811795,0,-6.62922707709076
0.466762965673172,0,-6.63060642819242
0.48153136858333,0,-6.63233735620589
0.495774223888617,0,-6.6344167372308
0.509490361483712,0,-6.63683994819668
0.522678999040679,0,-6.6396008809848
0.535339737802961,0,-6.64269196288626
0.547472563850809,0,-6.64610418330384
0.559077854678772,0,-6.64982712662939
0.570156390861118,0,-6.6538490112519
0.580709372517774,0,-6.65815673467118
0.590738440231878,0,-6.66273592470764
0.600245700009927,0,-6.66757099680896
0.60923375181739,0,-6.67264521745771
0.617705721166931,0,-6.67794077367987
0.625665293183224,0,-6.68343884864115
0.633116748518752,0,-6.68911970329553
0.64006500044953,0,-6.69496276401845
0.646515632439196,0,-6.7009467161136
0.652474935425682,0,-6.70704960302988
0.657949944057575,0,-6.71324893106066
0.662948471088712,0,-6.71952177922493
0.667479139130633,0,-6.72584491394727
0.671551408964613,0,-6.73219490806378
0.675175603629221,0,-6.73854826358571
0.678362927526696,0,-6.74488153755213
0.6811254798329,0,-6.7511714702023
0.683476261551639,0,-6.75739511459804
0.685429175625065,0,-6.7635299667303
0.686999019597548,0,-6.76955409505621
0.688201470430138,0,-6.77544626833471
0.689053061175615,0,-6.78118608056551
0.689571149348376,0,-6.7867540717899
0.689773876956914,0,-6.79213184348572
0.689680122306968,0,-6.79730216728565
0.689309443827282,0,-6.80224908576954
0.688682016314119,0,-6.80695800412885
0.687818560131419,0,-6.81141577157561
0.686740264037101,0,-6.81561075146861
0.685468702428634,0,-6.81953287925528
0.68402574790912,0,-6.82317370747579
0.682433480165475,0,-6.82652643724479
0.680714092220086,0,-6.82958593581052
0.678889795164332,0,-6.83234873998755
0.676982722505212,0,-6.834813045463
0.675014835254245,0,-6.83697868218076
0.673007828861035,0,-6.83884707621015
0.670983043043305,0,-6.84042119869778
0.668961375492638,0,-6.84170550268084
0.666963200342916,0,-6.84270584870079
0.665008292179695,0,-6.84342942029625
0.663115756246915,0,-6.84388463056854
0.661303965376046,0,-6.84408102110203
0.659590504026254,0,-6.84402915458216
0.657992119685868,0,-6.84374050248706
0.656524681749484,0,-6.84322732923502
0.655203147854538,0,-6.84250257415043
0.654041537539268,0,-6.84157973256784
0.653052912973155,0,-6.84047273733069
0.652249366413149,0,-6.83919584185973
0.651642013955561,0,-6.83776350587109
0.65124099508546,0,-6.83619028471794
0.651055477472918,0,-6.8344907232159
0.651093666428383,0,-6.83267925469537
0.651362818407255,0,-6.83077010590507
0.651869257945411,0,-6.82877720827441
0.652618397411825,0,-6.82671411592968
0.653614758980004,0,-6.82459393075234
0.65486199824536,0,-6.82242923466843
0.656362928949144,0,-6.82023202926826
0.65811954830955,0,-6.81801368277421
0.660133062505651,0,-6.81578488430391
0.662403911908353,0,-6.81355560531507
0.664931795703331,0,-6.81133506806711
0.667715695602728,0,-6.80913172089318
0.670753898394124,0,-6.806953220043
0.674044017126239,0,-6.80480641783251
0.67758301078009,0,-6.80269735681822
0.681367202321423,0,-6.80063126970327
0.685392295074734,0,-6.79861258467586
0.68965338740071,0,-6.79664493587937
0.69414498569731,0,-6.79473117871563
0.698861015779728,0,-6.79287340968707
0.703794832726241,0,-6.79107299049037
0.708939229305216,0,-6.78933057608167
0.714286443123645,0,-6.78764614644134
0.719828162659217,0,-6.78601904177445
0.725555532356554,0,-6.78444800089003
0.731459156983585,0,-6.78293120250862
0.737529105456445,0,-6.7814663092521
0.743754914350697,0,-6.78005051407313
0.750125591323179,0,-6.77868058888276
0.756629618672442,0,-6.77735293513386
0.763254957266637,0,-6.77606363611601
0.769989051065773,0,-6.77480851071242
0.776818832460631,0,-6.77358316836393
0.783730728643257,0,-6.77238306497679
0.790710669213889,0,-6.77120355950231
0.797744095216476,0,-6.77003997090609
0.804815969779594,0,-6.76888763523385
0.811910790521701,0,-6.76774196246955
0.819012603859367,0,-6.76659849287065
0.826105021334395,0,-6.76545295245418
0.833171238050969,0,-6.76430130729822
0.840194053287087,0,-6.76313981631417
0.84715589331597,0,-6.7619650821393
0.854038836443095,0,-6.76077409979379
0.860824640233293,0,-6.7595643027452
0.867494770870358,0,-6.75833360602392
0.874030434559319,0,-6.75708044603742
0.880412610849226,0,-6.75580381673915
0.886622087722619,0,-6.75450330181904
0.89263949826729,0,-6.75317910259816
0.898445358716868,0,-6.75183206132942
0.904020107619965,0,-6.75046367962917
0.909344145873423,0,-6.74907613179199
0.914397877334261,0,-6.74767227277157
0.919161749707738,0,-6.74625564064479
0.92361629539584,0,-6.74483045341391
0.927742171982169,0,-6.74340160004151
0.931520202025757,0,-6.74197462565599
0.934931411838177,0,-6.74055571090933
0.937957068925709,0,-6.73915164551521
0.940578717791329,0,-6.73776979604152
0.942778213809908,0,-6.7364180680787
0.944537754914269,0,-6.73510486295111
0.945839910859443,0,-6.73383902918444
0.946667649867155,0,-6.73262980898581
0.947004362492174,0,-6.73148678003506
0.946833882595741,0,-6.73041979292499
0.94614050535875,0,-6.72943890462461
0.944909002317479,0,-6.72855430837256
0.943124633457007,0,-6.72777626043738
0.940773156451091,0,-6.72711500420692
0.937840833191075,0,-6.72658069209145
0.934314433799735,0,-6.72618330574284
0.930181238377507,0,-6.72593257510677
0.925429036777521,0,-6.72583789683551
0.92004612675111,0,-6.7259082525964
0.914021310846148,0,-6.72615212781508
0.907343892475724,0,-6.72657743139439
0.900003671603331,0,-6.72719141694845
0.891990940512309,0,-6.72800060608863
0.883296480141087,0,-6.7290107142932
0.873911557471008,0,-6.73022657988615
0.863827924450072,0,-6.73165209664336
0.85303781892334,0,-6.73329015053593
0.841533968018861,0,-6.73514256111152
0.829309594406835,0,-6.73721002800428
0.816358425809448,0,-6.7394920830537
0.802674708089686,0,-6.74198704850069
0.788253222189857,0,-6.74469200171614
0.773089305125179,0,-6.74760274690261
0.757178875165266,0,-6.7507137941924
0.740518461257573,0,-6.75401834654576
0.723105236662705,0,-6.75750829482877
0.704937056683288,0,-6.76117422142317
0.686012500276819,0,-6.76500541268653
0.666330915250039,0,-6.76898988054256
0.645892466639315,0,-6.77311439343484
0.624698187789813,0,-6.7773645168242
0.602750033557589,0,-6.78172466334796
0.580050934974651,0,-6.78617815268945
0.556604854639673,0,-6.79070728112712
0.532416842027783,0,-6.79529340064515
0.507493087853805,0,-6.79991700739127
0.481840976576158,0,-6.80455783916405
0.455469136095038,0,-6.80919498150157
0.428387483680238,0,-6.81380698182739
0.400607267162239,0,-6.81837197099099
0.372141100436318,0,-6.82286779141891
0.343002992364288,0,-6.82727213097363
0.313208368212458,0,-6.8315626615014
0.282774082837644,0,-6.83571718094178
0.251718424925215,0,-6.83971375777269
0.220061111693198,0,-6.84353087647957
0.187823273602981,0,-6.84714758266754
0.155027428758088,0,-6.85054362638592
0.121697446825276,0,-6.85369960220548
0.0878585024738616,0,-6.85659708458446
0.0535370184962194,0,-6.85921875707978
0.0187605989409377,0,-6.86154853400645
-0.0164420472436584,0,-6.86357167322097
-0.0520411913981609,0,-6.86527487880239
-0.0880061783661761,0,-6.86664639252678
-0.124305526792029,0,-6.86767607317377
-0.160907035442741,0,-6.86835546286612
-0.197777894398007,0,-6.86867783981933
-0.234884799877732,0,-6.86863825706566
-0.272194071426989,0,-6.8682335669105
-0.309671770153804,0,-6.86746243107363
-0.347283816716138,0,-6.86632531666015
-0.384996107780118,0,-6.86482447829021
-0.422774629720601,0,-6.86296392688972
-0.460585568405628,0,-6.86074938580222
-0.498395413995636,0,-6.85818823502197
-0.536171059793617,0,-6.85528944446764
-0.57387989430048,0,-6.85206349731399
-0.611489885757434,0,-6.84852230447318
-0.648969658590824,0,-6.84467911136912
-0.686288561311321,0,-6.84054839817784
-0.723416725555637,0,-6.83614577471374
-0.760325116092171,0,-6.83148787113003
-0.796985571739867,0,-6.82659222557105
-0.833370837269925,0,-6.82147716986805
-0.869454586471316,0,-6.81616171431104
-0.905211436662014,0,-6.81066543245886
-0.940616955017691,0,-6.80500834687139
-0.975647657167857,0,-6.79921081656356
-1.01028099857584,0,-6.79329342689301
-1.04449535927393,0,-6.78727688250442
-1.0782700225687,0,-6.78118190386457
-1.1115851483645,0,-6.77502912783642
-1.14442174177628,0,-6.76883901265747
-1.17676161771694,0,-6.76263174761025
-1.20858736215014,0,-6.75642716760068
-1.23988229069784,0,-6.75024467279496
-1.27063040528383,0,-6.74410315340704
-1.3008163494805,0,-6.73802091967805
-1.33042536320758,0,-6.73201563704561
-1.35944323740831,0,-6.72610426646482
-1.3878562693021,0,-6.72030300981448
-1.41565121878265,0,-6.71462726030057
-1.44281526649848,0,-6.70909155775414
-1.46933597411776,0,-6.70370954871282
-1.49520124724263,0,-6.69849395117219
-1.52039930139964,0,-6.69345652389649
-1.54491863149242,0,-6.68860804018522
-1.56874798506089,0,-6.68395826600379
-1.59187633964772,0,-6.67951594240088
-1.61429288452771,0,-6.67528877215261
-1.6359870070091,0,-6.67128341059238
-1.65694828346763,0,-6.66750546060523
-1.67716647522438,0,-6.66395947178562
-1.69663152932721,0,-6.66064894377672
-1.71533358424288,0,-6.65757633382681
-1.73326298041267,0,-6.65474306861398
-1.75041027556911,0,-6.65214956040145
-1.76676626465514,0,-6.64979522759419
-1.78232200413032,0,-6.6476785197695
-1.79706884039128,0,-6.64579694725165
-1.81099844197728,0,-6.64414711529112
-1.82410283517561,0,-6.64272476289282
-1.83637444258773,0,-6.64152480631408
-1.84780612416535,0,-6.64054138722249
-1.85839122017784,0,-6.63976792546493
-1.86812359552839,0,-6.63919717635361
-1.87699768479883,0,-6.63882129232209
-1.8850085373714,0,-6.63863188874552
-1.89215186195266,0,-6.63862011365491
-1.89842406980971,0,-6.63877672100743
-1.90382231602518,0,-6.63909214710332
-1.90834453808281,0,-6.63955658966893
-1.91198949111382,0,-6.6401600890542
-1.91475677916392,0,-6.64089261092563
-1.91664688188315,0,-6.64174412977311
-1.91766117609471,0,-6.64270471249436
-1.91780195176488,0,-6.64376460127539
-1.91707242197334,0,-6.64491429495132
-1.91547672656924,0,-6.64614462801179
-1.91301992929354,0,-6.64744684640941
-1.90970800824867,0,-6.64881267933981
-1.90554783970194,0,-6.65023440618862
-1.90054717531577,0,-6.6517049178835
-1.89471461300384,0,-6.65321777194873
-1.88805956171503,0,-6.65476724063384
-1.88059220054324,0,-6.65634835157546
-1.87232343265017,0,-6.65795692055073
-1.86326483456552,0,-6.65958957598889
-1.85342860149514,0,-6.6612437750223
-1.84282748931912,0,-6.6629178109764
-1.83147475399922,0,-6.66461081231697
-1.81938408913684,0,-6.66632273318903
-1.8065695624294,0,-6.66805433579301
-1.79304555176441,0,-6.6698071649471
-1.7788266816684,0,-6.67158351527776
-1.76392776079284,0,-6.67338639156188
-1.74836372107248,0,-6.67521946281229
-1.73214955913599,0,-6.67708701075269
-1.71530028048534,0,-6.67899387336752
