-5.324948465932933139e+00,0.000000000000000000e+00,-9.184296766271786705e-01
-5.322202170882620820e+00,0.000000000000000000e+00,-9.448583501187475253e-01
-5.316267663692152645e+00,0.000000000000000000e+00,-9.974934689642432906e-01
-5.306603124853817022e+00,0.000000000000000000e+00,-1.076403315774123515e+00
-5.292622670334245605e+00,0.000000000000000000e+00,-1.181887248796712253e+00
-5.273663123781492601e+00,0.000000000000000000e+00,-1.314135738905542805e+00
-5.248895796035395023e+00,0.000000000000000000e+00,-1.472986500565945711e+00
-5.217309643616851567e+00,0.000000000000000000e+00,-1.658277770581650490e+00
-5.177870291732544317e+00,0.000000000000000000e+00,-1.870270797524082873e+00
-5.129561802363831191e+00,0.000000000000000000e+00,-2.108919916931989658e+00
-5.070899713815668619e+00,0.000000000000000000e+00,-2.373112188496836694e+00
-4.999485764898992990e+00,0.000000000000000000e+00,-2.661944620921041782e+00
-4.912505145192175071e+00,0.000000000000000000e+00,-2.976037380092297457e+00
-4.806616846924540276e+00,0.000000000000000000e+00,-3.314230996247689465e+00
-4.676005196987017776e+00,0.000000000000000000e+00,-3.673906729212456757e+00
-4.515635652353714669e+00,0.000000000000000000e+00,-4.057306368873012659e+00
-4.317785055301003538e+00,0.000000000000000000e+00,-4.451268277033985754e+00
-4.072671519465571599e+00,0.000000000000000000e+00,-4.837915120644904476e+00
-3.799633045836908973e+00,0.000000000000000000e+00,-5.227221871941800657e+00
-3.500684153767243956e+00,0.000000000000000000e+00,-5.611024472273472341e+00
-3.171088193339954397e+00,0.000000000000000000e+00,-5.978989798111644660e+00
-2.796338023098254411e+00,0.000000000000000000e+00,-6.302002104950615191e+00
-2.365988044708962068e+00,0.000000000000000000e+00,-6.546937115868028734e+00
-1.888714743038281352e+00,0.000000000000000000e+00,-6.696174785598214996e+00
-1.382226286727376907e+00,0.000000000000000000e+00,-6.737020754676198209e+00
-8.715896575793544709e-01,0.000000000000000000e+00,-6.715847524986688022e+00
-3.736111896399006427e-01,0.000000000000000000e+00,-6.639056165179638924e+00
1.085455902662794681e-01,0.000000000000000000e+00,-6.531592581150214905e+00
5.660893882316020420e-01,0.000000000000000000e+00,-6.434014181782308661e+00
1.009288592267943541e+00,0.000000000000000000e+00,-6.335023446721860907e+00
1.438991310295377080e+00,0.000000000000000000e+00,-6.240484827891274122e+00
1.853529622316826497e+00,0.000000000000000000e+00,-6.141196217376460709e+00
2.237953179413780802e+00,0.000000000000000000e+00,-6.018833679702497719e+00
2.606042250903644053e+00,0.000000000000000000e+00,-5.914559871657161239e+00
2.950594440088465387e+00,0.000000000000000000e+00,-5.806782337266404248e+00
3.283647909069102866e+00,0.000000000000000000e+00,-5.706034399402628132e+00
3.605989163643836815e+00,0.000000000000000000e+00,-5.611438263533218063e+00
3.915691495357925600e+00,0.000000000000000000e+00,-5.527153768173882931e+00
4.192116784810440144e+00,0.000000000000000000e+00,-5.431000264461089522e+00
4.409034456588235784e+00,0.000000000000000000e+00,-5.311742864508064876e+00
4.569664295637831053e+00,0.000000000000000000e+00,-5.177077405969496837e+00
4.710890209449195787e+00,0.000000000000000000e+00,-5.061873238439075884e+00
4.831829914912353807e+00,0.000000000000000000e+00,-4.959735271683282321e+00
4.929991501114352026e+00,0.000000000000000000e+00,-4.867652624206987078e+00
4.998054312777982844e+00,0.000000000000000000e+00,-4.778170174916133384e+00
5.038881137791943132e+00,0.000000000000000000e+00,-4.687351309596749616e+00
5.060366770935136316e+00,0.000000000000000000e+00,-4.597011282614018590e+00
5.070218098135216067e+00,0.000000000000000000e+00,-4.511549788721346488e+00
5.077574866458935965e+00,0.000000000000000000e+00,-4.439697278607837916e+00
5.081913824741354446e+00,0.000000000000000000e+00,-4.384426638840853485e+00
5.082250519966458491e+00,0.000000000000000000e+00,-4.345653782370072271e+00
5.078995382798316527e+00,0.000000000000000000e+00,-4.324029138717422782e+00
5.073023745507863502e+00,0.000000000000000000e+00,-4.321516685426838755e+00
5.064375844177933850e+00,0.000000000000000000e+00,-4.339387494217741725e+00
5.052391237135553936e+00,0.000000000000000000e+00,-4.377669618237670868e+00
5.035681378126105834e+00,0.000000000000000000e+00,-4.435244411949117449e+00
5.011627767511373399e+00,0.000000000000000000e+00,-4.509551743419375036e+00
4.975982205147180260e+00,0.000000000000000000e+00,-4.595849802938390738e+00
4.925749178719902588e+00,0.000000000000000000e+00,-4.688188540620584988e+00
4.861664100004294831e+00,0.000000000000000000e+00,-4.784925910957799289e+00
4.782449662005052282e+00,0.000000000000000000e+00,-4.889313379225587397e+00
4.683175116076223610e+00,0.000000000000000000e+00,-4.999568202532826078e+00
4.564329255803811769e+00,0.000000000000000000e+00,-5.118975007333236960e+00
4.429770731184792254e+00,0.000000000000000000e+00,-5.251505581081767460e+00
4.275889352719789649e+00,0.000000000000000000e+00,-5.394505849850951940e+00
4.094677084150529112e+00,0.000000000000000000e+00,-5.544226930573374901e+00
3.872287553747828959e+00,0.000000000000000000e+00,-5.683566454364600951e+00
3.602467208773294072e+00,0.000000000000000000e+00,-5.794721940557148621e+00
3.303846054986591341e+00,0.000000000000000000e+00,-5.890193065548554152e+00
2.994670701182319927e+00,0.000000000000000000e+00,-5.987296494655756973e+00
2.677154590721257943e+00,0.000000000000000000e+00,-6.082522023438119874e+00
2.353244964002068063e+00,0.000000000000000000e+00,-6.173332933316899584e+00
2.023935501455988106e+00,0.000000000000000000e+00,-6.263920045311325957e+00
1.687187874115982922e+00,0.000000000000000000e+00,-6.352364452063309130e+00
1.341087169625728492e+00,0.000000000000000000e+00,-6.441848828095474211e+00
9.876869386576809795e-01,0.000000000000000000e+00,-6.533708588417015406e+00
6.288043018204052537e-01,0.000000000000000000e+00,-6.624207177332216645e+00
2.655013623682156432e-01,0.000000000000000000e+00,-6.709962414290947308e+00
-1.000990476775094895e-01,0.000000000000000000e+00,-6.788922639255210889e+00
-4.667152161601151872e-01,0.000000000000000000e+00,-6.846031337789420412e+00
-8.363511131335921167e-01,0.000000000000000000e+00,-6.869409391537941723e+00
-1.204860034159362492e+00,0.000000000000000000e+00,-6.859469383887146776e+00
-1.564012219553659211e+00,0.000000000000000000e+00,-6.802671161274247424e+00
-1.903560975090018648e+00,0.000000000000000000e+00,-6.702283814039407872e+00
-2.221428465987883794e+00,0.000000000000000000e+00,-6.571820899697703666e+00
-2.518245290935062997e+00,0.000000000000000000e+00,-6.418467394979063378e+00
-2.797326078857709675e+00,0.000000000000000000e+00,-6.254622835651889368e+00
-3.057944484060397983e+00,0.000000000000000000e+00,-6.082697103623270429e+00
-3.298567301629385717e+00,0.000000000000000000e+00,-5.906135503883269244e+00
-3.518101184862012953e+00,0.000000000000000000e+00,-5.729978908276272875e+00
-3.713599183520599034e+00,0.000000000000000000e+00,-5.554663730572598546e+00
-3.883178835516017724e+00,0.000000000000000000e+00,-5.383571452557508685e+00
-4.029372140532717417e+00,0.000000000000000000e+00,-5.223600476297538542e+00
-4.154244674855485542e+00,0.000000000000000000e+00,-5.077794324978015084e+00
-4.259319656080955419e+00,0.000000000000000000e+00,-4.949169468275917083e+00
-4.348022816965613657e+00,0.000000000000000000e+00,-4.841125128686336154e+00
-4.423282351417041625e+00,0.000000000000000000e+00,-4.754564867939331307e+00
-4.485962428913129685e+00,0.000000000000000000e+00,-4.689391386403525708e+00
-4.536226929637319216e+00,0.000000000000000000e+00,-4.645585781713567286e+00
-4.574723635789812448e+00,0.000000000000000000e+00,-4.622869583238771618e+00
-4.602415101028999977e+00,0.000000000000000000e+00,-4.620892104387571031e+00
-4.619932413309151720e+00,0.000000000000000000e+00,-4.639535613153215721e+00
-4.626750364277047112e+00,0.000000000000000000e+00,-4.678264175282380144e+00
-4.620564381021563527e+00,0.000000000000000000e+00,-4.735590365933209256e+00
-4.598660711566998849e+00,0.000000000000000000e+00,-4.810376864754919879e+00
-4.561181871274045285e+00,0.000000000000000000e+00,-4.903082251386369883e+00
-4.507917609273997428e+00,0.000000000000000000e+00,-5.012260401269602816e+00
-4.434922027992364235e+00,0.000000000000000000e+00,-5.133624318032416589e+00
-4.339679986319408656e+00,0.000000000000000000e+00,-5.263561827906276136e+00
-4.224439562395141401e+00,0.000000000000000000e+00,-5.400171720433594835e+00
-4.089163486486611099e+00,0.000000000000000000e+00,-5.539987560163859293e+00
-3.934068794425749971e+00,0.000000000000000000e+00,-5.680913394773336123e+00
-3.760173014215323128e+00,0.000000000000000000e+00,-5.821518031649151048e+00
-3.569752428283727852e+00,0.000000000000000000e+00,-5.961208857686560947e+00
-3.363919673250900466e+00,0.000000000000000000e+00,-6.097153774137459514e+00
-3.143892952167531174e+00,0.000000000000000000e+00,-6.226439518615032753e+00
-2.912295149720383503e+00,0.000000000000000000e+00,-6.349430138810710389e+00
-2.668964577119196324e+00,0.000000000000000000e+00,-6.460710740803002672e+00
-2.414706329948087760e+00,0.000000000000000000e+00,-6.555518727083221364e+00
-2.151478939672700097e+00,0.000000000000000000e+00,-6.633916208559144323e+00
-1.881335465792614237e+00,0.000000000000000000e+00,-6.695264437705891858e+00
-1.607136041491414424e+00,0.000000000000000000e+00,-6.741933424168250255e+00
-1.331567108756777085e+00,0.000000000000000000e+00,-6.778616396570392055e+00
-1.054933368121383053e+00,0.000000000000000000e+00,-6.808168128011863551e+00
-7.769873110048667320e-01,0.000000000000000000e+00,-6.831799038452719408e+00
-4.983000546100581629e-01,0.000000000000000000e+00,-6.855652342390894383e+00
-2.194557505614728732e-01,0.000000000000000000e+00,-6.877891450803586437e+00
5.766885492021908699e-02,0.000000000000000000e+00,-6.896268147856735808e+00
3.310567605615262199e-01,0.000000000000000000e+00,-6.911027216231190984e+00
5.992813020084825082e-01,0.000000000000000000e+00,-6.918732227148941760e+00
8.609318508141003967e-01,0.000000000000000000e+00,-6.915290178912299801e+00
1.114321088506976309e+00,0.000000000000000000e+00,-6.896946824229435613e+00
1.356958270860523896e+00,0.000000000000000000e+00,-6.861433495452915921e+00
1.585774889603591919e+00,0.000000000000000000e+00,-6.806814508501293659e+00
1.800490568440978212e+00,0.000000000000000000e+00,-6.740199902674994803e+00
2.000832395543042708e+00,0.000000000000000000e+00,-6.665306071265745480e+00
2.188016823844561642e+00,0.000000000000000000e+00,-6.588211841454546303e+00
2.363603610260206267e+00,0.000000000000000000e+00,-6.513124810883025972e+00
2.528182024509129544e+00,0.000000000000000000e+00,-6.442069714065523200e+00
2.681860708917334968e+00,0.000000000000000000e+00,-6.376189974872227495e+00
2.824883349506932539e+00,0.000000000000000000e+00,-6.316262400115960851e+00
2.957963248119127808e+00,0.000000000000000000e+00,-6.263457409073049043e+00
3.080608285199680552e+00,0.000000000000000000e+00,-6.215757104336244510e+00
3.193146259624946914e+00,0.000000000000000000e+00,-6.171629310169258531e+00
3.296555421175625611e+00,0.000000000000000000e+00,-6.132540759378423800e+00
3.389414405997904556e+00,0.000000000000000000e+00,-6.096462666210078929e+00
3.470255245488266027e+00,0.000000000000000000e+00,-6.061642159381942285e+00
3.539233674163075882e+00,0.000000000000000000e+00,-6.030157194802580278e+00
3.595788695962116588e+00,0.000000000000000000e+00,-6.001767316527442553e+00
3.639606412451863005e+00,0.000000000000000000e+00,-5.975764362420639131e+00
3.671027057046202025e+00,0.000000000000000000e+00,-5.952572514232096879e+00
3.690557660020416186e+00,0.000000000000000000e+00,-5.933205500342297434e+00
3.698383197162898206e+00,0.000000000000000000e+00,-5.918870811324167924e+00
3.693228290760185217e+00,0.000000000000000000e+00,-5.908602732064309748e+00
3.674165244219034676e+00,0.000000000000000000e+00,-5.902458252585407017e+00
3.641502641646185534e+00,0.000000000000000000e+00,-5.902057761968892535e+00
3.594077994385835417e+00,0.000000000000000000e+00,-5.906565912584693656e+00
3.531540007836374340e+00,0.000000000000000000e+00,-5.916720519273007461e+00
3.454671978678078403e+00,0.000000000000000000e+00,-5.933668344887363055e+00
3.363430378001826870e+00,0.000000000000000000e+00,-5.957667444094280285e+00
3.257791806152042557e+00,0.000000000000000000e+00,-5.989513437386891681e+00
3.137694602409106359e+00,0.000000000000000000e+00,-6.029695602217862493e+00
3.003962587834732467e+00,0.000000000000000000e+00,-6.079696194702720824e+00
2.857279414220551761e+00,0.000000000000000000e+00,-6.139385001052010793e+00
2.697119929297485008e+00,0.000000000000000000e+00,-6.207056009625555149e+00
2.524279749027749542e+00,0.000000000000000000e+00,-6.282783009890270165e+00
2.339522024921838916e+00,0.000000000000000000e+00,-6.365298548744457108e+00
2.141624894374607901e+00,0.000000000000000000e+00,-6.451406833049858847e+00
1.930455551783324841e+00,0.000000000000000000e+00,-6.539780986795862283e+00
1.706774775405087263e+00,0.000000000000000000e+00,-6.627689901794486360e+00
1.471212354931554556e+00,0.000000000000000000e+00,-6.711020444895585690e+00
1.226082585594405305e+00,0.000000000000000000e+00,-6.787202049937237192e+00
9.735052627599715125e-01,0.000000000000000000e+00,-6.853977627980411214e+00
7.154986496314390543e-01,0.000000000000000000e+00,-6.909830687159359996e+00
4.535741777886788118e-01,0.000000000000000000e+00,-6.951313595568431758e+00
1.900242318392471597e-01,0.000000000000000000e+00,-6.978361338021834115e+00
-7.248899182092918836e-02,0.000000000000000000e+00,-6.988829329742982210e+00
-3.308387066877112592e-01,0.000000000000000000e+00,-6.981045794843002916e+00
-5.819536521344659263e-01,0.000000000000000000e+00,-6.956138867913048252e+00
-8.230281431156698524e-01,0.000000000000000000e+00,-6.914807031692402184e+00
-1.052517904279508532e+00,0.000000000000000000e+00,-6.859378693584600839e+00
-1.269826510515881024e+00,0.000000000000000000e+00,-6.793285180183123551e+00
-1.474755856942094656e+00,0.000000000000000000e+00,-6.720891642557949908e+00
-1.666391938696970776e+00,0.000000000000000000e+00,-6.644711792542670636e+00
-1.845069770874439907e+00,0.000000000000000000e+00,-6.569834107061518935e+00
-2.011579267726041564e+00,0.000000000000000000e+00,-6.498683475435521828e+00
-2.166079403474175713e+00,0.000000000000000000e+00,-6.432085783359430486e+00
-2.309847082334139934e+00,0.000000000000000000e+00,-6.372403378913747751e+00
-2.443372138853691311e+00,0.000000000000000000e+00,-6.320236848127948726e+00
-2.566296691195697921e+00,0.000000000000000000e+00,-6.275675440591911070e+00
-2.678603970439065840e+00,0.000000000000000000e+00,-6.239271891291113370e+00
-2.780278798526664374e+00,0.000000000000000000e+00,-6.211224639073488873e+00
-2.871425430655087041e+00,0.000000000000000000e+00,-6.191498271249484375e+00
-2.951646420845721153e+00,0.000000000000000000e+00,-6.179072379946232374e+00
-3.020254946670533069e+00,0.000000000000000000e+00,-6.173206915316378662e+00
-3.076509606195839908e+00,0.000000000000000000e+00,-6.173296698805441629e+00
-3.118370979879565574e+00,0.000000000000000000e+00,-6.177057729950615972e+00
-3.143930061919387065e+00,0.000000000000000000e+00,-6.183269005312190814e+00
-3.153277878065707363e+00,0.000000000000000000e+00,-6.192892858736996686e+00
-3.146749353390710269e+00,0.000000000000000000e+00,-6.206462190774103327e+00
-3.124932005544480251e+00,0.000000000000000000e+00,-6.224282310493130410e+00
-3.088952803438199446e+00,0.000000000000000000e+00,-6.246334444491987270e+00
-3.040234838313321752e+00,0.000000000000000000e+00,-6.272783436921196554e+00
-2.979625983508079834e+00,0.000000000000000000e+00,-6.303227673833669442e+00
-2.907132411454837140e+00,0.000000000000000000e+00,-6.336162180861711235e+00
-2.823871208618509598e+00,0.000000000000000000e+00,-6.372023435957188120e+00
-2.731142072109160157e+00,0.000000000000000000e+00,-6.411278176897581282e+00
-2.629657452224652747e+00,0.000000000000000000e+00,-6.452386810222160207e+00
-2.520987005232957046e+00,0.000000000000000000e+00,-6.495376120034745959e+00
-2.406255854849187692e+00,0.000000000000000000e+00,-6.540565082178252609e+00
-2.285687895711888462e+00,0.000000000000000000e+00,-6.586432280524956440e+00
-2.159382131485489520e+00,0.000000000000000000e+00,-6.631933277270527505e+00
-2.027497706502701558e+00,0.000000000000000000e+00,-6.676513101921482729e+00
-1.890491786134816721e+00,0.000000000000000000e+00,-6.719945964187289178e+00
-1.748757281119693197e+00,0.000000000000000000e+00,-6.761592711917900012e+00
-1.602813652475042927e+00,0.000000000000000000e+00,-6.801182691470001096e+00
-1.453138762016414898e+00,0.000000000000000000e+00,-6.839319525994457472e+00
-1.299705693684928276e+00,0.000000000000000000e+00,-6.874091892950613847e+00
-1.142698530460332318e+00,0.000000000000000000e+00,-6.904130170511884046e+00
-9.825949904125413914e-01,0.000000000000000000e+00,-6.929349208932115367e+00
-8.200630389198967363e-01,0.000000000000000000e+00,-6.948872052235954833e+00
-6.560748865542626040e-01,0.000000000000000000e+00,-6.962914470239903508e+00
-4.915379857065239055e-01,0.000000000000000000e+00,-6.972497889301448204e+00
-3.265616138837512672e-01,0.000000000000000000e+00,-6.978124268803859387e+00
-1.603929529865011916e-01,0.000000000000000000e+00,-6.977825247879899884e+00
7.884679669656405321e-03,0.000000000000000000e+00,-6.972726983928351885e+00
1.783428087513796445e-01,0.000000000000000000e+00,-6.964086764430936327e+00
3.507752337026844858e-01,0.000000000000000000e+00,-6.951853817749116260e+00
5.243359166686514250e-01,0.000000000000000000e+00,-6.937855155566214016e+00
6.981831946064208649e-01,0.000000000000000000e+00,-6.922172049957745266e+00
8.716795911020649434e-01,0.000000000000000000e+00,-6.904167369249931241e+00
1.043875638736597278e+00,0.000000000000000000e+00,-6.883303639479380287e+00
1.213491573875682406e+00,0.000000000000000000e+00,-6.859286979596626033e+00
1.378862932327274304e+00,0.000000000000000000e+00,-6.831915693989079053e+00
1.538408842218324191e+00,0.000000000000000000e+00,-6.801108718884484539e+00
1.691073181287611193e+00,0.000000000000000000e+00,-6.768584316545417146e+00
1.835844112123383054e+00,0.000000000000000000e+00,-6.734811757549294065e+00
1.971795093271251798e+00,0.000000000000000000e+00,-6.699621423083118366e+00
2.098385271372159355e+00,0.000000000000000000e+00,-6.663520599412106726e+00
2.214788460942096027e+00,0.000000000000000000e+00,-6.626089486139881579e+00
2.320090564447277792e+00,0.000000000000000000e+00,-6.587160539631335077e+00
2.413563545115969156e+00,0.000000000000000000e+00,-6.547161193405657720e+00
2.495020406222729470e+00,0.000000000000000000e+00,-6.507338106378607101e+00
2.564412283248839408e+00,0.000000000000000000e+00,-6.468406809264012125e+00
2.621622385021006529e+00,0.000000000000000000e+00,-6.430377974355264037e+00
2.667165897719266709e+00,0.000000000000000000e+00,-6.394817595783518271e+00
2.700894337669564660e+00,0.000000000000000000e+00,-6.362589860498991001e+00
2.721811334973684104e+00,0.000000000000000000e+00,-6.333906794180327537e+00
2.729984159405974609e+00,0.000000000000000000e+00,-6.310900790111100278e+00
2.726000142670489623e+00,0.000000000000000000e+00,-6.295308255194365543e+00
2.710203613861048577e+00,0.000000000000000000e+00,-6.287817198702520649e+00
2.683170685633012198e+00,0.000000000000000000e+00,-6.288810912510618856e+00
2.645446359663509828e+00,0.000000000000000000e+00,-6.298277833456988439e+00
2.597479623110491520e+00,0.000000000000000000e+00,-6.316015491548369276e+00
2.539474319386096468e+00,0.000000000000000000e+00,-6.341306255359885569e+00
2.471587735996549018e+00,0.000000000000000000e+00,-6.373550321978263433e+00
2.394457386475251415e+00,0.000000000000000000e+00,-6.412875690795203809e+00
2.308468333681177320e+00,0.000000000000000000e+00,-6.458647224935655018e+00
2.213540162410920775e+00,0.000000000000000000e+00,-6.509651531834803606e+00
2.109609691766153095e+00,0.000000000000000000e+00,-6.564717494987957203e+00
1.996245268244856153e+00,0.000000000000000000e+00,-6.621803731535332638e+00
1.872579440287337915e+00,0.000000000000000000e+00,-6.678340005768392373e+00
1.737837262775633329e+00,0.000000000000000000e+00,-6.732117658713129060e+00
1.591989010993411391e+00,0.000000000000000000e+00,-6.782222592420454887e+00
1.435865846578567639e+00,0.000000000000000000e+00,-6.828137136922271644e+00
1.270658453087060158e+00,0.000000000000000000e+00,-6.868601700829787049e+00
1.098267671088604125e+00,0.000000000000000000e+00,-6.903611746675592187e+00
9.203132584189234189e-01,0.000000000000000000e+00,-6.932227601879392687e+00
7.379819214685715556e-01,0.000000000000000000e+00,-6.952464091019629144e+00
5.530500615571816159e-01,0.000000000000000000e+00,-6.964595847302921250e+00
3.677113823565887341e-01,0.000000000000000000e+00,-6.969116278744937887e+00
1.843628103372599858e-01,0.000000000000000000e+00,-6.967037563151918356e+00
4.953465280382332581e-03,0.000000000000000000e+00,-6.960145506018252881e+00
-1.692238884560214318e-01,0.000000000000000000e+00,-6.950041620290623001e+00
-3.373963371948232037e-01,0.000000000000000000e+00,-6.937113859029530261e+00
-4.989907409939906557e-01,0.000000000000000000e+00,-6.921323333605700512e+00
-6.539523317311767281e-01,0.000000000000000000e+00,-6.903813804565809065e+00
-8.022900354578813564e-01,0.000000000000000000e+00,-6.885246752840314954e+00
-9.439280542201515800e-01,0.000000000000000000e+00,-6.866751644467392168e+00
-1.078882376914340080e+00,0.000000000000000000e+00,-6.849652567496137934e+00
-1.206827309064677944e+00,0.000000000000000000e+00,-6.834038108122230781e+00
-1.327230237506796584e+00,0.000000000000000000e+00,-6.819357994177699389e+00
-1.439519267450836360e+00,0.000000000000000000e+00,-6.804800060476059009e+00
-1.543184469925636737e+00,0.000000000000000000e+00,-6.790326528777321791e+00
-1.637625574468189349e+00,0.000000000000000000e+00,-6.775935403106572608e+00
-1.722279164896321380e+00,0.000000000000000000e+00,-6.761964694421179978e+00
-1.797420712139773835e+00,0.000000000000000000e+00,-6.749747048848511177e+00
-1.863247786259894401e+00,0.000000000000000000e+00,-6.738633576462595087e+00
-1.920108363061386880e+00,0.000000000000000000e+00,-6.727298067573038054e+00
-1.968989165860306256e+00,0.000000000000000000e+00,-6.715674182625734012e+00
-2.010533507592698221e+00,0.000000000000000000e+00,-6.703482645638493054e+00
-2.045273524091922646e+00,0.000000000000000000e+00,-6.691038342509535219e+00
-2.073756431745816364e+00,0.000000000000000000e+00,-6.679322911011094988e+00
-2.096492865383204673e+00,0.000000000000000000e+00,-6.669390123836789641e+00
-2.113726226830159760e+00,0.000000000000000000e+00,-6.661622422980925329e+00
-2.125382469974674393e+00,0.000000000000000000e+00,-6.655548461491509471e+00
-2.131350523935542807e+00,0.000000000000000000e+00,-6.651227986738151188e+00
-2.131204298466034430e+00,0.000000000000000000e+00,-6.648562995942977949e+00
-2.124287814330992674e+00,0.000000000000000000e+00,-6.647260861764267226e+00
-2.110235860740027114e+00,0.000000000000000000e+00,-6.648377881066291906e+00
-2.088864517027047008e+00,0.000000000000000000e+00,-6.653166820168626927e+00
-2.060060128808682833e+00,0.000000000000000000e+00,-6.662320035288372466e+00
-2.023803889216618135e+00,0.000000000000000000e+00,-6.675813445055096551e+00
-1.980096916322167333e+00,0.000000000000000000e+00,-6.692880744919808222e+00
-1.929004776433892898e+00,0.000000000000000000e+00,-6.712597143894844187e+00
-1.870309633392620796e+00,0.000000000000000000e+00,-6.733237679568837564e+00
-1.803947140285715234e+00,0.000000000000000000e+00,-6.753496170012928346e+00
-1.730446284773133669e+00,0.000000000000000000e+00,-6.773454369155730070e+00
-1.650282167119826893e+00,0.000000000000000000e+00,-6.792350041712446718e+00
-1.564092049678104335e+00,0.000000000000000000e+00,-6.809878909341929187e+00
-1.472299419440648682e+00,0.000000000000000000e+00,-6.826211297342890560e+00
-1.374596387005778908e+00,0.000000000000000000e+00,-6.840438401603604390e+00
-1.270473434246969902e+00,0.000000000000000000e+00,-6.852374958361087565e+00
-1.159759998003262016e+00,0.000000000000000000e+00,-6.862812310370247637e+00
-1.042816673794231930e+00,0.000000000000000000e+00,-6.873005701342813190e+00
-9.202553915924726047e-01,0.000000000000000000e+00,-6.883526082895463638e+00
-7.927546779750512806e-01,0.000000000000000000e+00,-6.894640782663714162e+00
-6.611868421249061933e-01,0.000000000000000000e+00,-6.906793584383668971e+00
-5.262213259335892790e-01,0.000000000000000000e+00,-6.919194917817490520e+00
-3.884054697675517476e-01,0.000000000000000000e+00,-6.931149577577373933e+00
-2.483674094155942924e-01,0.000000000000000000e+00,-6.942537659278533724e+00
-1.067434563333369280e-01,0.000000000000000000e+00,-6.953052923615286929e+00
3.571299775281321087e-02,0.000000000000000000e+00,-6.962341879464136518e+00
1.781784729109711085e-01,0.000000000000000000e+00,-6.969546829715719483e+00
3.199561132635224125e-01,0.000000000000000000e+00,-6.973884521924939683e+00
4.606208817797087796e-01,0.000000000000000000e+00,-6.973697675076568459e+00
6.000296490984958764e-01,0.000000000000000000e+00,-6.967631161183622801e+00
7.379501650834926485e-01,0.000000000000000000e+00,-6.956333894340718693e+00
8.737583048015161724e-01,0.000000000000000000e+00,-6.940080330130873776e+00
1.006665908323026271e+00,0.000000000000000000e+00,-6.919966611770455245e+00
1.135808348072660179e+00,0.000000000000000000e+00,-6.897118479758430176e+00
1.260254564271743760e+00,0.000000000000000000e+00,-6.871446488851924883e+00
1.378962989890330393e+00,0.000000000000000000e+00,-6.842842578858950198e+00
1.490589631689609451e+00,0.000000000000000000e+00,-6.811350021655475651e+00
1.593729760296189069e+00,0.000000000000000000e+00,-6.777949217337115861e+00
1.687226210885734545e+00,0.000000000000000000e+00,-6.744028960306014397e+00
1.770405775251369107e+00,0.000000000000000000e+00,-6.711472643272450966e+00
1.843223065255597870e+00,0.000000000000000000e+00,-6.682190031982825573e+00
1.905488544573753718e+00,0.000000000000000000e+00,-6.656703585961001757e+00
1.957154603308894014e+00,0.000000000000000000e+00,-6.635324700321968194e+00
1.998587624134797514e+00,0.000000000000000000e+00,-6.618368368791630374e+00
2.030118183770440954e+00,0.000000000000000000e+00,-6.605947751784656319e+00
2.052114420752172208e+00,0.000000000000000000e+00,-6.598487252387335467e+00
2.064803177337346973e+00,0.000000000000000000e+00,-6.596237569322631167e+00
2.068367375738635161e+00,0.000000000000000000e+00,-6.599520549270891046e+00
2.062950542861015535e+00,0.000000000000000000e+00,-6.608272878747473378e+00
2.048375379867716450e+00,0.000000000000000000e+00,-6.621420741953882860e+00
2.024620902885431395e+00,0.000000000000000000e+00,-6.638266891211695331e+00
1.991681773389415211e+00,0.000000000000000000e+00,-6.658224730177600748e+00
1.949144670943793622e+00,0.000000000000000000e+00,-6.680185177636698945e+00
1.897018306762764395e+00,0.000000000000000000e+00,-6.704063132651215007e+00
1.835695368302219466e+00,0.000000000000000000e+00,-6.729696471441924288e+00
1.765635788932232497e+00,0.000000000000000000e+00,-6.756215161801422120e+00
1.687623125072831076e+00,0.000000000000000000e+00,-6.782766786514716983e+00
1.602482014916207342e+00,0.000000000000000000e+00,-6.808270502331343010e+00
1.511138962724005719e+00,0.000000000000000000e+00,-6.832059805630061433e+00
1.414517071352314304e+00,0.000000000000000000e+00,-6.853481597603952480e+00
1.313647170140261444e+00,0.000000000000000000e+00,-6.872383354776274267e+00
1.209585959319675608e+00,0.000000000000000000e+00,-6.889426632283135454e+00
1.103102662287501090e+00,0.000000000000000000e+00,-6.904426750098130228e+00
9.948418753762431344e-01,0.000000000000000000e+00,-6.917286832209184055e+00
8.852273079112189524e-01,0.000000000000000000e+00,-6.927940439528145866e+00
7.744222415096982948e-01,0.000000000000000000e+00,-6.936081634225117476e+00
6.623291523517100821e-01,0.000000000000000000e+00,-6.942120585384175868e+00
5.487546474555409226e-01,0.000000000000000000e+00,-6.946967918964991107e+00
4.337080257920209458e-01,0.000000000000000000e+00,-6.952145585593706656e+00
3.174894969968850011e-01,0.000000000000000000e+00,-6.958144125764630594e+00
2.006932296212775579e-01,0.000000000000000000e+00,-6.964626498786568476e+00
8.405569657765984970e-02,0.000000000000000000e+00,-6.971455100208761912e+00
-3.176615887109460190e-02,0.000000000000000000e+00,-6.977375723243013361e+00
-1.461260322904790465e-01,0.000000000000000000e+00,-6.981330999232477019e+00
-2.583396425938558894e-01,0.000000000000000000e+00,-6.983101721312467980e+00
-3.675779851800710651e-01,0.000000000000000000e+00,-6.982270040000068789e+00
-4.730742682912194019e-01,0.000000000000000000e+00,-6.979006634730786196e+00
-5.743195392539443001e-01,0.000000000000000000e+00,-6.973365236619514462e+00
-6.711351395254616659e-01,0.000000000000000000e+00,-6.965411720408012819e+00
-7.635975010234078431e-01,0.000000000000000000e+00,-6.955001660692383680e+00
-8.518942555383324233e-01,0.000000000000000000e+00,-6.942219563764060020e+00
-9.363477623956177887e-01,0.000000000000000000e+00,-6.928166897085811016e+00
-1.017124189983354077e+00,0.000000000000000000e+00,-6.913482051164622888e+00
-1.094281917170311536e+00,0.000000000000000000e+00,-6.898999002836093020e+00
-1.167723851474494978e+00,0.000000000000000000e+00,-6.885444659762975483e+00
-1.237206605825653893e+00,0.000000000000000000e+00,-6.872866462442388524e+00
-1.302519186170545185e+00,0.000000000000000000e+00,-6.861258960662625306e+00
-1.363475946157825858e+00,0.000000000000000000e+00,-6.850376888516750640e+00
-1.419915600122772403e+00,0.000000000000000000e+00,-6.840452155211925067e+00
-1.471500683726492786e+00,0.000000000000000000e+00,-6.831688741938768850e+00
-1.517747598172196621e+00,0.000000000000000000e+00,-6.823950140069904968e+00
-1.558428838032033248e+00,0.000000000000000000e+00,-6.817716704013653484e+00
-1.593413281761276057e+00,0.000000000000000000e+00,-6.812557104515644113e+00
-1.622734199109305164e+00,0.000000000000000000e+00,-6.807467821710545763e+00
-1.646726711171406787e+00,0.000000000000000000e+00,-6.802370922389171959e+00
-1.665568729651876190e+00,0.000000000000000000e+00,-6.797215551974510106e+00
-1.679316912001845408e+00,0.000000000000000000e+00,-6.792340539058089099e+00
-1.687919698740887320e+00,0.000000000000000000e+00,-6.788287046489041465e+00
-1.691187944336756122e+00,0.000000000000000000e+00,-6.785260674293946970e+00
-1.688829571859227663e+00,0.000000000000000000e+00,-6.783325504395121719e+00
-1.680267656036344759e+00,0.000000000000000000e+00,-6.781919887099835620e+00
-1.664835897069175230e+00,0.000000000000000000e+00,-6.780870624984706829e+00
-1.641936957347028603e+00,0.000000000000000000e+00,-6.780459038528028337e+00
-1.610957146734639522e+00,0.000000000000000000e+00,-6.780899152234021621e+00
-1.571634780747715121e+00,0.000000000000000000e+00,-6.783177979854425388e+00
-1.523929985097346895e+00,0.000000000000000000e+00,-6.788077620909897192e+00
-1.467858836374721587e+00,0.000000000000000000e+00,-6.795878232511936901e+00
-1.403672422232126404e+00,0.000000000000000000e+00,-6.806461560861161608e+00
-1.331718573556236018e+00,0.000000000000000000e+00,-6.819237212101062262e+00
-1.252534357543567900e+00,0.000000000000000000e+00,-6.833934383447244798e+00
-1.166573928575904251e+00,0.000000000000000000e+00,-6.850030964369187458e+00
-1.074232396328926420e+00,0.000000000000000000e+00,-6.867153171549341018e+00
-9.761963338709509497e-01,0.000000000000000000e+00,-6.885503804451973409e+00
-8.731242800467639009e-01,0.000000000000000000e+00,-6.904378342674931446e+00
-7.657166939195910738e-01,0.000000000000000000e+00,-6.923029915284734770e+00
-6.546429860562469338e-01,0.000000000000000000e+00,-6.940945461907314318e+00
-5.402421216335148157e-01,0.000000000000000000e+00,-6.957052799997134329e+00
-4.227745544010692580e-01,0.000000000000000000e+00,-6.970770186592824658e+00
-3.026545619739863802e-01,0.000000000000000000e+00,-6.981768352174030134e+00
-1.805635021005611018e-01,0.000000000000000000e+00,-6.990007696479183963e+00
-5.741679909717770786e-02,0.000000000000000000e+00,-6.995282515120878841e+00
6.574507726761080750e-02,0.000000000000000000e+00,-6.996991468636210243e+00
1.877720825454168296e-01,0.000000000000000000e+00,-6.995044017154186555e+00
3.074825011134374453e-01,0.000000000000000000e+00,-6.989017723869241472e+00
4.237588608337351515e-01,0.000000000000000000e+00,-6.979025986663439873e+00
5.357610030565800319e-01,0.000000000000000000e+00,-6.965944270675262118e+00
6.428061330575598475e-01,0.000000000000000000e+00,-6.950506198602296237e+00
7.443619530698761810e-01,0.000000000000000000e+00,-6.933590762257263229e+00
8.399634029904804455e-01,0.000000000000000000e+00,-6.915719354443390365e+00
9.293941486333500146e-01,0.000000000000000000e+00,-6.897579816769031424e+00
1.012769232457827462e+00,0.000000000000000000e+00,-6.879631377263764946e+00
1.090373018188141474e+00,0.000000000000000000e+00,-6.862245195539570020e+00
1.162675627718151805e+00,0.000000000000000000e+00,-6.846639236102710413e+00
1.229815965335254724e+00,0.000000000000000000e+00,-6.833431629138642549e+00
1.291608934664231212e+00,0.000000000000000000e+00,-6.822915865759095588e+00
1.347835919333774557e+00,0.000000000000000000e+00,-6.815462078371279375e+00
1.398126357912911510e+00,0.000000000000000000e+00,-6.810624874674912732e+00
1.442077137745212623e+00,0.000000000000000000e+00,-6.807773687838562182e+00
1.479253345652578489e+00,0.000000000000000000e+00,-6.806336316581486301e+00
1.509126345494108845e+00,0.000000000000000000e+00,-6.805910329124220226e+00
1.531287297669292835e+00,0.000000000000000000e+00,-6.806541598945677229e+00
1.545398064355130607e+00,0.000000000000000000e+00,-6.808142564634873217e+00
1.551402161918345790e+00,0.000000000000000000e+00,-6.810946098650294545e+00
1.549481018009523980e+00,0.000000000000000000e+00,-6.814996278722587952e+00
1.539823315675200366e+00,0.000000000000000000e+00,-6.819735394958759578e+00
1.522963627928997754e+00,0.000000000000000000e+00,-6.824978522040887619e+00
1.499607208523079382e+00,0.000000000000000000e+00,-6.830595020834864251e+00
1.470446592571019950e+00,0.000000000000000000e+00,-6.836637977568123858e+00
1.436056666369915469e+00,0.000000000000000000e+00,-6.843384158947447560e+00
1.396823934907801323e+00,0.000000000000000000e+00,-6.850957066060420431e+00
1.353101134743523115e+00,0.000000000000000000e+00,-6.859586704852128847e+00
1.305177798182379778e+00,0.000000000000000000e+00,-6.868876381887584870e+00
1.253387615615354500e+00,0.000000000000000000e+00,-6.878363482087085146e+00
1.198031802562975923e+00,0.000000000000000000e+00,-6.888185718741501873e+00
1.139162409953894839e+00,0.000000000000000000e+00,-6.898055077003516722e+00
1.076824230476026267e+00,0.000000000000000000e+00,-6.908097731471569247e+00
1.011214154969254375e+00,0.000000000000000000e+00,-6.918661179554760565e+00
9.426700055949723822e-01,0.000000000000000000e+00,-6.929374246446785790e+00
8.717067102843019111e-01,0.000000000000000000e+00,-6.939887976045041817e+00
7.988478943619340411e-01,0.000000000000000000e+00,-6.949791411531281327e+00
7.245423066297587145e-01,0.000000000000000000e+00,-6.958863352470805452e+00
6.491308515510614274e-01,0.000000000000000000e+00,-6.967027796564043918e+00
5.728992648597538428e-01,0.000000000000000000e+00,-6.974172738497304458e+00
4.960719365480071863e-01,0.000000000000000000e+00,-6.980664914147020284e+00
4.187540688022913793e-01,0.000000000000000000e+00,-6.986329598348495651e+00
3.409553136414193997e-01,0.000000000000000000e+00,-6.990738171071948059e+00
2.625867205263469617e-01,0.000000000000000000e+00,-6.993696738775628141e+00
1.834260479949494926e-01,0.000000000000000000e+00,-6.994836172320965773e+00
1.031074475039816252e-01,0.000000000000000000e+00,-6.994266536790694211e+00
2.124153940872269136e-02,0.000000000000000000e+00,-6.992391054110406401e+00
-6.238804206496151999e-02,0.000000000000000000e+00,-6.989963965105284949e+00
-1.476460031224396396e-01,0.000000000000000000e+00,-6.987335098961061419e+00
-2.341287321399498911e-01,0.000000000000000000e+00,-6.984153776883577969e+00
-3.212300705367769349e-01,0.000000000000000000e+00,-6.980439243742654121e+00
-4.083400994956567498e-01,0.000000000000000000e+00,-6.975834598356821736e+00
-4.949411981308505792e-01,0.000000000000000000e+00,-6.970027476230064245e+00
-5.804722414226799465e-01,0.000000000000000000e+00,-6.963472109989266023e+00
-6.642718645236634911e-01,0.000000000000000000e+00,-6.956392342267670337e+00
-7.456649683679983376e-01,0.000000000000000000e+00,-6.949067503189441553e+00
-8.240842735086639781e-01,0.000000000000000000e+00,-6.941609188754474857e+00
-8.991395020640950975e-01,0.000000000000000000e+00,-6.933864349312115927e+00
-9.706029346218358889e-01,0.000000000000000000e+00,-6.925690461607826087e+00
-1.038272053373570758e+00,0.000000000000000000e+00,-6.916798716353948606e+00
-1.101975943041161088e+00,0.000000000000000000e+00,-6.907455185377875395e+00
-1.161464310233595754e+00,0.000000000000000000e+00,-6.897898791778356298e+00
-1.216338279204137063e+00,0.000000000000000000e+00,-6.888075754382119165e+00
-1.266135046426883459e+00,0.000000000000000000e+00,-6.878193806042697922e+00
-1.310289936031014735e+00,0.000000000000000000e+00,-6.868179400734079287e+00
-1.348252864501939374e+00,0.000000000000000000e+00,-6.857960615107639768e+00
-1.379632359301893541e+00,0.000000000000000000e+00,-6.847640009287467855e+00
-1.404159705763112553e+00,0.000000000000000000e+00,-6.837543140957216714e+00
-1.421667050230821960e+00,0.000000000000000000e+00,-6.828381603325565763e+00
-1.431880400493765526e+00,0.000000000000000000e+00,-6.820529297233671073e+00
-1.434628637332898249e+00,0.000000000000000000e+00,-6.814534625292538728e+00
-1.430040276778336006e+00,0.000000000000000000e+00,-6.810886348651260747e+00
-1.418320042755991661e+00,0.000000000000000000e+00,-6.809344755220958056e+00
-1.399951932755733930e+00,0.000000000000000000e+00,-6.809996662885471785e+00
-1.375513244300358373e+00,0.000000000000000000e+00,-6.813155415049839014e+00
-1.345366677239868025e+00,0.000000000000000000e+00,-6.818941489864121408e+00
-1.309771371901519821e+00,0.000000000000000000e+00,-6.827554487955858953e+00
-1.268852761258872697e+00,0.000000000000000000e+00,-6.838848477156325600e+00
-1.222647668820830313e+00,0.000000000000000000e+00,-6.852411206941829924e+00
-1.171096299815385100e+00,0.000000000000000000e+00,-6.867480345059161273e+00
-1.113997757655122101e+00,0.000000000000000000e+00,-6.883053678265993902e+00
-1.051223434922201605e+00,0.000000000000000000e+00,-6.898609293223792349e+00
-9.827155202671307155e-01,0.000000000000000000e+00,-6.913670889903136718e+00
-9.085299306982536072e-01,0.000000000000000000e+00,-6.927974000631047957e+00
-8.289705047048944175e-01,0.000000000000000000e+00,-6.941595841748624096e+00
-7.444696701275940187e-01,0.000000000000000000e+00,-6.954234932732272334e+00
-6.556947292578916286e-01,0.000000000000000000e+00,-6.965443378236310323e+00
-5.635659829916999097e-01,0.000000000000000000e+00,-6.974643619247801851e+00
-4.691319688018068534e-01,0.000000000000000000e+00,-6.981556718663973982e+00
-3.733570803916687053e-01,0.000000000000000000e+00,-6.986235815586677944e+00
-2.770164128106267221e-01,0.000000000000000000e+00,-6.988699641459952261e+00
-1.808097544880611085e-01,0.000000000000000000e+00,-6.989563877661257862e+00
-8.544038272331337669e-02,0.000000000000000000e+00,-6.989098874167297026e+00
8.325977229677400393e-03,0.000000000000000000e+00,-6.987186787671877397e+00
9.986292209818657672e-02,0.000000000000000000e+00,-6.984114762097708429e+00
1.887859538945721449e-01,0.000000000000000000e+00,-6.979947158623277303e+00
2.749331545141270317e-01,0.000000000000000000e+00,-6.974909335465294014e+00
3.582444532378828428e-01,0.000000000000000000e+00,-6.969472712063492281e+00
4.385688208589244019e-01,0.000000000000000000e+00,-6.964078833254354173e+00
5.156527642078390095e-01,0.000000000000000000e+00,-6.959074067904728267e+00
5.891104920681632384e-01,0.000000000000000000e+00,-6.954347328694336028e+00
6.585197772296189633e-01,0.000000000000000000e+00,-6.949867764078898169e+00
7.234770732492170620e-01,0.000000000000000000e+00,-6.945545733171964997e+00
7.835771268184417160e-01,0.000000000000000000e+00,-6.941186138480348156e+00
8.386166982202629683e-01,0.000000000000000000e+00,-6.937088183881978232e+00
8.885280529542894934e-01,0.000000000000000000e+00,-6.933452352974121879e+00
9.332987534283436748e-01,0.000000000000000000e+00,-6.930290750613152362e+00
9.729704858889628438e-01,0.000000000000000000e+00,-6.927419798507114201e+00
1.007666002585872134e+00,0.000000000000000000e+00,-6.924471442377416963e+00
1.037765347352214818e+00,0.000000000000000000e+00,-6.921264460739336322e+00
1.063824454861186597e+00,0.000000000000000000e+00,-6.917538528796407959e+00
1.086503105750967979e+00,0.000000000000000000e+00,-6.913624744141340983e+00
1.106258965257933991e+00,0.000000000000000000e+00,-6.910131675049811406e+00
1.123167267831221228e+00,0.000000000000000000e+00,-6.907062514989236846e+00
1.137109732106124760e+00,0.000000000000000000e+00,-6.904532928556453619e+00
1.147881500288105316e+00,0.000000000000000000e+00,-6.902516560052955441e+00
1.155285196485374755e+00,0.000000000000000000e+00,-6.900676477931539488e+00
1.159173990910750796e+00,0.000000000000000000e+00,-6.898967562062286341e+00
1.159369803869111371e+00,0.000000000000000000e+00,-6.897551419103069570e+00
1.155675239146743971e+00,0.000000000000000000e+00,-6.896898401382948407e+00
1.147881715966284633e+00,0.000000000000000000e+00,-6.897366422527804630e+00
1.135823687087907929e+00,0.000000000000000000e+00,-6.899069360468706336e+00
1.119462855671605972e+00,0.000000000000000000e+00,-6.902148841135526069e+00
1.098810017660757365e+00,0.000000000000000000e+00,-6.906285730083861374e+00
1.073987659717767551e+00,0.000000000000000000e+00,-6.911104546298416196e+00
1.045260552131670240e+00,0.000000000000000000e+00,-6.916449581755131248e+00
1.012897989279988531e+00,0.000000000000000000e+00,-6.922086705927137373e+00
9.770936959688653056e-01,0.000000000000000000e+00,-6.927942475512570475e+00
9.378901601755382789e-01,0.000000000000000000e+00,-6.933840407840696329e+00
8.952420902921840451e-01,0.000000000000000000e+00,-6.939594344954928218e+00
8.491036241642351268e-01,0.000000000000000000e+00,-6.944927539345663980e+00
7.994417884006675967e-01,0.000000000000000000e+00,-6.949343295530045594e+00
7.462551833467101492e-01,0.000000000000000000e+00,-6.952954696033782689e+00
6.894599279806865599e-01,0.000000000000000000e+00,-6.955965732800625467e+00
6.289149898063449706e-01,0.000000000000000000e+00,-6.958582797841205370e+00
5.646826000016796909e-01,0.000000000000000000e+00,-6.961347537315606182e+00
4.970487636796458442e-01,0.000000000000000000e+00,-6.964296024709237365e+00
4.265106766763545054e-01,0.000000000000000000e+00,-6.967261098368456196e+00
3.536968130969725399e-01,0.000000000000000000e+00,-6.970200265096214487e+00
2.791833341158262427e-01,0.000000000000000000e+00,-6.973173276119895014e+00
2.034392951117617310e-01,0.000000000000000000e+00,-6.976370378986261223e+00
1.268148560305048522e-01,0.000000000000000000e+00,-6.979732732636889203e+00
4.957772098728609189e-02,0.000000000000000000e+00,-6.983260392855629384e+00
-2.805784101647297579e-02,0.000000000000000000e+00,-6.986718467147874811e+00
-1.059248672775534167e-01,0.000000000000000000e+00,-6.989415933714473006e+00
-1.838500098069135724e-01,0.000000000000000000e+00,-6.990869035604020176e+00
-2.616395941720988105e-01,0.000000000000000000e+00,-6.990701024580942224e+00
-3.391281793522348265e-01,0.000000000000000000e+00,-6.988807191461298807e+00
-4.161713356029144717e-01,0.000000000000000000e+00,-6.985375758283081993e+00
-4.925773131109958958e-01,0.000000000000000000e+00,-6.980665024309490541e+00
-5.679653014523231569e-01,0.000000000000000000e+00,-6.974956593571718599e+00
-6.416872238681464724e-01,0.000000000000000000e+00,-6.968047193385359606e+00
-7.129330693043276490e-01,0.000000000000000000e+00,-6.959842287822323392e+00
-7.809138278077216722e-01,0.000000000000000000e+00,-6.950502753779899123e+00
-8.449306756930805573e-01,0.000000000000000000e+00,-6.940036122961606324e+00
-9.044317947521486323e-01,0.000000000000000000e+00,-6.928985719345407190e+00
-9.589141368964069212e-01,0.000000000000000000e+00,-6.918001115414695867e+00
-1.007841128324250546e+00,0.000000000000000000e+00,-6.907509096628161593e+00
-1.050799588770403581e+00,0.000000000000000000e+00,-6.897923517564895413e+00
-1.087542520164039406e+00,0.000000000000000000e+00,-6.889414356213081625e+00
-1.118054855727588892e+00,0.000000000000000000e+00,-6.882131561310426804e+00
-1.142485569633215681e+00,0.000000000000000000e+00,-6.876167355787397462e+00
-1.161043683197422016e+00,0.000000000000000000e+00,-6.871755375788700881e+00
-1.173972958887585794e+00,0.000000000000000000e+00,-6.869346690413784096e+00
-1.181347878586662681e+00,0.000000000000000000e+00,-6.868992660513740134e+00
-1.183078494838628369e+00,0.000000000000000000e+00,-6.870569869727865431e+00
-1.179003486601334139e+00,0.000000000000000000e+00,-6.873912170595312787e+00
-1.168910704318915750e+00,0.000000000000000000e+00,-6.878674028659565565e+00
-1.152716698321138544e+00,0.000000000000000000e+00,-6.884626233086918567e+00
-1.130516904464528904e+00,0.000000000000000000e+00,-6.891554611996565605e+00
-1.102551408144340161e+00,0.000000000000000000e+00,-6.899382085555687993e+00
-1.069105600846031123e+00,0.000000000000000000e+00,-6.907975694982730452e+00
-1.030407418489940774e+00,0.000000000000000000e+00,-6.916874260916401340e+00
-9.868377521256970208e-01,0.000000000000000000e+00,-6.925816537002385864e+00
-9.389653861836904092e-01,0.000000000000000000e+00,-6.934378801784337298e+00
-8.875113570619294068e-01,0.000000000000000000e+00,-6.942076354154063544e+00
-8.332873173768742259e-01,0.000000000000000000e+00,-6.949020063878382558e+00
-7.769274696844501449e-01,0.000000000000000000e+00,-6.955324568007128505e+00
-7.188635654815376252e-01,0.000000000000000000e+00,-6.961071849245478838e+00
-6.593934472707382310e-01,0.000000000000000000e+00,-6.966297886286966445e+00
-5.987583663048386962e-01,0.000000000000000000e+00,-6.970834538736112584e+00
-5.371664708588705928e-01,0.000000000000000000e+00,-6.974539273275067508e+00
-4.747529165939075035e-01,0.000000000000000000e+00,-6.977221194036203222e+00
-4.115829566992363908e-01,0.000000000000000000e+00,-6.979091277198544496e+00
-3.476632041624060365e-01,0.000000000000000000e+00,-6.980600230386198035e+00
-2.829896696701253433e-01,0.000000000000000000e+00,-6.982021431594596983e+00
-2.176014241616443523e-01,0.000000000000000000e+00,-6.983742267878394472e+00
-1.516234041216683870e-01,0.000000000000000000e+00,-6.985865910775533649e+00
-8.533990817124635642e-02,0.000000000000000000e+00,-6.988160210135068162e+00
-1.923310418834368873e-02,0.000000000000000000e+00,-6.990262323748133610e+00
4.609376733833372292e-02,0.000000000000000000e+00,-6.991837884209049392e+00
1.101086387277965817e-01,0.000000000000000000e+00,-6.992916767010597390e+00
1.724707124580777129e-01,0.000000000000000000e+00,-6.993403182376811245e+00
2.330108057952929579e-01,0.000000000000000000e+00,-6.993242579694527450e+00
2.916470863280678505e-01,0.000000000000000000e+00,-6.992475592363111225e+00
3.482511051060482865e-01,0.000000000000000000e+00,-6.990736424287657513e+00
4.027316810210318510e-01,0.000000000000000000e+00,-6.987919137436288786e+00
4.551281520523843271e-01,0.000000000000000000e+00,-6.984144219929627972e+00
5.055873571431630520e-01,0.000000000000000000e+00,-6.979542578603992631e+00
5.542763323763240102e-01,0.000000000000000000e+00,-6.974510113568809011e+00
6.012237169263545677e-01,0.000000000000000000e+00,-6.969364144418292106e+00
6.462998432905036061e-01,0.000000000000000000e+00,-6.964376640231438209e+00
6.892550686651380820e-01,0.000000000000000000e+00,-6.959608080771367611e+00
7.298040228257112183e-01,0.000000000000000000e+00,-6.955036302052855390e+00
7.677018823965633398e-01,0.000000000000000000e+00,-6.950852468722446886e+00
8.027353997173246603e-01,0.000000000000000000e+00,-6.947085675364131241e+00
8.347769333989274454e-01,0.000000000000000000e+00,-6.943861018494547288e+00
8.637830357385671842e-01,0.000000000000000000e+00,-6.941343857015511709e+00
8.897133556545359090e-01,0.000000000000000000e+00,-6.939392574248673284e+00
9.125115769043861125e-01,0.000000000000000000e+00,-6.937784817312303787e+00
9.320990871716899884e-01,0.000000000000000000e+00,-6.936208413781730364e+00
9.484836933753293398e-01,0.000000000000000000e+00,-6.934548570655883815e+00
9.618092701994434002e-01,0.000000000000000000e+00,-6.932805904537422848e+00
9.723000423524725822e-01,0.000000000000000000e+00,-6.930959466401349189e+00
9.801572543009062777e-01,0.000000000000000000e+00,-6.929389515471070737e+00
9.853352902385907885e-01,0.000000000000000000e+00,-6.928249753356746865e+00
9.875188133629998477e-01,0.000000000000000000e+00,-6.927353241591652555e+00
9.862639777299220256e-01,0.000000000000000000e+00,-6.926647179970737866e+00
9.811006552028791461e-01,0.000000000000000000e+00,-6.925944464599296246e+00
9.716303506839555348e-01,0.000000000000000000e+00,-6.925216251269370460e+00
9.575457346251676771e-01,0.000000000000000000e+00,-6.924711084160750652e+00
9.385865303111747826e-01,0.000000000000000000e+00,-6.924764663863025582e+00
9.145830989530076005e-01,0.000000000000000000e+00,-6.925736578543299160e+00
8.854407292309989241e-01,0.000000000000000000e+00,-6.927653137874975720e+00
8.512038769484843170e-01,0.000000000000000000e+00,-6.930488535571091901e+00
8.120803489541734699e-01,0.000000000000000000e+00,-6.934171239962323874e+00
7.683527250187407454e-01,0.000000000000000000e+00,-6.938470739524721154e+00
7.204223149846702423e-01,0.000000000000000000e+00,-6.943410851921120397e+00
6.687208604600900497e-01,0.000000000000000000e+00,-6.949018123655650747e+00
6.135936712450176245e-01,0.000000000000000000e+00,-6.955225441015750576e+00
5.552711554296260177e-01,0.000000000000000000e+00,-6.961884466695891227e+00
4.938880003508130390e-01,0.000000000000000000e+00,-6.968666398265105144e+00
4.296226709734738969e-01,0.000000000000000000e+00,-6.975311590531595662e+00
3.627702290739969193e-01,0.000000000000000000e+00,-6.981404752541878089e+00
2.937301457528117554e-01,0.000000000000000000e+00,-6.986677343162838838e+00
2.229351312646597472e-01,0.000000000000000000e+00,-6.991201529983157137e+00
1.507355221315128391e-01,0.000000000000000000e+00,-6.994784924497698952e+00
7.747725719989666249e-02,0.000000000000000000e+00,-6.997323598851654225e+00
3.646299345230776673e-03,0.000000000000000000e+00,-6.998738545985608184e+00
-7.008793149975170444e-02,0.000000000000000000e+00,-6.998734396280045900e+00
-1.429333050100004832e-01,0.000000000000000000e+00,-6.997221647149519441e+00
-2.141241595023331834e-01,0.000000000000000000e+00,-6.994263676780063221e+00
-2.830298533904521130e-01,0.000000000000000000e+00,-6.990156480008380413e+00
-3.491739380448193319e-01,0.000000000000000000e+00,-6.985195160288006910e+00
-4.121949600084603982e-01,0.000000000000000000e+00,-6.979556165488220110e+00
-4.718753305048638547e-01,0.000000000000000000e+00,-6.973493985297451125e+00
-5.280908907541326247e-01,0.000000000000000000e+00,-6.967012314407704743e+00
-5.807983187838974271e-01,0.000000000000000000e+00,-6.960198017846829899e+00
-6.300397732799095651e-01,0.000000000000000000e+00,-6.953403282911889249e+00
-6.758853929946808670e-01,0.000000000000000000e+00,-6.946994414040578825e+00
-7.184424603930980036e-01,0.000000000000000000e+00,-6.941424320475515941e+00
-7.577899616353026557e-01,0.000000000000000000e+00,-6.936963171660966765e+00
-7.938910914196831703e-01,0.000000000000000000e+00,-6.933735357166641577e+00
-8.265107164759318836e-01,0.000000000000000000e+00,-6.931633184715843221e+00
-8.552172255564576275e-01,0.000000000000000000e+00,-6.930284090814153863e+00
-8.796005938877723418e-01,0.000000000000000000e+00,-6.929615055033981896e+00
-8.993914863016290173e-01,0.000000000000000000e+00,-6.929539928499505841e+00
-9.144631230555856360e-01,0.000000000000000000e+00,-6.929877705372520680e+00
-9.248477530843016714e-01,0.000000000000000000e+00,-6.930708814679727325e+00
-9.305685089101265461e-01,0.000000000000000000e+00,-6.931953615022322879e+00
-9.316284484170272995e-01,0.000000000000000000e+00,-6.933450138716429123e+00
-9.281146406318712128e-01,0.000000000000000000e+00,-6.935066428529566451e+00
-9.202398503208666369e-01,0.000000000000000000e+00,-6.936672397147969349e+00
-9.083675688600911791e-01,0.000000000000000000e+00,-6.938325077912764094e+00
-8.928929115689441254e-01,0.000000000000000000e+00,-6.940056568058818875e+00
-8.741949150474708219e-01,0.000000000000000000e+00,-6.942043538810627190e+00
-8.525843424717323149e-01,0.000000000000000000e+00,-6.944468198473278342e+00
-8.282446932845822785e-01,0.000000000000000000e+00,-6.947210943737433197e+00
-8.012697188225219591e-01,0.000000000000000000e+00,-6.950209650923004467e+00
-7.716824227131658942e-01,0.000000000000000000e+00,-6.953392293197988572e+00
-7.395104658133883069e-01,0.000000000000000000e+00,-6.956708172383453181e+00
-7.048733156633322228e-01,0.000000000000000000e+00,-6.960225900676515920e+00
-6.679710060687098494e-01,0.000000000000000000e+00,-6.963953730028141997e+00
-6.290360464806445950e-01,0.000000000000000000e+00,-6.967961385965789844e+00
-5.882557059454159853e-01,0.000000000000000000e+00,-6.972079998367876286e+00
-5.458164680553266868e-01,0.000000000000000000e+00,-6.976048204013757470e+00
-5.020098800086497670e-01,0.000000000000000000e+00,-6.979813085434351194e+00
-4.572405159556237053e-01,0.000000000000000000e+00,-6.983159845658456710e+00
-4.119631768873942002e-01,0.000000000000000000e+00,-6.986111081094500186e+00
-3.665071035037980041e-01,0.000000000000000000e+00,-6.988916191900221619e+00
-3.209824502659434642e-01,0.000000000000000000e+00,-6.991568175768414939e+00
-2.753111184153438917e-01,0.000000000000000000e+00,-6.993984468336689631e+00
-2.293219604937493106e-01,0.000000000000000000e+00,-6.995952138780610952e+00
-1.828345565052462984e-01,0.000000000000000000e+00,-6.997293623394908124e+00
-1.356827117623764789e-01,0.000000000000000000e+00,-6.997923215473949021e+00
-8.771223739004910258e-02,0.000000000000000000e+00,-6.997823441918688658e+00
-3.880954525248381248e-02,0.000000000000000000e+00,-6.997293373264730221e+00
1.107703252027208637e-02,0.000000000000000000e+00,-6.996515592465640587e+00
6.194392685641844642e-02,0.000000000000000000e+00,-6.995556486507481075e+00
1.137090574448276631e-01,0.000000000000000000e+00,-6.994490201376201810e+00
1.661944021735120292e-01,0.000000000000000000e+00,-6.993188841168658243e+00
2.190822897108336831e-01,0.000000000000000000e+00,-6.991557110684081700e+00
2.719205802847670106e-01,0.000000000000000000e+00,-6.989536760139021254e+00
3.242316924101725784e-01,0.000000000000000000e+00,-6.987249729645462537e+00
3.756321433317859060e-01,0.000000000000000000e+00,-6.984892158514632854e+00
4.258686846766703282e-01,0.000000000000000000e+00,-6.982410558410305335e+00
4.747671632376137540e-01,0.000000000000000000e+00,-6.979858278431529506e+00
5.221174856220012206e-01,0.000000000000000000e+00,-6.977168834937297781e+00
5.676528377954559446e-01,0.000000000000000000e+00,-6.974131880465525235e+00
6.111425101007523786e-01,0.000000000000000000e+00,-6.970829967633910051e+00
6.524281307806752972e-01,0.000000000000000000e+00,-6.967314099683948214e+00
6.914068545885464490e-01,0.000000000000000000e+00,-6.963646838747360235e+00
7.279332584377835591e-01,0.000000000000000000e+00,-6.959930791448231346e+00
7.617209496594763429e-01,0.000000000000000000e+00,-6.956147817391620691e+00
7.923583959496159901e-01,0.000000000000000000e+00,-6.952280762609431619e+00
8.193620459908829146e-01,0.000000000000000000e+00,-6.948217155915432208e+00
8.422845666077083404e-01,0.000000000000000000e+00,-6.944035883065544645e+00
8.607926974040576162e-01,0.000000000000000000e+00,-6.939997755802611579e+00
8.746486117655489778e-01,0.000000000000000000e+00,-6.936241451136813119e+00
8.837739873146932545e-01,0.000000000000000000e+00,-6.932991968661414539e+00
8.882179118107977889e-01,0.000000000000000000e+00,-6.930371620356912565e+00
8.880759334291958851e-01,0.000000000000000000e+00,-6.928382612268133123e+00
8.834656383011718628e-01,0.000000000000000000e+00,-6.927070408502447485e+00
8.745085374090286745e-01,0.000000000000000000e+00,-6.926497313273623391e+00
8.614111372410706569e-01,0.000000000000000000e+00,-6.926915562159918771e+00
8.444518077505652753e-01,0.000000000000000000e+00,-6.928476318032354975e+00
8.239171101599278568e-01,0.000000000000000000e+00,-6.931238545643815030e+00
8.000219801779425710e-01,0.000000000000000000e+00,-6.935302956689199050e+00
7.727743621933007567e-01,0.000000000000000000e+00,-6.940386858617344501e+00
7.420373664978792139e-01,0.000000000000000000e+00,-6.946108478505492734e+00
7.076867706590688201e-01,0.000000000000000000e+00,-6.952206673255033387e+00
6.696735923556844661e-01,0.000000000000000000e+00,-6.958345381134273033e+00
6.280693806749959585e-01,0.000000000000000000e+00,-6.964359450093271953e+00
5.830171133158563723e-01,0.000000000000000000e+00,-6.970160651116791506e+00
5.346925536390222389e-01,0.000000000000000000e+00,-6.975682823349245609e+00
4.833369995722078816e-01,0.000000000000000000e+00,-6.980815097712108397e+00
4.292782334232755348e-01,0.000000000000000000e+00,-6.985276515607672820e+00
3.729818566920159451e-01,0.000000000000000000e+00,-6.988943668823186073e+00
3.150121335056493832e-01,0.000000000000000000e+00,-6.991714923856944708e+00
2.559808919345861744e-01,0.000000000000000000e+00,-6.993554947297251800e+00
1.965053186862342482e-01,0.000000000000000000e+00,-6.994674396683585371e+00
1.371220029978261201e-01,0.000000000000000000e+00,-6.995200891583309044e+00
7.822252413824726247e-02,0.000000000000000000e+00,-6.995206397204456472e+00
2.003712020948067440e-02,0.000000000000000000e+00,-6.994664884147886674e+00
-3.729075766179431456e-02,0.000000000000000000e+00,-6.993573676777051773e+00
-9.359557163652820755e-02,0.000000000000000000e+00,-6.992063301222032123e+00
-1.486189437121154810e-01,0.000000000000000000e+00,-6.990166458694154095e+00
-2.020686194710472616e-01,0.000000000000000000e+00,-6.988120791501643225e+00
-2.537039659176005824e-01,0.000000000000000000e+00,-6.986149699603379837e+00
-3.033310306964535075e-01,0.000000000000000000e+00,-6.984213616349899567e+00
-3.507645148515406430e-01,0.000000000000000000e+00,-6.982365086132960030e+00
-3.957379792714570965e-01,0.000000000000000000e+00,-6.980561816003004516e+00
-4.379034992562824691e-01,0.000000000000000000e+00,-6.978743745851772928e+00
-4.769474013703089432e-01,0.000000000000000000e+00,-6.977006395728746035e+00
-5.126644559587002492e-01,0.000000000000000000e+00,-6.975440984617772955e+00
-5.449977725443212462e-01,0.000000000000000000e+00,-6.974158940253654571e+00
-5.739901007212915296e-01,0.000000000000000000e+00,-6.973082853684251070e+00
-5.997603360270638007e-01,0.000000000000000000e+00,-6.972074068419073178e+00
-6.225098083274912542e-01,0.000000000000000000e+00,-6.971040192958621873e+00
-6.424724110373458696e-01,0.000000000000000000e+00,-6.969776620687492930e+00
-6.599138796833697862e-01,0.000000000000000000e+00,-6.968292625279713270e+00
-6.750900289311916325e-01,0.000000000000000000e+00,-6.966743987219695455e+00
-6.882284661372380929e-01,0.000000000000000000e+00,-6.965277323857328007e+00
-6.995333131732218712e-01,0.000000000000000000e+00,-6.964039210594619611e+00
-7.091403182530559013e-01,0.000000000000000000e+00,-6.963014340062199992e+00
-7.170549146624659587e-01,0.000000000000000000e+00,-6.962172313231776322e+00
-7.230930336008958292e-01,0.000000000000000000e+00,-6.961374462527202489e+00
-7.269517603915465198e-01,0.000000000000000000e+00,-6.960531896678542552e+00
-7.283686666001214505e-01,0.000000000000000000e+00,-6.959890181717943491e+00
-7.271975223177595815e-01,0.000000000000000000e+00,-6.959571571752253050e+00
-7.234225551436788137e-01,0.000000000000000000e+00,-6.959643329758510077e+00
-7.170927111402910503e-01,0.000000000000000000e+00,-6.960222387494775731e+00
-7.082231653597956811e-01,0.000000000000000000e+00,-6.961219740127907230e+00
-6.968185246626172891e-01,0.000000000000000000e+00,-6.962543944348237979e+00
-6.829196622233053571e-01,0.000000000000000000e+00,-6.964110170160036084e+00
-6.666273554713697536e-01,0.000000000000000000e+00,-6.965884292398544453e+00
-6.480718484956364822e-01,0.000000000000000000e+00,-6.967896872360689997e+00
-6.273401866971022312e-01,0.000000000000000000e+00,-6.970070382283159560e+00
-6.044621789746735807e-01,0.000000000000000000e+00,-6.972386500564414114e+00
-5.793959249160924863e-01,0.000000000000000000e+00,-6.974717096385317561e+00
-5.520295255059479711e-01,0.000000000000000000e+00,-6.976822809826920491e+00
-5.222245638978132432e-01,0.000000000000000000e+00,-6.978641821651820010e+00
-4.898547967834868122e-01,0.000000000000000000e+00,-6.980154508695413540e+00
-4.548797987577105628e-01,0.000000000000000000e+00,-6.981438365428316750e+00
-4.173907224605100108e-01,0.000000000000000000e+00,-6.982588490727493102e+00
-3.775688430549483110e-01,0.000000000000000000e+00,-6.983663749402515108e+00
-3.356245579646830457e-01,0.000000000000000000e+00,-6.984742618598891895e+00
-2.917397248261891507e-01,0.000000000000000000e+00,-6.985730891806342768e+00
-2.461280476792752636e-01,0.000000000000000000e+00,-6.986661854659907966e+00
-1.991145032703851570e-01,0.000000000000000000e+00,-6.987667076482952488e+00
